match,team,jersey,player_name,team_name,owner_jersey,half,frame_start,frame_end,duration_s,x_start,y_start,x_end,y_end,displacement_m,peak_speed,mean_speed,run_dir,attacking_right,dos,ppcf_baseline,ppcf_with_awareness,direction_class,event_direction_rad,awareness_mean,detection_delay_mean
Bayern_Hamburg,0,38,Alexander Rössing-Lelesiit,Hamburger SV,20,1,3330968,3331177,4.18,4.074676036834717,8.93951416015625,27.47822380065918,1.7161999940872192,24.492903369656823,6.26598193454015,5.8760398711524235,-0.2993661152654831,True,0.012148565164836644,0.4573939136545937,0.46954247881943034,forward,-0.33293488617117273,0.08237740348831718,0.13671061781049676
Bayern_Hamburg,1,2,Dayotchanculle Upamecano,FC Bayern München,44,1,3331143,3331303,3.2,31.833656311035156,-3.600609540939331,46.16162109375,12.231790542602539,21.353113759357285,7.946602247614688,6.721018077430466,0.8352380582775609,False,-0.004539059008300428,0.6360049563632195,0.6314658973549191,sideways,0.6813360154548994,0.3508370218493013,0.080134784413176
Bayern_Hamburg,1,44,Josip Stani&amp;#353;i&amp;#263;,FC Bayern München,27,1,3331356,3331553,3.94,34.535587310791016,-28.47657585144043,14.405381202697754,-20.72770881652832,21.570121424763997,5.857997844522925,5.470105977388435,2.7741384251893644,False,1.2725504539012888e-08,0.6230032734307475,0.623003286156252,forward,2.772790144568855,0.020673849812150844,0.14690788353792963
Bayern_Hamburg,1,6,Joshua Kimmich,FC Bayern München,27,1,3331388,3331538,3.0,35.376590728759766,6.575547695159912,21.009462356567383,13.415252685546875,15.912131913058655,5.667177320872014,5.336590223025654,2.6972747088617908,False,-0.0027307682142477807,0.46664946933442153,0.46391870112017375,diagonal,2.3917524562754555,0.062209071841339655,0.10964629656607229
Bayern_Hamburg,0,11,Ransford-Yeboah Königsdörffer,Hamburger SV,38,1,3331728,3331802,1.48,11.743657112121582,12.78831958770752,19.971200942993164,14.160128593444824,8.341123271906188,6.326232333184596,5.702951956936687,0.16521391972005864,True,0.007510145161908177,0.3571425052202529,0.3646526503821611,diagonal,0.44345032185259364,0.2542316359940344,0.10120423879076633
Bayern_Hamburg,1,7,Serge Gnabry,FC Bayern München,6,1,3332249,3332517,5.36,5.002628803253174,15.203924179077148,-27.332284927368164,6.511395454406738,33.482931496449716,6.948138978254702,6.271766388288029,-2.8789735496686086,False,0.00603820478757211,0.5833614486669468,0.589399653454519,forward,-3.0279507665275527,0.38324042789863294,0.09899344833830656
Bayern_Hamburg,1,4,Jonathan Tah,FC Bayern München,6,1,3332338,3332418,1.6,18.029190063476562,-3.6424524784088135,9.913328170776367,-1.4960285425186157,8.394900236092479,5.414800714869492,5.230961087182089,2.883039684272857,False,2.3738858293875786e-05,0.6323236237060286,0.6323473625643224,forward,2.9249167897618955,0.0,0.03641811499827002
Bayern_Hamburg,1,45,Aleksandar Pavlovi&amp;#263;,FC Bayern München,6,1,3332349,3332410,1.22,3.7686047554016113,10.4992094039917,-2.4309093952178955,9.076086044311523,6.360759058524296,5.381290404095819,5.191195847245298,-2.91594788529,False,0.0005662109076698396,0.4805272074543245,0.4810934183619943,forward,-2.9512224493698067,0.016269171595108937,0.049048452547409076
Bayern_Hamburg,0,11,Ransford-Yeboah Königsdörffer,Hamburger SV,38,1,3335888,3336104,4.32,-43.73068618774414,11.74362850189209,-20.706533432006836,5.37502384185791,23.888715650602375,6.409574673265583,5.792399586960681,-0.2698581120332821,True,0.00421616850201556,0.5327043694155056,0.5369205379175211,forward,0.2421571468948313,0.5499507933401621,0.09296169455530184
Bayern_Hamburg,0,24,Nicolas Capaldo Taboas,Hamburger SV,38,1,3335949,3336197,4.96,-38.91278839111328,-0.17217618227005005,-7.038490295410156,-8.189794540405273,32.86720376348513,8.56276108071309,7.376521806825675,-0.246426292347081,True,0.0028431830800387248,0.6197761931071545,0.6226193761871932,diagonal,0.43485879490501766,0.10494800987171891,0.10768179051876513
Bayern_Hamburg,1,14,Luis Díaz Marulanda,FC Bayern München,27,1,3336090,3336250,3.2,-28.402477264404297,-7.746885776519775,-23.991361618041992,-24.847251892089844,17.660137670248194,6.126655914291312,5.612395866035036,-1.318345241428528,False,0.007763834597148023,0.6256911452901172,0.6334549798872652,sideways,-1.4174935150078112,0.2052338323122724,0.1746076979008975
Bayern_Hamburg,1,2,Dayotchanculle Upamecano,FC Bayern München,27,1,3336143,3336227,1.68,-28.334091186523438,-11.181428909301758,-19.607057571411133,-11.386699676513672,8.729447394146545,5.398183869628177,5.214608226491753,-0.02351691691794765,False,0.0019854758783147686,0.5733046107018989,0.5752900865802136,sideways,-0.2215561300203589,0.11601889989179891,0.04848416410475494
Bayern_Hamburg,1,27,Konrad Laimer,FC Bayern München,45,1,3336164,3336311,2.94,-15.188157081604004,9.512480735778809,0.8130666613578796,12.26162338256836,16.235668959569363,5.873568040558133,5.508920854533434,0.17014711398531798,False,0.00551833271018265,0.6229533063920728,0.6284716391022555,sideways,0.1759860417776901,0.1911945242953351,0.08826249988030485
Bayern_Hamburg,1,6,Joshua Kimmich,FC Bayern München,45,1,3336164,3336282,2.36,-14.21972370147705,23.50609016418457,-1.2065666913986206,25.65130043029785,13.18879002997588,6.033763241386926,5.590367231740834,0.16337994242255832,False,2.2807709221805972e-05,0.6165638987122719,0.6165867064214937,sideways,0.14056025390874602,0.06646437632258731,0.08333722716674402
Bayern_Hamburg,1,4,Jonathan Tah,FC Bayern München,14,1,3337948,3338035,1.74,-5.091152667999268,-19.339075088500977,4.484309673309326,-19.926937103271484,9.593490542979083,6.083168785652765,5.535692853435511,-0.061315589800978613,False,0.0010196813849104869,0.5424430851872591,0.5434627665721696,sideways,-0.27465302262470465,0.45439032301906773,0.02989686410905642
Bayern_Hamburg,1,7,Serge Gnabry,FC Bayern München,6,1,3338317,3338408,1.82,-19.015071868896484,4.088323593139648,-26.777576446533203,12.479857444763184,11.431286791117381,7.1687510009509365,6.325731396919697,2.317274709393444,False,0.007484495324481255,0.508106820612307,0.5155913159367883,diagonal,2.0566580302969397,0.3081051522483106,0.11090483727066931
Bayern_Hamburg,1,9,Harry Kane,FC Bayern München,6,1,3338336,3338414,1.56,-22.616952896118164,-3.0786237716674805,-29.64378547668457,2.2180094718933105,8.7994715655034,6.145949560224401,5.640006425077769,2.495681506093574,False,0.001607802500515787,0.38001651945644654,0.38162432195696233,diagonal,2.339889810665027,0.14286742419456727,0.11491696632334328
Bayern_Hamburg,1,44,Josip Stani&amp;#353;i&amp;#263;,FC Bayern München,6,1,3338342,3338411,1.38,-21.399023056030273,-15.083638191223145,-27.523122787475586,-10.150190353393555,7.864064158517147,6.163358052092457,5.6706035577441085,2.463458959570187,False,0.00036784176878879027,0.43141221196399976,0.43178005373278855,diagonal,2.261721631240243,0.04633409953994923,0.11429930989529118
Bayern_Hamburg,1,27,Konrad Laimer,FC Bayern München,17,1,3338533,3338690,3.14,-25.939908981323242,28.587995529174805,-42.7084846496582,31.209604263305664,16.972270393189785,6.42200119691267,5.758756157705593,2.9865074981085638,False,0.04978431822936402,0.6181989357709046,0.6679832540002686,forward,-2.9371453407498946,0.446922558750788,0.18555185959184126
Bayern_Hamburg,1,44,Josip Stani&amp;#353;i&amp;#263;,FC Bayern München,27,1,3338684,3338755,1.42,-32.52546691894531,-3.1138904094696045,-39.7142333984375,-0.9729047417640686,7.500812164425331,5.513545465991884,5.266365082925102,2.8521335772977165,False,0.034558684176665244,0.45075696870314297,0.4853156528798082,forward,2.996332022121597,0.013189391472983899,0.13865685935504424
Bayern_Hamburg,0,38,Alexander Rössing-Lelesiit,Hamburger SV,11,1,3342081,3342146,1.3,3.3512380123138428,17.464523315429688,10.259223937988281,19.538394927978516,7.21257325887592,5.851706748255937,5.528566743227338,0.29165278464211675,True,0.015914910955873163,0.4470974400923978,0.463012351048271,forward,0.15809500982834265,0.15860078603023203,0.3352262410390829
Bayern_Hamburg,0,44,Luka Vu&amp;#353;kovi&amp;#263;,Hamburger SV,1,1,3342596,3342643,0.94,-22.64720916748047,-4.28609037399292,-27.185195922851562,-2.180152416229248,5.002829047036616,5.533602391306726,5.339965871197272,2.7071009210572843,True,0.002720906612514229,0.6204915451903917,0.623212451802906,sideways,2.4678611325262088,0.340029181424187,0.02923885655480042
Bayern_Hamburg,0,22,Aboubaka Soumahoro,Hamburger SV,1,1,3342720,3342821,2.02,-30.854366302490234,11.105328559875488,-21.616565704345703,6.477723598480225,10.332070826790218,5.43758805972709,5.220664187589504,-0.4644011546875817,True,0.0013645240958101157,0.5870782591363428,0.5884427832321529,diagonal,-0.8297700277702038,0.08924046499254001,0.19055555594022835
Bayern_Hamburg,0,24,Nicolas Capaldo Taboas,Hamburger SV,1,1,3342741,3342852,2.22,-13.187142372131348,-8.958186149597168,-0.3605380952358246,-3.1026570796966553,14.099964466782335,7.251711314494532,6.344026472330805,0.42825804816277546,True,0.015573143650580379,0.6053984799052083,0.6209716235557887,forward,0.3827071356637683,0.36066891198877626,0.11384147708089441
Bayern_Hamburg,0,28,Miro Muheim,Hamburger SV,1,1,3342766,3342816,1.0,-8.413023948669434,9.70927619934082,-4.113376140594482,6.70258092880249,5.2466358481755995,5.435362929441981,5.2243375858616945,-0.6102484448463265,True,0.007468201252710416,0.5716677469661133,0.5791359482188237,diagonal,-0.7134001149557007,0.16534515531524818,0.16370709757418073
Bayern_Hamburg,0,28,Miro Muheim,Hamburger SV,24,1,3342938,3343076,2.76,4.559814453125,6.66544771194458,18.583871841430664,15.248205184936523,16.44195582863212,7.183463963282149,6.139755750887031,0.5491981195185477,True,0.010943223106713529,0.40923459376403554,0.42017781687074907,forward,0.15018962617582127,0.34766970294067095,0.07600905791074589
Bayern_Hamburg,0,38,Alexander Rössing-Lelesiit,Hamburger SV,22,1,3344572,3344734,3.24,1.8935190439224243,20.831642150878906,14.916991233825684,29.718881607055664,15.766859326847834,7.067022546106978,6.156892499466799,0.5988171193737519,True,0.04567348443210406,0.543210699207714,0.5888841836398181,diagonal,-0.7592369030715053,0.22127760183102457,0.3051692163319921
Bayern_Hamburg,1,17,Michael Olise,FC Bayern München,27,1,3346719,3346786,1.34,-28.844451904296875,21.733943939208984,-34.40998840332031,27.48948097229004,8.006335182911688,6.778585052179053,6.021290586984127,2.339413157782796,False,0.007868488942007312,0.4175070077143013,0.42537549665630864,diagonal,2.3313871574630056,0.32817598766081,0.03933917652223501
Bayern_Hamburg,0,2,William Mikelbrencis,Hamburger SV,38,1,3346908,3347001,1.86,-31.689456939697266,-7.602685451507568,-22.047199249267578,-10.059480667114258,9.950325426843001,5.750724508163216,5.336660324721213,-0.24948611459728418,True,-0.0008318103476569472,0.46623894760384516,0.4654071372561882,forward,-0.23191721398421034,0.02892390732603154,0.23917026037024272
Bayern_Hamburg,0,38,Alexander Rössing-Lelesiit,Hamburger SV,28,1,3349923,3350011,1.76,-14.553528785705566,18.73002815246582,-6.58448600769043,25.52854347229004,10.474991806761464,6.891629434974275,5.951736453565871,0.706300096203121,True,-0.001434492819090638,0.26360572677832594,0.2621712339592353,diagonal,1.014438071776571,0.4890296222121439,0.026811070278527457
Bayern_Hamburg,0,11,Ransford-Yeboah Königsdörffer,Hamburger SV,24,1,3353475,3353558,1.66,-2.490285634994507,13.793571472167969,6.800961971282959,11.455714225769043,9.580858969095448,6.240468691115612,5.804535754489961,-0.2465021313400736,True,0.052298432681613494,0.4448701928772613,0.4971686255588748,diagonal,-0.5006957684742429,0.28395964976515536,0.2049108535966016
Bayern_Hamburg,1,14,Luis Díaz Marulanda,FC Bayern München,4,1,3354922,3354974,1.04,-20.931333541870117,-18.761791229248047,-19.87696075439453,-23.97270965576172,5.31651886319881,5.277517395466055,5.144049308452818,-1.3711526026065333,False,-1.3986151298162053e-05,0.49851727096766085,0.4985032848163627,sideways,-1.7657596712088346,0.3538558817588516,0.026816963327399457
Bayern_Hamburg,1,2,Dayotchanculle Upamecano,FC Bayern München,44,1,3355059,3355148,1.78,5.543623924255371,-20.378314971923828,14.760690689086914,-18.739700317382812,9.361590555746325,5.691194001653881,5.403620210669786,0.17594225549784323,False,-0.0024998395808774054,0.5539795653895789,0.5514797258087015,sideways,-0.2754960055077189,0.44550063939973317,0.013532887547563516
Bayern_Hamburg,1,6,Joshua Kimmich,FC Bayern München,4,1,3355093,3355356,5.26,3.629704713821411,0.5114095211029053,29.842374801635742,12.097514152526855,28.659063028349333,6.536397913039882,5.7561493163644855,0.41618457533497377,False,2.606221462120306e-05,0.6168487991135346,0.6168748613281558,sideways,-0.140247990764681,0.21537061844562058,0.027093775415261312
Bayern_Hamburg,1,27,Konrad Laimer,FC Bayern München,4,1,3355159,3355319,3.2,-5.655142784118652,14.199813842773438,10.062219619750977,19.842933654785156,16.69970904379156,5.426880439048624,5.226209470153054,0.3447030960871114,False,0.00521151816712051,0.54379534985771,0.5490068680248306,sideways,0.27645749569513356,0.01792391606029271,0.031151947172575564
Bayern_Hamburg,1,2,Dayotchanculle Upamecano,FC Bayern München,4,1,3355185,3355243,1.16,17.561681747436523,-16.329132080078125,20.839080810546875,-11.468005180358887,5.862755269841185,5.253497552954886,5.0900033285781054,0.9775925940766383,False,-0.0016921132224881896,0.5015507333991382,0.49985862017665006,sideways,0.7827790974958182,0.4734328580799901,0.07770450673936029
Bayern_Hamburg,1,45,Aleksandar Pavlovi&amp;#263;,FC Bayern München,1,1,3355357,3355445,1.76,11.710857391357422,-1.1920523643493652,16.730253219604492,6.541380882263184,9.219562042767347,5.650226488900008,5.355344407980643,0.9950882355162562,False,-0.00039490013352039277,0.44705224538647353,0.44665734525295314,sideways,0.6261578078346028,0.2781043773336927,0.021415441657475612
Bayern_Hamburg,1,7,Serge Gnabry,FC Bayern München,4,1,3355887,3355962,1.5,6.419571399688721,-5.066819190979004,0.20574285089969635,-9.533357620239258,7.65255713953213,5.404391410757197,5.181440529420226,-2.5183562741918313,False,0.0009343913423550676,0.7542898992642674,0.7552242906066224,diagonal,-2.2364217938159707,0.1732524348436948,0.061683549936877705
Bayern_Hamburg,1,9,Harry Kane,FC Bayern München,45,1,3356405,3356522,2.34,-19.399028778076172,5.2753143310546875,-31.264795303344727,11.900567054748535,13.590084211843447,6.239233422173265,5.810219992440038,2.632361177828306,False,0.00832733954347703,0.4400107662471733,0.4483381057906503,diagonal,2.5041968478841232,0.20820459707212227,0.0709168061072226
Bayern_Hamburg,1,45,Aleksandar Pavlovi&amp;#263;,FC Bayern München,9,1,3357244,3357351,2.14,-33.85551071166992,12.375828742980957,-45.96815872192383,7.879786014556885,12.920164164441676,7.2899192155428425,6.067020348956653,-2.7861701409866337,False,0.016034633312816293,0.4201984710152499,0.43623310432806617,diagonal,-2.6185981874954933,0.41938206821722396,0.1290450830025346
Bayern_Hamburg,1,14,Luis Díaz Marulanda,FC Bayern München,9,1,3357324,3357370,0.92,-43.057472229003906,-1.4917523860931396,-48.22419357299805,-1.3839571475982666,5.1678457078290165,6.079149694877599,5.653558181911964,3.1207323061820333,False,0.01720547158089808,0.40145083453500335,0.41865630611590143,forward,2.9122277890587918,0.27661153342036743,0.10032782782264217
Bayern_Hamburg,0,11,Ransford-Yeboah Königsdörffer,Hamburger SV,24,1,3361382,3361713,6.62,9.924838066101074,7.977090358734131,52.055206298828125,18.927461624145508,43.530202828329706,8.677669017481323,7.157661400711694,0.25428969764277193,True,0.01686543954640707,0.34505608702972235,0.3619215265761294,diagonal,1.0694080708715985,0.15952746992262273,0.05860250284757939
Bayern_Hamburg,0,20,Fábio Ferreira Vieira,Hamburger SV,28,1,3361519,3361811,5.84,7.756309509277344,-1.249752402305603,42.72820281982422,-6.672871112823486,35.38987903727056,7.4615001857355185,6.443117699934277,-0.15384541701972063,True,0.009616617007798256,0.5444245079514437,0.554041124959242,forward,0.1443734051374407,0.09689576746150387,0.06197508749984248
Bayern_Hamburg,0,2,William Mikelbrencis,Hamburger SV,28,1,3361549,3361815,5.32,13.112128257751465,-24.266366958618164,45.021766662597656,-16.16268539428711,32.922555763854575,7.382655239305079,6.247259354467413,0.24869957961814548,True,6.067482216165487e-05,0.6226432152419712,0.6227038900641328,forward,0.3147751111804051,0.00445829801005129,0.04890615380187027
Bayern_Hamburg,0,24,Nicolas Capaldo Taboas,Hamburger SV,28,1,3361588,3361802,4.28,2.641880989074707,18.738370895385742,26.04104232788086,6.821000099182129,26.259178929541708,7.159308895429175,6.345169760253715,-0.4710659368374971,True,0.0008643539430681635,0.6081499548632717,0.6090143088063399,forward,-0.092851769624916,0.08898663024986449,0.05214121930135114
Bayern_Hamburg,0,21,Nicolai Remberg,Hamburger SV,11,1,3361756,3361913,3.14,16.957042694091797,3.6865856647491455,24.092918395996094,-13.026375770568848,18.172611314047703,6.262903668338586,5.844264228317036,-1.1672611626641778,True,-7.135779656286534e-05,0.6330169382091226,0.6329455804125598,diagonal,-0.697854759671387,0.06950082185939256,0.07497137213277737
Bayern_Hamburg,1,17,Michael Olise,FC Bayern München,14,1,3363365,3363605,4.8,27.698490142822266,-0.3691476285457611,-1.604361891746521,5.639423847198486,29.91254032239588,6.843065834908685,6.237717026248778,2.9393453641349274,False,0.015193369233988951,0.533781209643301,0.54897457887729,forward,2.7850123001606386,0.06804810102153923,0.1462993632707731
Bayern_Hamburg,1,27,Konrad Laimer,FC Bayern München,9,1,3363778,3364204,8.52,8.780486106872559,8.241333961486816,-38.81744384765625,17.465747833251953,48.48353068036448,7.677952744635304,6.310000260906085,2.950166993028123,False,0.012554502632555975,0.5631951675118018,0.5757496701443577,diagonal,2.53858606313822,0.18745515194881596,0.14805938072367855
Bayern_Hamburg,1,17,Michael Olise,FC Bayern München,9,1,3363826,3364101,5.5,-10.071885108947754,18.3708438873291,-49.590633392333984,34.773902893066406,42.787753044899915,9.347588442519243,7.858901774105758,2.748162515673398,False,0.0021784711847773197,0.6101384106498424,0.6123168818346197,diagonal,2.4953043121671032,0.1460621896317578,0.14880513830880646
Bayern_Hamburg,1,14,Luis Díaz Marulanda,FC Bayern München,9,1,3363852,3363991,2.78,-10.549270629882812,-7.780223846435547,-23.139598846435547,0.14154285192489624,14.875172342657965,5.599861443364022,5.3586701942394805,2.5799826717146623,False,0.0023525779928861845,0.33215570911608594,0.3345082871089721,diagonal,2.4087610808250863,0.21973190386673613,0.040387973733490574
Bayern_Hamburg,1,6,Joshua Kimmich,FC Bayern München,17,1,3364080,3364270,3.8,-7.347933292388916,5.0221476554870605,-26.756113052368164,12.8409423828125,20.923933487366096,6.3018780431564965,5.674690235857267,2.7586225093533816,False,0.0005179549470304412,0.7508694833850691,0.7513874383320995,diagonal,2.632178063240435,0.0045260740931969785,0.04301949424032297
Bayern_Hamburg,0,38,Alexander Rössing-Lelesiit,Hamburger SV,24,1,3364540,3364648,2.16,-26.755361557006836,22.27364730834961,-13.119990348815918,25.59454345703125,14.033948097933468,7.700118957366104,6.56282290742656,0.23889902600784646,True,-0.00027778654625593147,0.34930116240932013,0.3490233758630642,diagonal,0.569398428230378,0.22676865794722503,0.049673152931628835
Bayern_Hamburg,1,27,Konrad Laimer,FC Bayern München,17,1,3366191,3366251,1.2,-28.24651527404785,19.95989418029785,-34.310874938964844,17.788427352905273,6.441407169861142,5.562951627042397,5.352361619957961,-2.7977464639847915,False,0.0325257040608975,0.5638814572846466,0.5964071613455441,forward,-2.855333535721626,0.15365711935672083,0.2071277337176192
Bayern_Hamburg,1,17,Michael Olise,FC Bayern München,9,1,3367987,3368179,3.84,-26.917604446411133,14.164257049560547,-35.348445892333984,-6.438666820526123,22.261167073693095,6.934969358739486,6.09481363543947,-1.9592136895455663,False,0.0020046048867005672,0.3646825438585581,0.36668714874525865,diagonal,-2.17495986543206,0.5534315720393039,0.09532998386135455
Bayern_Hamburg,1,7,Serge Gnabry,FC Bayern München,9,1,3367987,3368103,2.32,-24.20592498779297,16.49747085571289,-37.240699768066406,12.317519187927246,13.68858464259459,6.931680039890875,6.122667881995895,-2.8312757710851155,False,0.039370426589079854,0.5457074536778072,0.585077880266887,forward,2.9055669731071463,0.48688501501912057,0.11952342872422984
Bayern_Hamburg,1,44,Josip Stani&amp;#353;i&amp;#263;,FC Bayern München,9,1,3367998,3368155,3.14,-23.982318878173828,-6.338361740112305,-42.339176177978516,1.764219045639038,20.065543234984183,7.672687163835339,6.601294334673255,2.725919664116179,False,0.010336517305464588,0.4805412770385037,0.4908777943439683,diagonal,2.716790887654278,0.14297748438889146,0.13318400265794558
Bayern_Hamburg,1,27,Konrad Laimer,FC Bayern München,17,1,3368003,3368085,1.64,-31.07171058654785,21.489391326904297,-37.10633850097656,14.366095542907715,9.335849018268542,6.133158642904877,5.6957741828399815,-2.273643942894999,False,0.009581625333910715,0.6321281818421716,0.6417098071760823,diagonal,-2.398118043915398,0.2783988618114778,0.1086808594090897
Bayern_Hamburg,1,27,Konrad Laimer,FC Bayern München,6,1,3368897,3368952,1.1,-39.91575241088867,30.051372528076172,-45.69428634643555,31.010961532592773,5.857667240621988,5.788681635694096,5.382506225185443,2.9770333513889313,False,4.4292192143136067e-05,0.49107569507072374,0.4911199872628669,forward,2.9333644052814254,0.3863386382421709,0.11574468640110944
Bayern_Hamburg,1,27,Konrad Laimer,FC Bayern München,6,1,3369177,3369230,1.06,-39.9793701171875,30.676481246948242,-34.42792510986328,29.111572265625,5.767796961507153,5.670793531372547,5.438419968456259,-0.274762465318908,False,-0.0008268893127451604,0.47865911908569814,0.477832229772953,sideways,-0.18711513056794143,0.38510958999792244,0.09658261676096545
Bayern_Hamburg,1,44,Josip Stani&amp;#353;i&amp;#263;,FC Bayern München,17,1,3370420,3370502,1.64,-23.961376190185547,-26.138214111328125,-34.23775100708008,-26.96611976623535,10.309670564607362,7.339428196650362,6.254358124086196,-3.061202299606952,False,0.003834995695633392,0.5297628608352097,0.5335978565308431,forward,-3.1369424630809615,0.47105457013178764,0.11679578739505865
Bayern_Hamburg,1,14,Luis Díaz Marulanda,FC Bayern München,45,1,3373904,3373969,1.3,-29.186199188232422,26.147157669067383,-32.22099685668945,19.90926170349121,6.9369548770208755,5.488866765057534,5.32764961340116,-2.0235936697275654,False,0.03541090758119081,0.5446391905910629,0.5800500981722537,sideways,-1.875205997696485,0.28131542383329927,0.21369220090511806
Bayern_Hamburg,1,14,Luis Díaz Marulanda,FC Bayern München,44,1,3374078,3374156,1.56,-36.012672424316406,9.819890022277832,-42.41653823852539,3.4394381046295166,9.03989292192206,6.694528350878953,5.9823481773411595,-2.358025942669772,False,0.008197188126534916,0.395045511101453,0.4032426992279879,diagonal,-1.9639931787550855,0.07097176382454745,0.15244892449444558
Bayern_Hamburg,0,38,Alexander Rössing-Lelesiit,Hamburger SV,22,1,3374288,3374412,2.48,-25.41757583618164,-17.363590240478516,-14.512404441833496,-25.626466751098633,13.682028043015652,6.27169512678293,5.648303279807708,-0.6484125621129778,True,0.005392490565827801,0.5045041134323294,0.5098966039981572,diagonal,-1.1188088596636503,0.4963385117828966,0.06366330595008265
Bayern_Hamburg,0,11,Ransford-Yeboah Königsdörffer,Hamburger SV,2,1,3374296,3374419,2.46,-14.90566635131836,-0.7194476127624512,-1.0575238466262817,6.494847774505615,15.614644048617205,7.185267220974004,6.334660907396626,0.4802727920904683,True,0.03887308841383896,0.43629782047306065,0.4751709088868996,forward,0.21359991799396538,0.09452538879418303,0.2973073095771787
Bayern_Hamburg,1,44,Josip Stani&amp;#353;i&amp;#263;,FC Bayern München,9,1,3374353,3374423,1.4,-19.19365119934082,-19.92963409423828,-13.136785507202148,-24.255599975585938,7.443090945245159,5.6078030056603785,5.337649634637483,-0.6202093895297228,False,0.011516851392895378,0.4890685333352607,0.5005853847281561,sideways,-0.5013990741219196,0.3609697892817937,0.05739046349427144
Bayern_Hamburg,0,28,Miro Muheim,Hamburger SV,17,1,3376079,3376157,1.56,-3.8082189559936523,4.779480934143066,1.8695380687713623,11.86253833770752,9.077809593423828,6.1130368008017015,5.820245524617318,0.8950824088785472,True,0.009259560642755627,0.4072904806668121,0.41655004130956774,diagonal,0.9667344757381714,0.3913778654886787,0.1160926817786271
Bayern_Hamburg,0,20,Fábio Ferreira Vieira,Hamburger SV,17,1,3376106,3376185,1.58,-4.620528697967529,-14.473799705505371,3.7868523597717285,-12.613828659057617,8.610664814267063,5.74456571523499,5.43239084490028,0.2177239137029167,True,0.016258283144435892,0.423500014051969,0.4397582971964049,forward,0.071909330008181,0.3189848706879799,0.15144579253553508
Bayern_Hamburg,0,21,Nicolai Remberg,Hamburger SV,1,1,3377402,3377483,1.62,-10.096414566040039,9.528157234191895,-18.52429962158203,6.469890594482422,8.965614387703049,6.168917085169573,5.676388208075545,-2.793494485033674,True,0.0026768898685129994,0.4303070924271434,0.4329839822956564,sideways,-2.3271608858277846,0.19069397392441784,0.0747009185451518
Bayern_Hamburg,1,17,Michael Olise,FC Bayern München,9,1,3377668,3377809,2.82,-16.605119705200195,25.82588005065918,-27.704723358154297,11.575285911560059,18.063239869137494,6.9982558261936125,6.420257712737814,-2.2325303045940292,False,0.0024881122559973212,0.34322649443747794,0.34571460669347526,diagonal,-2.4735029888622804,0.6574249110498644,0.08438399498639829
Bayern_Hamburg,1,7,Serge Gnabry,FC Bayern München,9,1,3377730,3377797,1.34,-27.869298934936523,13.35509967803955,-35.49658966064453,12.66720962524414,7.658247615427844,6.251735270200496,5.6816550599927975,-3.051647998711318,False,-0.0032079848896887087,0.4011607355348828,0.3979527506451941,forward,-2.9851540824760856,0.2573313130271408,0.13269496931156763
Bayern_Hamburg,0,11,Ransford-Yeboah Königsdörffer,Hamburger SV,24,1,3377943,3377995,1.04,-0.5821762084960938,-5.951104640960693,-1.664623737335205,-0.4739476144313812,5.583094280589332,5.582177914374205,5.340361429762958,1.765911475683802,True,0.0074039421041620646,0.5703077742486973,0.5777117163528593,sideways,1.9428521478345568,0.13508980625583714,0.22427077889004715
Bayern_Hamburg,0,20,Fábio Ferreira Vieira,Hamburger SV,24,1,3378025,3378134,2.18,-12.11125659942627,-5.661590576171875,-0.6516809463500977,-11.095786094665527,12.682758181160464,6.500403617744282,5.860422914694765,-0.44280001841560135,True,-0.013023889441795833,0.3625030174822415,0.3494791280404457,diagonal,-0.7509208988113365,0.1872712343952972,0.14970138763005322
Bayern_Hamburg,1,4,Jonathan Tah,FC Bayern München,45,1,3380742,3380819,1.54,-1.7483904361724854,-13.663986206054688,-0.9311952590942383,-22.780147552490234,9.152715752807223,6.728303255144498,5.940887503509656,-1.4813928258590572,False,-0.0009229616121330109,0.41807899347720257,0.41715603186506955,sideways,-1.6099041030640193,0.646755669628964,0.025601513212295226
Bayern_Hamburg,1,27,Konrad Laimer,FC Bayern München,6,1,3381770,3381860,1.8,-18.9968204498291,19.780067443847656,-28.532320022583008,15.617714881896973,10.404370761942664,6.3429508351123305,5.792643383126067,-2.730012439178324,False,0.01564983689852434,0.4505785653846082,0.46622840228313256,forward,-2.9754588761687777,0.22059421160569537,0.22927954378679224
Bayern_Hamburg,0,2,William Mikelbrencis,Hamburger SV,21,1,3382960,3383201,4.82,8.36186695098877,-31.623462677001953,36.69386291503906,-19.31591796875,30.889766137874574,7.817479836760304,6.642724304728487,0.4098092461427931,True,0.01789518658355027,0.6021991115926145,0.6200942981761648,forward,-0.023535700696781306,0.27732567637271704,0.20942949273673303
Bayern_Hamburg,0,11,Ransford-Yeboah Königsdörffer,Hamburger SV,2,1,3383067,3383199,2.64,14.006856918334961,-2.084523916244507,34.4249382019043,-1.6924666166305542,20.42184497611871,9.277485099203997,7.689113862212821,0.019199116773859378,True,0.0020573336775325246,0.4114619171553013,0.4135192508328338,forward,-0.27130274519076514,0.21436587034825172,0.04155460367015618
Bayern_Hamburg,0,20,Fábio Ferreira Vieira,Hamburger SV,2,1,3383079,3383197,2.36,-0.7832523584365845,-25.854047775268555,11.73102855682373,-24.760875701904297,12.561936634453783,5.863233942145627,5.446662449893386,0.08713278698991302,True,0.006937922175456468,0.46330793275121157,0.47024585492666804,forward,-0.348824246000353,0.13154348064704505,0.042130286015848104
Bayern_Hamburg,0,24,Nicolas Capaldo Taboas,Hamburger SV,2,1,3383117,3383198,1.62,-4.6982808113098145,-4.726047515869141,5.00602388381958,-2.421661853790283,9.974152740734676,6.728632055125129,6.119149561126661,0.23314207939802198,True,0.004451009066571365,0.5299113279285692,0.5343623369951406,forward,0.23492249175576851,0.0775926930584655,0.08102177560970501
Bayern_Hamburg,0,38,Alexander Rössing-Lelesiit,Hamburger SV,2,1,3383142,3383197,1.1,11.239057540893555,24.62355613708496,16.82921028137207,22.066356658935547,6.147282068762348,5.816908293180906,5.559715568638919,-0.42902969820319736,True,3.9272275356272424e-05,0.6273875700735645,0.6274268423489208,diagonal,-0.4612055810472471,0.051163134938907166,0.08544697910685396
Bayern_Hamburg,0,11,Ransford-Yeboah Königsdörffer,Hamburger SV,2,1,3383233,3383309,1.52,40.584320068359375,-0.7848952412605286,51.11967086791992,3.3862619400024414,11.331026815809885,8.92656218417293,7.338853100966224,0.37698428459449346,True,0.030265074848776052,0.4100075080205022,0.44027258286927823,forward,0.2683685398109146,0.24617934200150443,0.08062196071148307
Bayern_Hamburg,0,24,Nicolas Capaldo Taboas,Hamburger SV,2,1,3383233,3383442,4.18,9.678729057312012,-1.5367000102996826,37.70041275024414,0.040042854845523834,28.06600924694362,7.090039209569772,6.716154818935307,0.05620939703118147,True,0.00282832362378016,0.47683663075041405,0.4796649543741942,forward,0.17597163735989602,0.06127323316921179,0.07846119570891671
Bayern_Hamburg,0,38,Alexander Rössing-Lelesiit,Hamburger SV,2,1,3383235,3383329,1.88,20.91754722595215,20.504676818847656,30.441251754760742,16.97241973876953,10.157646776286885,5.83837041443587,5.385076856366117,-0.3551634742002982,True,0.00030767452680491303,0.62172620982982,0.6220338843566249,forward,-0.3502358998604903,0.018546778862203628,0.07498517594038032
Bayern_Hamburg,0,20,Fábio Ferreira Vieira,Hamburger SV,2,1,3383235,3383416,3.62,15.93986701965332,-23.018085479736328,32.89342498779297,-6.938338279724121,23.36624483727267,7.194441534149356,6.568927260450876,0.7589519135123612,True,0.0022917177683553502,0.4820990942266746,0.4843908119950299,forward,0.38889522879657373,0.15448617279733998,0.07559830973096153
Bayern_Hamburg,1,4,Jonathan Tah,FC Bayern München,45,1,3384493,3384575,1.64,26.32733726501465,-14.57558536529541,33.80929183959961,-20.109472274780273,9.306102760184887,6.225389233544817,5.6648002384445295,-0.6368319714719826,False,-0.00014658029563896502,0.47605993393753565,0.4759133536418967,sideways,-0.658817275751915,0.2849847272787182,0.04745862886103012
Bayern_Hamburg,1,45,Aleksandar Pavlovi&amp;#263;,FC Bayern München,4,1,3384629,3384768,2.78,20.547266006469727,-9.258390426635742,34.885337829589844,-6.057804584503174,14.690951410232438,6.550861302834636,5.7818796895350815,0.21962232193531347,False,0.0026852163879002577,0.4910741111076152,0.49375932749551543,sideways,-0.4612853299519713,0.2785086337739458,0.06912797536520761
Bayern_Hamburg,1,27,Konrad Laimer,FC Bayern München,2,1,3384966,3385298,6.64,11.017205238342285,16.052629470825195,-28.612438201904297,23.428924560546875,40.3102762140342,7.937638003117928,6.7717083524032216,2.957567782184129,False,0.003925059842432632,0.5914495850764179,0.5953746449188505,diagonal,2.653292373860663,0.31885235482995244,0.06410645384782677
Bayern_Hamburg,1,14,Luis Díaz Marulanda,FC Bayern München,2,1,3385109,3385218,2.18,-6.834885597229004,-12.879142761230469,-17.77819061279297,-7.957742691040039,11.999004263460272,5.853881439355869,5.515638055281005,2.7189733529315676,False,-0.00013241949742409664,0.4272197902465484,0.4270873707491243,diagonal,2.550901686654714,0.07227007948777711,0.0838964055933375
Bayern_Hamburg,1,17,Michael Olise,FC Bayern München,2,1,3385122,3385282,3.2,-5.0854668617248535,32.263031005859375,-23.905675888061523,26.457237243652344,19.6953677042163,6.67555005361224,6.170678704167763,-2.8423677309204685,False,0.025185991003876196,0.5182286854164914,0.5434146764203676,forward,-2.8464257571657274,0.18865283743186548,0.09688198632759834
Bayern_Hamburg,1,9,Harry Kane,FC Bayern München,2,1,3385126,3385230,2.08,-0.5158523917198181,2.373804807662964,-11.027276039123535,5.036200046539307,10.843356284065809,5.450114439132977,5.219118362585035,2.893523792047796,False,0.00162497180367005,0.5229005402038075,0.5245255120074775,diagonal,2.703548782347879,0.18701285593446063,0.06812578443997148
Bayern_Hamburg,1,7,Serge Gnabry,FC Bayern München,2,1,3385131,3385244,2.26,1.402238130569458,16.402061462402344,-10.492643356323242,16.80594825744629,11.901736433413133,5.615443021949388,5.29567706159515,3.1076510219375013,False,0.004163623848591813,0.5225982186846959,0.5267618425332877,forward,-3.140697508786362,0.2477319015851809,0.061650177409403636
Bayern_Hamburg,1,17,Michael Olise,FC Bayern München,6,1,3386206,3386392,3.72,-27.391023635864258,21.41522789001465,-54.68195343017578,23.95400047302246,27.40876165145504,8.96519031244869,7.540519565044003,3.0488333748856182,False,0.02049525249084777,0.39186029451984833,0.4123555470106961,diagonal,2.704627980340587,0.34750565566988584,0.12506065516670503
Bayern_Hamburg,1,6,Joshua Kimmich,FC Bayern München,7,1,3387299,3387352,1.06,-22.303457260131836,15.939400672912598,-16.62557601928711,16.324514389038086,5.690926810237893,5.559957106020602,5.348749183585685,0.06772328484935249,False,0.005395433476966693,0.5225431538106811,0.5279385872876478,sideways,-0.14968182395816612,0.16232907044154987,0.05259328830268551
Bayern_Hamburg,0,22,Aboubaka Soumahoro,Hamburger SV,24,1,3390399,3390754,7.1,-14.68136215209961,18.21441078186035,37.99474334716797,19.228052139282227,52.6858572993877,9.047355510646371,7.540728935009295,0.019240531585279674,True,0.0011923774036020074,0.6379891991235856,0.6391815765271877,diagonal,0.39803223589237813,0.1866093964468643,0.1269909386051062
Bayern_Hamburg,0,28,Miro Muheim,Hamburger SV,24,1,3390444,3390580,2.72,-8.704804420471191,3.570347547531128,1.2674999237060547,13.973737716674805,14.411015958090244,5.6855072284750685,5.374807443580119,0.8065518728863347,True,0.004176175711198882,0.565644532884534,0.5698207085957329,sideways,1.1874411004460022,0.11583679688822325,0.07837753067252715
Bayern_Hamburg,0,20,Fábio Ferreira Vieira,Hamburger SV,24,1,3390496,3390730,4.68,3.330890417098999,-18.297815322875977,25.76679039001465,-8.524604797363281,24.472132141901092,5.520515740145434,5.241992203792362,0.4108195391360771,True,0.0012540593604868366,0.6220842147812408,0.6233382741417276,diagonal,0.5199113281959195,0.07535912695798293,0.043405022101309025
Bayern_Hamburg,0,11,Ransford-Yeboah Königsdörffer,Hamburger SV,38,1,3390572,3390678,2.12,23.251014709472656,-10.945104598999023,33.39379119873047,-6.558557033538818,11.050688415437559,5.43348774224488,5.215777359635763,0.4081891428022642,True,0.0004638343253394739,0.3950355735408384,0.3954994078661779,diagonal,0.5527023848154986,0.21090081341172687,0.05402651009665176
Bayern_Hamburg,0,21,Nicolai Remberg,Hamburger SV,17,1,3391677,3391735,1.16,-1.579371452331543,-10.5040283203125,-5.960123538970947,-14.754166603088379,6.103659907572881,5.4700313784199865,5.251854510939822,-2.3713266293730997,True,0.004080426198366016,0.6280140043191244,0.6320944305174904,sideways,-2.3749737008587384,0.23679978124950363,0.17826033565292299
Bayern_Hamburg,0,11,Ransford-Yeboah Königsdörffer,Hamburger SV,1,1,3392706,3392908,4.04,9.467504501342773,-6.4085283279418945,19.533714294433594,15.965195655822754,24.533897050819363,7.699349941772517,6.591195259108631,1.148015476590956,True,0.0003902583792122494,0.44000945135930264,0.4403997097385149,sideways,1.6305524010274823,0.10084308256586082,0.18492066188537717
Bayern_Hamburg,0,38,Alexander Rössing-Lelesiit,Hamburger SV,1,1,3392814,3392922,2.16,5.446704864501953,27.611305236816406,17.013675689697266,25.7182559967041,11.720855322731754,6.106171984195829,5.617829790780123,-0.16222175186789872,True,0.003077863555911886,0.6218134565582157,0.6248913201141276,diagonal,-0.6197617342289643,0.2555921715159725,0.14068032287306936
Bayern_Hamburg,0,20,Fábio Ferreira Vieira,Hamburger SV,1,1,3392844,3392972,2.56,-4.933609485626221,7.479942798614502,8.78810977935791,8.930557250976562,13.798183281738154,5.721300317271876,5.384326552688093,0.10532545855127573,True,0.00492172097213317,0.49170861074349004,0.4966303317156232,forward,-0.004096397402842865,0.27017147241412665,0.0805141212184247
Bayern_Hamburg,1,2,Dayotchanculle Upamecano,FC Bayern München,27,1,3392918,3392995,1.54,8.103780746459961,9.928204536437988,15.409628868103027,13.759352684020996,8.24943106554896,5.829417760855618,5.377266312381429,0.48297238306369844,False,0.00031415243743526666,0.6217645177922667,0.622078670229702,sideways,0.38556033722607375,0.5394369444902105,0.03778597081348579
Bayern_Hamburg,1,17,Michael Olise,FC Bayern München,6,1,3393259,3393373,2.28,8.113033294677734,27.664161682128906,-3.9260952472686768,25.37360382080078,12.255091650640594,5.670402424385615,5.390940828429583,-2.9535803179044073,False,0.0022629714239109644,0.5037703417675368,0.5060333131914477,forward,-3.0849207688693236,0.07271466455625689,0.2062506722476437
Bayern_Hamburg,1,14,Luis Díaz Marulanda,FC Bayern München,9,1,3393424,3393807,7.66,-8.663614273071289,-23.70568084716797,-53.3300666809082,-6.774942874908447,47.76758167404825,8.168136204735514,6.587388134880364,2.7792776166845634,False,0.00011445086703598673,0.5671073053310688,0.5672217561981048,forward,-2.8703318263015563,0.5730145719482241,0.07497414671853894
Bayern_Hamburg,1,45,Aleksandar Pavlovi&amp;#263;,FC Bayern München,9,1,3393469,3393582,2.26,6.004509449005127,-7.826399803161621,-5.821019172668457,-9.662714004516602,11.96725436464518,5.50271888478905,5.288561313818413,-2.9875391262782633,False,-0.0010985787728420293,0.6354061254065005,0.6343075466336585,forward,-2.8934445072658397,0.06442079296769038,0.049512940347333396
Bayern_Hamburg,1,17,Michael Olise,FC Bayern München,9,1,3393470,3393588,2.36,-12.283071517944336,22.16921043395996,-23.164823532104492,16.925975799560547,12.079074315900378,5.292681708409312,5.121170390329522,-2.6925804482695255,False,0.0013942296939113419,0.5835977366486991,0.5849919663426104,diagonal,-2.7281260479313487,0.06705959805409854,0.0499583999648531
Bayern_Hamburg,1,44,Josip Stani&amp;#353;i&amp;#263;,FC Bayern München,9,1,3393498,3393653,3.1,5.005761623382568,-17.156232833862305,-11.231033325195312,-16.818405151367188,16.24030904093959,5.556501486907797,5.249828631734431,3.120789351741512,False,0.0012546716157364468,0.8442893258188423,0.8455439974345788,forward,-3.0654528746289333,0.04116788850154655,0.0468734711982568
Bayern_Hamburg,1,7,Serge Gnabry,FC Bayern München,9,1,3393552,3393782,4.6,-16.932498931884766,1.5152809619903564,-46.5201530456543,-3.7627952098846436,30.054739460394224,8.30173028552519,6.518289442532657,-2.965061768741249,False,0.0038766261064307472,0.31586269373480036,0.3197393198412311,forward,-3.0259728447136585,0.11506607295894974,0.03525749005664674
Bayern_Hamburg,1,7,Serge Gnabry,FC Bayern München,9,1,3395289,3395395,2.12,-34.56102752685547,9.546528816223145,-48.060081481933594,9.460466384887695,13.499328295296687,7.336718071536167,6.353552199738451,-3.135217298278842,False,0.023248547512552953,0.3720273295404731,0.395275877053026,forward,-3.08606078447593,0.04262174529949546,0.34994933336628037
Bayern_Hamburg,0,21,Nicolai Remberg,Hamburger SV,17,1,3410346,3410547,4.02,-16.062681198120117,-6.415733337402344,-30.378143310546875,2.9079999923706055,17.084041052896264,5.670470783968768,5.387577081358869,2.5643005183224235,True,0.0008413472537938116,0.5662037740206478,0.5670451212744416,sideways,1.8947435961338057,0.2857081406225777,0.032961659671993576
Bayern_Hamburg,0,17,Warmed Omari,Hamburger SV,44,1,3410475,3410560,1.7,-30.395843505859375,-11.80416202545166,-38.71299362182617,-16.36510467529297,9.485630390578581,5.991215076519435,5.58198347153325,-2.639995546481454,True,-0.00016748866635318826,0.5990632575781593,0.5988957689118061,sideways,-2.792103433533037,0.2284183441117272,0.06919438176521076
Bayern_Hamburg,0,24,Nicolas Capaldo Taboas,Hamburger SV,1,1,3410642,3410691,0.98,-15.2374906539917,-3.9427857398986816,-11.658924102783203,-7.554204940795898,5.084140753956106,5.399310645434077,5.189211533339256,-0.7899673547969732,True,0.00213271892489586,0.4348364246701138,0.43696914359500966,diagonal,-0.9156082317880543,0.2701697294561234,0.1573984847823835
Bayern_Hamburg,0,38,Alexander Rössing-Lelesiit,Hamburger SV,1,1,3410698,3410791,1.86,1.3298238515853882,23.267528533935547,9.47669506072998,16.894418716430664,10.343502271685649,5.8418376567814585,5.5887932363732995,-0.6638404124373202,True,0.00580211391280272,0.6179878964016633,0.623790010314466,diagonal,-0.900311305510243,0.08090106560526648,0.12183384468332915
Bayern_Hamburg,0,20,Fábio Ferreira Vieira,Hamburger SV,1,1,3410724,3410891,3.34,-24.097013473510742,-14.73897647857666,-8.105395317077637,-5.4315714836120605,18.50296297897861,5.961687570832784,5.544963470400575,0.5270922821405143,True,0.000990796275526895,0.5978903455592774,0.5988811418348043,forward,0.3236818856075233,0.14248927764868813,0.14664386903367807
Bayern_Hamburg,0,21,Nicolai Remberg,Hamburger SV,1,1,3410728,3410920,3.84,-29.558490753173828,-5.341952323913574,-12.001128196716309,6.176309585571289,20.998365111464903,6.0584197563307685,5.55207318749842,0.5806067582912731,True,0.003383806271620382,0.6610480623438963,0.6644318686155167,forward,0.18829829332043196,0.12383442017213468,0.1278886340883868
Bayern_Hamburg,0,22,Aboubaka Soumahoro,Hamburger SV,1,1,3410743,3410848,2.1,-23.557695388793945,17.77692413330078,-12.602609634399414,16.383180618286133,11.043388287649012,5.828281611727872,5.386285275641712,-0.12654360917117818,True,0.00215999187423499,0.6402022561635027,0.6423622480377377,diagonal,-0.4653789702228077,0.11177691171029465,0.1533619371526192
Bayern_Hamburg,1,27,Konrad Laimer,FC Bayern München,2,1,3410911,3410973,1.24,5.1052141189575195,13.655543327331543,4.18377161026001,20.15468978881836,6.564142063110103,6.042453855965695,5.530498351556502,1.7116366456871106,False,0.00854399892218427,0.47474538410341993,0.4832893830256042,sideways,1.9619233978002764,0.20630149828087446,0.10772844475498511
Bayern_Hamburg,0,11,Ransford-Yeboah Königsdörffer,Hamburger SV,28,1,3410944,3411187,4.86,6.767228603363037,18.169429779052734,38.3334846496582,18.045576095581055,31.566499022146495,7.68887978703278,6.661182859667985,-0.003923590042853954,True,0.018362946487779475,0.5120304847494811,0.5303934312372606,forward,0.319086932874583,0.39057018605558835,0.13515415211588727
Bayern_Hamburg,0,20,Fábio Ferreira Vieira,Hamburger SV,28,1,3410958,3411204,4.92,-3.429852247238159,-1.6517047882080078,32.711544036865234,-1.1530190706253052,36.144836599568734,8.86838113819889,7.350448127873584,0.013797310680224774,True,0.006773721523126053,0.5358487986116653,0.5426225201347914,forward,0.36277925541423595,0.20689270397053716,0.10057932317364711
Bayern_Hamburg,0,24,Nicolas Capaldo Taboas,Hamburger SV,28,1,3411007,3411203,3.92,5.5669379234313965,9.202452659606934,32.38642883300781,4.328657150268555,27.25874126433022,8.648746777049551,7.035869775687923,-0.17976414738909394,True,0.003715825785699789,0.41343385359486823,0.417149679380568,forward,0.3195323841410777,0.16236099521192496,0.04135709779205628
Bayern_Hamburg,0,2,William Mikelbrencis,Hamburger SV,11,1,3411048,3411261,4.26,-3.723418951034546,-16.49091339111328,21.021839141845703,-13.7386474609375,24.89784661037299,6.463642891765211,5.853295452286192,0.11076870580284938,True,-0.0008992829404267932,0.4988753515186556,0.4979760685782288,forward,0.05152484640460887,0.027886203520126253,0.07398209035606619
Bayern_Hamburg,0,28,Miro Muheim,Hamburger SV,11,1,3411128,3411379,5.02,13.559085845947266,24.193504333496094,41.283817291259766,24.21935272216797,27.724743494826,7.628776703380123,6.348373515221435,0.0009323221483140159,True,0.00019792835485665794,0.5702322777357044,0.570430206090561,forward,-0.27160045401630417,0.12867111544623192,0.04234181015378828
Bayern_Hamburg,1,9,Harry Kane,FC Bayern München,1,1,3414331,3414625,5.88,32.24654769897461,-5.455495357513428,-0.5156952142715454,-20.819032669067383,36.18567174214206,6.662285772027601,6.149210486755525,-2.703100054262244,False,0.0019402374796038124,0.7181764451116329,0.7201166825912367,diagonal,-2.6200451858434506,0.15649410370074515,0.04813760804276575
Bayern_Hamburg,1,6,Joshua Kimmich,FC Bayern München,7,1,3414355,3414563,4.16,32.636138916015625,-7.259842872619629,12.90772819519043,-16.7600040435791,21.89664932915026,5.569580148456128,5.320473800903857,-2.692815951015515,False,0.004515173372947823,0.8573700028154169,0.8618851761883647,forward,-2.876674716282681,0.058159759528360055,0.05024849959018247
Bayern_Hamburg,0,2,William Mikelbrencis,Hamburger SV,11,1,3418791,3418916,2.5,3.316538095474243,-28.690208435058594,16.076913833618164,-25.01825714111328,13.278193223617386,5.547793347064586,5.304751537410708,0.28019180676125094,True,0.0018311493194989037,0.619504455238532,0.6213356045580309,forward,0.3009345022954344,0.0018561983838105568,0.1204183615275289
Bayern_Hamburg,0,38,Alexander Rössing-Lelesiit,Hamburger SV,11,1,3418793,3418996,4.06,7.512599945068359,10.752157211303711,30.74449920654297,19.791519165039062,24.928521974355853,7.990037297639884,6.891084050890558,0.37106829657155416,True,0.0009493669814959471,0.4824465603303068,0.48339592731180275,diagonal,0.7180663273610934,0.3942100167042142,0.04904970867292504
Bayern_Hamburg,0,20,Fábio Ferreira Vieira,Hamburger SV,11,1,3418795,3418999,4.08,3.5789284706115723,-13.119357109069824,25.86137580871582,-2.5373048782348633,24.667535117873214,6.9899436723990815,6.057507192390864,0.44337106296496986,True,0.0022586484372455473,0.4734711995810226,0.4757298480182681,diagonal,0.5842213678782056,0.050549658932353254,0.08562412201111892
Bayern_Hamburg,1,6,Joshua Kimmich,FC Bayern München,4,1,3419084,3419205,2.42,20.149429321289062,5.9287333488464355,29.287771224975586,-4.4643235206604,13.839253008796257,6.466026500819652,5.7732912732734025,-0.849550926641892,False,0.0013763379691916766,0.5079905878719004,0.5093669258410921,sideways,-0.7284101093302875,0.1459217035952449,0.05301481451840791
Bayern_Hamburg,1,7,Serge Gnabry,FC Bayern München,4,1,3419094,3419199,2.1,11.524991035461426,-6.079680919647217,21.546419143676758,-11.351375579833984,11.32341759003747,5.6877297283501465,5.38657448141344,-0.4842637069917734,False,0.004882126956786359,0.5691176240766488,0.5739997510334351,sideways,-0.47846304692149505,0.30246108829294666,0.06750575663967412
Bayern_Hamburg,1,27,Konrad Laimer,FC Bayern München,4,1,3419101,3419275,3.48,24.32596206665039,20.61815643310547,40.339481353759766,8.453566551208496,20.109948954519357,6.183022121066934,5.78320433978492,-0.6496453864828745,False,0.0008236886592406512,0.6389991826696816,0.6398228713289222,sideways,-0.6922554266311637,0.01939082594638697,0.0551446762272432
Bayern_Hamburg,1,45,Aleksandar Pavlovi&amp;#263;,FC Bayern München,4,1,3419106,3419205,1.98,37.2082633972168,-3.64401912689209,36.16974639892578,-14.29686164855957,10.703343932957875,5.713113439088435,5.415269477572454,-1.6679765569069591,False,0.0021532104756495363,0.7547834156019093,0.7569366260775588,sideways,-1.5046972442041282,0.2524660414468858,0.06425106454201389
Bayern_Hamburg,1,14,Luis Díaz Marulanda,FC Bayern München,4,1,3419114,3419217,2.06,5.7699809074401855,-0.9372952580451965,13.852561950683594,-7.853961944580078,10.638063469129103,5.321524763593098,5.163066731557079,-0.7078226323454033,False,0.0010525236556959694,0.5292005201624265,0.5302530438181224,sideways,-0.7973878551596412,0.2609080437462626,0.05271657842128203
Bayern_Hamburg,0,28,Miro Muheim,Hamburger SV,2,1,3419145,3419351,4.12,9.285666465759277,20.961999893188477,32.63080978393555,9.436909675598145,26.035042175302625,7.128632277730612,6.334617164922984,-0.4585809002568075,True,0.0032032408072001917,0.47622893388356025,0.47943217469076044,diagonal,-0.5659426388737885,0.011568145303163064,0.11668874045682932
Bayern_Hamburg,1,9,Harry Kane,FC Bayern München,27,1,3422543,3422797,5.08,-5.066371440887451,19.6265811920166,-40.369049072265625,13.496628761291504,35.830927489362615,8.631092367586849,7.110062477933924,-2.96966700290062,False,-0.0007642948390053084,0.40542373835271617,0.40465944351371086,diagonal,2.7441726184968096,0.23896310349422104,0.06978411583944154
Bayern_Hamburg,1,7,Serge Gnabry,FC Bayern München,27,1,3422544,3422829,5.7,-0.9230999946594238,-3.146247625350952,-36.133323669433594,2.1249380111694336,35.60260172013116,7.129700599372948,6.258181013961569,2.9929901408492516,False,0.004027310770743475,0.5532932922395013,0.5573206030102448,forward,2.790952424307725,0.012210727097479829,0.09368247205378276
Bayern_Hamburg,1,17,Michael Olise,FC Bayern München,27,1,3422551,3422947,7.92,3.5415713787078857,23.3837947845459,-39.774131774902344,-1.382276177406311,49.89597589569856,7.635106328772541,6.3853097791615525,-2.6221987379289207,False,0.03937961300665693,0.5519617281852534,0.5913413411919103,diagonal,-2.0052779223658432,0.16460846711898308,0.24638899566828096
Bayern_Hamburg,1,14,Luis Díaz Marulanda,FC Bayern München,27,1,3422590,3422824,4.68,-10.36661434173584,-19.46202278137207,-35.079288482666016,-10.613561630249023,26.2490290856392,6.148542912723483,5.689437563017937,2.7977612569917474,False,0.005426647422590025,0.5975788713264258,0.6030055187490159,diagonal,2.5497102497302717,0.004155274615417868,0.07630348823549628
Bayern_Hamburg,0,11,Ransford-Yeboah Königsdörffer,Hamburger SV,1,1,3426047,3426133,1.72,7.87998104095459,-21.654685974121094,10.95350456237793,-12.950104713439941,9.231266530684943,5.718098506159656,5.368671657816432,1.2313690384338094,True,0.01065319855498581,0.46542993256301884,0.47608313111800465,diagonal,1.111376214363009,0.05008916470689209,0.247967908026558
Bayern_Hamburg,0,38,Alexander Rössing-Lelesiit,Hamburger SV,1,1,3426082,3426156,1.48,-2.160571336746216,29.04094886779785,5.523190498352051,24.610198974609375,8.869709158394224,6.699518525019685,6.001123771276931,-0.5230644906095173,True,0.01926984916214125,0.462343236277997,0.48161308544013826,diagonal,-0.7865931668552317,0.12507874678217049,0.3131795957602767
Bayern_Hamburg,0,28,Miro Muheim,Hamburger SV,1,1,3426101,3426153,1.04,4.806285858154297,-2.691504716873169,7.009061813354492,2.448214292526245,5.5918631424946215,5.581557919177575,5.364597533729083,1.165898091069262,True,0.0007085912078183543,0.43157054617105767,0.432279137378876,sideways,1.1787418464610222,0.17116703564444935,0.2654977709344575
Bayern_Hamburg,0,28,Miro Muheim,Hamburger SV,1,1,3426406,3426467,1.22,7.452695369720459,3.0748143196105957,11.862813949584961,-1.9245952367782593,6.666576467796518,5.840494820766485,5.4694880144963225,-0.8479435267061293,True,0.018533083851878074,0.47296713680812513,0.4915002206600032,diagonal,-0.6291308955101217,0.26395585383358544,0.09556132071498853
Bayern_Hamburg,0,17,Warmed Omari,Hamburger SV,1,1,3426414,3426535,2.42,-33.95231246948242,-14.303357124328613,-20.678119659423828,-13.056219100952148,13.332649699439441,5.910427731687775,5.504148075919996,0.09367709666619203,True,-0.0007053850573345843,0.46687823138286727,0.4661728463255327,forward,0.18875268097461917,0.07329736333562448,0.1263321730427586
Bayern_Hamburg,1,7,Serge Gnabry,FC Bayern München,9,1,3427425,3427503,1.56,-0.7556713819503784,-0.3432047665119171,-8.977790832519531,-1.952195167541504,8.37807247342925,5.5721334710426556,5.364410881876433,-2.948344288023282,False,0.007443956722687661,0.4033523232022956,0.41079627992498324,forward,-2.8356312744694026,0.30070907561322463,0.11876485957032727
Bayern_Hamburg,1,44,Josip Stani&amp;#353;i&amp;#263;,FC Bayern München,9,1,3427674,3427874,4.0,-12.962071418762207,-15.912095069885254,-37.182430267333984,-15.052019119262695,24.235624881451447,7.2035528839351155,6.154999196313825,3.1060971139544384,False,0.00020161089121606413,0.4194612153535472,0.41966282624476325,forward,2.7636933226939187,0.5109633726173839,0.1446592713635095
Bayern_Hamburg,1,9,Harry Kane,FC Bayern München,44,1,3427784,3427908,2.48,-8.608433723449707,3.0051000118255615,-21.96842384338379,1.9487667083740234,13.401685567596232,5.689041373791984,5.43431334228378,-3.0626898801615754,False,0.005024835392510529,0.5430627814578143,0.5480876168503248,forward,3.04956796133782,0.0910491336479459,0.06267369434038177
Bayern_Hamburg,1,17,Michael Olise,FC Bayern München,14,1,3427788,3427878,1.8,-22.927337646484375,25.89488983154297,-30.519548416137695,19.757713317871094,9.762509919626485,5.789444060449521,5.423185654064888,-2.4617799150288544,False,0.0007536801303341667,0.567857741769178,0.5686114218995122,diagonal,-2.5818721714499726,0.0,0.07266367749536737
Bayern_Hamburg,1,9,Harry Kane,FC Bayern München,27,1,3428413,3428501,1.76,-31.977399826049805,6.503904819488525,-42.22660446166992,7.207118988037109,10.273300629771542,6.567463730711475,5.881926034486503,3.073088430284765,False,0.011707736699769877,0.3537735062776374,0.36548124297740725,forward,2.922845632349893,0.1709905923205777,0.17908026390857348
Bayern_Hamburg,0,38,Alexander Rössing-Lelesiit,Hamburger SV,28,1,3429684,3429756,1.44,-15.495647430419922,15.115790367126465,-7.936881065368652,18.025957107543945,8.099630819886947,6.167656119093761,5.6492431027836245,0.36751364561509714,True,0.013988798404059477,0.4188982746738604,0.4328870730779199,diagonal,0.4228077588424702,0.197160778321364,0.13787481034281626
Bayern_Hamburg,0,11,Ransford-Yeboah Königsdörffer,Hamburger SV,28,1,3430196,3430624,8.56,-16.25188636779785,17.07056999206543,31.227190017700195,4.3801093101501465,49.145808435096434,6.748356869147045,6.059656558475946,-0.2611798945973262,True,0.00336568355479272,0.3793033745170819,0.3826690580718746,diagonal,-1.0631226389364237,0.380728287287548,0.09711233347522556
Bayern_Hamburg,0,24,Nicolas Capaldo Taboas,Hamburger SV,28,1,3430224,3430656,8.64,-5.782181262969971,12.63199520111084,38.4241943359375,1.0662095546722412,45.69432176114497,6.413027416561201,5.59357530876195,-0.25589575646525264,True,-0.003348599278997555,0.3867643363645435,0.38341573708554594,forward,0.05501536825535737,0.40073381007154923,0.08991134742164306
Bayern_Hamburg,0,2,William Mikelbrencis,Hamburger SV,28,1,3430262,3430453,3.82,-3.636181116104126,-27.588909149169922,20.738075256347656,-30.707386016845703,24.572937791078935,7.373692402979519,6.435374231404594,-0.12725010154848018,True,5.821741949629811e-06,0.6290038449311404,0.62900966667309,forward,-0.2081653216406099,0.29642872079995775,0.0937202664925346
Bayern_Hamburg,0,38,Alexander Rössing-Lelesiit,Hamburger SV,28,1,3430376,3430521,2.9,9.108623504638672,27.381555557250977,22.692676544189453,19.28789520263672,15.812458218669969,5.819931076300705,5.451809235274968,-0.5373408385357938,True,0.00018471589502155883,0.6107795297687738,0.6109642456637954,diagonal,-0.5693660511235801,0.0020532880246678657,0.05554153220927274
Bayern_Hamburg,1,14,Luis Díaz Marulanda,FC Bayern München,4,1,3433610,3433736,2.52,4.935628890991211,-10.227547645568848,16.291799545288086,2.3159236907958984,16.920439861177293,7.861447356414634,6.8047627427899835,0.835035952460105,False,0.02545500847042864,0.4867638243016878,0.5122188327721164,sideways,1.40768080156655,0.42410410342615756,0.15548439588253044
Bayern_Hamburg,0,11,Ransford-Yeboah Königsdörffer,Hamburger SV,20,1,3435925,3436073,2.96,29.98823356628418,-15.79716682434082,47.48590087890625,-16.20294761657715,17.502371823114455,7.10135192799302,6.362316934916527,-0.02318640908924889,True,0.04409755582280461,0.5280236375166085,0.5721211933394131,forward,-0.3749135890387963,0.06756562376660352,0.36875335535085313
Bayern_Hamburg,1,17,Michael Olise,FC Bayern München,7,1,3436265,3436659,7.88,29.255475997924805,9.385899543762207,-32.286705017089844,19.672128677368164,62.39588571271245,9.33223480983565,8.054804813223155,2.9759823803215855,False,0.005494508016971711,0.6870947217218949,0.6925892297388666,diagonal,2.663452386530659,0.28697445465238025,0.09094653726109475
Bayern_Hamburg,1,14,Luis Díaz Marulanda,FC Bayern München,7,1,3436290,3436667,7.54,31.41898536682129,-22.68794822692871,-25.44440460205078,-6.3266143798828125,59.17041798066421,9.41769802433959,7.90118182037675,2.861429905755809,False,0.002901748353022149,0.5718110744670347,0.5747128228200569,forward,3.054504363788604,0.05121098098879596,0.06714838145573132
Bayern_Hamburg,1,27,Konrad Laimer,FC Bayern München,7,1,3436313,3436414,2.02,31.995866775512695,-10.603656768798828,21.419870376586914,-8.978799819946289,10.700086912465967,5.578472060503358,5.287319099511059,2.9891483340095966,False,0.0047142458026235845,0.6495731394494738,0.6542873852520974,forward,3.0202498700961002,0.04259765669384874,0.06589458384066132
Bayern_Hamburg,1,9,Harry Kane,FC Bayern München,7,1,3436331,3436659,6.56,37.07999801635742,-7.706661701202393,-2.135676145553589,-10.541242599487305,39.317985055723504,6.629618403391643,5.997383701489209,-3.06943630796775,False,0.0031844515195700307,0.7225389163728907,0.7257233678924607,forward,3.124909238178116,0.06538981777674034,0.06136216367886105
Bayern_Hamburg,1,45,Aleksandar Pavlovi&amp;#263;,FC Bayern München,7,1,3436339,3436611,5.44,35.15279006958008,-3.474299907684326,6.591676235198975,3.3837714195251465,29.372952963390798,5.6412931271199245,5.398508298997854,2.9059349837173505,False,0.002199500734184734,0.7796658345468701,0.7818653352810548,forward,2.9009176683902336,0.10060278146705949,0.04757702605230029
Bayern_Hamburg,1,6,Joshua Kimmich,FC Bayern München,7,1,3436359,3436588,4.58,27.560890197753906,5.306938171386719,4.645885467529297,11.470024108886719,23.729329321732347,5.388068535953278,5.182233519608514,2.8788558504583355,False,0.0020384349989762685,0.44260755558748427,0.44464599058646054,forward,2.811735448151987,0.1489618663821154,0.034057752248674536
Bayern_Hamburg,0,11,Ransford-Yeboah Königsdörffer,Hamburger SV,38,1,3437660,3437816,3.12,1.846166729927063,7.354966640472412,20.472448348999023,12.657694816589355,19.36639597505851,7.123733953756445,6.204354498668412,0.27735302089437686,True,0.004252287028228496,0.4988243740678802,0.5030766610961087,forward,0.3140679815750675,0.1620132357808826,0.03970123087081144
Bayern_Hamburg,0,11,Ransford-Yeboah Königsdörffer,Hamburger SV,1,1,3441102,3441157,1.1,4.6399712562561035,-12.981319427490234,9.746857643127441,-9.943475723266602,5.94211939796761,5.835995011360131,5.450458277743523,0.5366259148068916,True,0.0083556649492606,0.4285907391932718,0.4369464041425324,diagonal,0.845117321645158,0.08887755777501437,0.2878572415540003
Bayern_Hamburg,0,2,William Mikelbrencis,Hamburger SV,1,1,3441103,3441162,1.18,-4.3082427978515625,-32.29435348510742,2.152714252471924,-31.928157806396484,6.471326392729031,5.943398628434261,5.456557680275119,0.05661766589666487,True,-0.0036855534075703744,0.5481390164567642,0.5444534630491938,forward,0.03847519750859362,0.072210477887088,0.3260466873680376
Bayern_Hamburg,0,11,Ransford-Yeboah Königsdörffer,Hamburger SV,21,1,3442357,3442471,2.28,19.391172409057617,-16.16160011291504,28.706918716430664,-6.964457035064697,13.090858262840715,6.418143302489734,5.804394225291698,0.7789917292388818,True,0.002336582597516179,0.4181688138230191,0.4205053964205353,diagonal,0.9568786624760999,0.08293266253639672,0.07047205939816101
Bayern_Hamburg,0,20,Fábio Ferreira Vieira,Hamburger SV,28,1,3442399,3442497,1.96,8.020856857299805,-13.982147216796875,16.63378143310547,-8.975019454956055,9.962620045545963,5.235837419768151,5.092809565333973,0.5265937305715089,True,0.007212956582564045,0.4988727331621381,0.5060856897447021,diagonal,0.6768971678798585,0.05950373135143852,0.07887443886896696
Bayern_Hamburg,0,24,Nicolas Capaldo Taboas,Hamburger SV,28,1,3442418,3442582,3.28,15.098952293395996,-0.8530476093292236,33.71289825439453,-0.23107142746448517,18.624334581664407,6.2312757163957455,5.771498972221801,0.03340209824310823,True,0.007452455011794201,0.38561794236119645,0.39307039737299065,forward,0.2566104624814922,0.24311811594231428,0.09674654647152549
Bayern_Hamburg,0,2,William Mikelbrencis,Hamburger SV,28,1,3442420,3442622,4.04,16.34170913696289,-29.771286010742188,35.21018600463867,-18.76592445373535,21.843475051064104,5.750952799614586,5.410480981396704,0.5280250204076964,True,0.0006776531529567587,0.5698446107736428,0.5705222639265995,diagonal,0.47431772097114555,0.000758689613436727,0.09894267167924081
Bayern_Hamburg,0,20,Fábio Ferreira Vieira,Hamburger SV,38,1,3442568,3442665,1.94,23.14563751220703,-6.280447483062744,28.79401969909668,1.6234190464019775,9.714696466939406,5.771582905662156,5.3851025055365795,0.9503153833821046,True,0.004673247688514737,0.521753969341637,0.5264272170301517,forward,0.33465709363239454,0.07505644235024099,0.07686146833785798
Bayern_Hamburg,0,38,Alexander Rössing-Lelesiit,Hamburger SV,22,1,3445188,3445339,3.02,5.592957019805908,29.716833114624023,24.889232635498047,22.352842330932617,20.65368279264129,8.287630113714284,7.007770385117364,-0.36456844503831665,True,0.009917454887091504,0.3768575232652635,0.386774978152355,diagonal,-0.6244745869957194,0.21247050297130557,0.29673417458634854
Bayern_Hamburg,1,45,Aleksandar Pavlovi&amp;#263;,FC Bayern München,2,1,3446223,3446286,1.26,29.118457794189453,12.548181533813477,28.61065673828125,5.677952289581299,6.888970299013092,5.863485356523752,5.459526107745052,-1.6445754282985827,False,0.001173263722451856,0.5368483252338182,0.5380215889562701,sideways,-1.5067804386729229,0.2752998519758503,0.1071593403346868
Bayern_Hamburg,1,9,Harry Kane,FC Bayern München,1,1,3446440,3446594,3.08,22.30394744873047,-11.843161582946777,3.205061912536621,-15.147180557250977,19.38256871797948,7.384198522468255,6.248935588407449,-2.9702926990511282,False,-3.0098004917711307e-05,0.41372644462939256,0.41369634662447485,diagonal,-2.7232489444573544,0.2086187217230626,0.0805761100738648
Bayern_Hamburg,1,45,Aleksandar Pavlovi&amp;#263;,FC Bayern München,44,1,3446475,3446594,2.38,28.64131736755371,-3.1554856300354004,17.558286666870117,-10.582408905029297,13.341392687607286,7.313309437133283,5.667080087974686,-2.551205409739603,False,0.0004033898211461828,0.5741867191208739,0.5745901089420201,diagonal,-2.333144817475188,0.07611713653705511,0.08682531047187635
Bayern_Hamburg,1,14,Luis Díaz Marulanda,FC Bayern München,44,1,3446598,3446716,2.36,-7.423666477203369,-12.198566436767578,-19.625598907470703,-21.26934814453125,15.204151927112203,7.29106001307494,6.436209308700271,-2.5023360620857877,False,0.0007995302396980319,0.4564059863567906,0.4572055165964886,diagonal,-2.672292253704725,0.24155996140703417,0.06343653443079321
Bayern_Hamburg,1,9,Harry Kane,FC Bayern München,44,1,3446598,3446906,6.16,2.9137332439422607,-15.179671287536621,-39.4116096496582,-13.252166748046875,42.369209631648886,7.544078742385692,6.887478146154168,3.0960838975279747,False,0.006310358756356271,0.4682671638880652,0.4745775226444215,forward,-3.0348713719302984,0.22027481767450474,0.08914774381260614
Bayern_Hamburg,1,4,Jonathan Tah,FC Bayern München,44,1,3446598,3446659,1.22,23.748720169067383,-22.00177574157715,17.613994598388672,-20.064680099487305,6.433288222529961,6.537545884544536,5.306303316059658,2.8357413696343587,False,0.0011106918167937962,0.629520756272088,0.6306314480888818,forward,2.835683120648635,0.05344364657456462,0.17288691895516675
Bayern_Hamburg,1,45,Aleksandar Pavlovi&amp;#263;,FC Bayern München,44,1,3446598,3446875,5.54,17.335834503173828,-10.664833068847656,-12.278138160705566,-13.865857124328613,29.786472297685133,7.337300301945554,5.452944042336951,-3.0339190211515032,False,0.0008059892584217909,0.6722390868390572,0.673045076097479,forward,-2.8017554962889273,0.05912480269303952,0.08580963752656816
Bayern_Hamburg,1,7,Serge Gnabry,FC Bayern München,44,1,3446622,3446856,4.68,1.2066667079925537,1.0786666870117188,-23.254518508911133,0.2842285633087158,24.474082498595532,5.575776240225081,5.239085210806924,-3.1091265661108745,False,0.0017686922870933652,0.4630663518366931,0.46483504412378646,forward,-2.986313305291212,0.07003664166119737,0.07959364855056593
Bayern_Hamburg,1,17,Michael Olise,FC Bayern München,44,1,3446706,3446888,3.64,-14.521666526794434,16.290205001831055,-36.339683532714844,7.42714786529541,23.549514811904885,7.240980857921225,6.45589876180546,-2.7557301376004393,False,0.0007164914430553004,0.5152979844630065,0.5160144759060618,diagonal,-2.733567854284679,0.031242256662362057,0.0687963291790916
Bayern_Hamburg,1,14,Luis Díaz Marulanda,FC Bayern München,44,1,3446753,3446848,1.9,-22.90668487548828,-22.439775466918945,-31.90667724609375,-18.532196044921875,9.811678735576884,5.755963876338813,5.38410088952099,2.731975713021517,False,-0.003915942989798582,0.5191364293933117,0.5152204864035131,forward,-2.993962110422555,0.4935933103106074,0.029056387858733712
Bayern_Hamburg,1,6,Joshua Kimmich,FC Bayern München,44,1,3446755,3446912,3.14,2.300333261489868,1.204866647720337,-14.35032844543457,1.3184000253677368,16.651048768959868,5.673541253183284,5.30957433435853,3.134774208761214,False,0.00015291866201350146,0.6385355173310553,0.6386884359930688,forward,-3.0762724287525613,0.04424607141883627,0.0726623952696224
Bayern_Hamburg,0,2,William Mikelbrencis,Hamburger SV,21,1,3448287,3448345,1.16,2.7360332012176514,-32.9973030090332,9.939162254333496,-33.1019287109375,7.203888859035828,6.672594467577752,6.151512352220568,-0.014524013689650481,True,0.009888008719629582,0.5505196271124788,0.5604076358321084,forward,-0.033513420685561804,0.43406291555488485,0.08687085992145648
Bayern_Hamburg,0,24,Nicolas Capaldo Taboas,Hamburger SV,21,1,3448287,3448338,1.02,6.504495143890381,0.8275285959243774,12.28849983215332,-0.9061190485954285,6.0382318926318765,6.865744227699265,5.859805307220896,-0.291210325960773,True,0.0025219674566579475,0.35131458848842845,0.3538365559450864,forward,-0.27300058974421737,0.22521499955171728,0.08752242112826365
Bayern_Hamburg,0,2,William Mikelbrencis,Hamburger SV,11,1,3448661,3448717,1.12,16.221433639526367,-31.46969985961914,18.78339958190918,-25.59914779663086,6.40523621845326,6.186677485638922,5.742363811616552,1.159301377409579,True,-0.006063598424598804,0.32999201176396753,0.3239284133393687,diagonal,0.9719514637915831,0.5104563525004642,0.16323485549254507
Bayern_Hamburg,0,38,Alexander Rössing-Lelesiit,Hamburger SV,21,1,3449598,3449703,2.1,25.420896530151367,31.040813446044922,37.45148849487305,33.836883544921875,12.35124086962357,6.8779584963541,5.930817104150914,0.22835926780718438,True,-0.014703377089288927,0.4742050622426115,0.45950168515332257,forward,-0.10007360634822894,0.5031816595689517,0.14666664525034798
Bayern_Hamburg,1,14,Luis Díaz Marulanda,FC Bayern München,27,1,3451441,3451578,2.74,-25.783905029296875,-13.48452377319336,-38.072601318359375,-2.7999048233032227,16.284137637258226,6.50996266271378,5.975676690594855,2.4259048530132685,False,0.002023038428216939,0.4505024736521821,0.45252551208039904,diagonal,2.1909159788387496,0.06857659204893748,0.12738636653180138
Bayern_Hamburg,1,6,Joshua Kimmich,FC Bayern München,17,1,3451566,3451624,1.16,-21.69781494140625,17.60348129272461,-27.80592918395996,18.919071197509766,6.248186648753389,5.59276206851301,5.368389125157577,2.9294495157914118,False,0.00041114971227784736,0.6299440489007899,0.6303551986130678,forward,2.937118418556907,0.03779613602436406,0.06625795160590231
Bayern_Hamburg,1,1,Manuel Neuer,FC Bayern München,2,1,3452867,3452943,1.52,32.48191833496094,12.528738021850586,40.3583984375,13.455866813659668,7.930857873035875,5.560915092756133,5.256377053800519,0.11716936326132005,False,2.271929852026844e-06,0.6415524809311547,0.6415547528610067,sideways,0.19627217529180027,0.28589920321209356,0.021123461888808332
Bayern_Hamburg,1,9,Harry Kane,FC Bayern München,17,1,3453587,3453637,1.0,-22.702604293823242,-0.1851000040769577,-27.694318771362305,2.4795238971710205,5.658394998617105,5.894534347218876,5.604567328189225,2.651264793047356,False,0.005263729509926651,0.3484222862961539,0.35368601580608056,diagonal,2.708162454883681,0.43236302991268105,0.14110720465311632
Bayern_Hamburg,0,24,Nicolas Capaldo Taboas,Hamburger SV,28,1,3453931,3453975,0.88,-7.6946001052856445,12.052671432495117,-4.941347599029541,16.343013763427734,5.097787429836384,6.328314100242201,5.743276661956674,1.000254964832179,True,0.0015759055193408367,0.3445132519349585,0.34608915745429936,sideways,1.1949895211501287,0.43285875036657084,0.07675170331402227
Bayern_Hamburg,0,28,Miro Muheim,Hamburger SV,1,1,3455496,3455552,1.12,-10.353538513183594,10.198208808898926,-16.368553161621094,10.408957481384277,6.018705527260163,5.593881662779979,5.364725570654106,3.106569879745175,True,0.00033977999780027135,0.48671540177981854,0.4870551817776188,sideways,3.1332532073719794,0.2882313680364974,0.03775527894605771
Bayern_Hamburg,1,27,Konrad Laimer,FC Bayern München,17,1,3460613,3460831,4.36,-18.648500442504883,28.53376579284668,-43.673011779785156,29.506399154663086,25.043405984933184,7.31340213060903,6.338223770678643,3.1027449806438168,False,0.0028721076628748232,0.5339861392532759,0.5368582469161507,diagonal,2.627732912049859,0.32298233395952874,0.05839695338455209
Bayern_Hamburg,1,7,Serge Gnabry,FC Bayern München,45,1,3461996,3462225,4.58,-6.63139533996582,1.1554237604141235,-35.6927604675293,0.7170571684837341,29.064671137765917,7.360643377968848,6.485745802249274,-3.126509626793263,False,0.003014670860916835,0.4954708362138448,0.49848550707476164,forward,-2.9572572560929236,0.16697686175316498,0.09117216158590571
Bayern_Hamburg,0,2,William Mikelbrencis,Hamburger SV,44,1,3462326,3462421,1.9,-25.810243606567383,-19.489376068115234,-15.157266616821289,-21.582780838012695,10.85671507753101,6.183461576333972,5.708311675508796,-0.19403648857417216,True,0.004653887467775397,0.603648612344416,0.6083024998121914,forward,-0.1751033044249464,0.16533828917648233,0.1465731743505447
Bayern_Hamburg,1,9,Harry Kane,FC Bayern München,17,1,3462599,3462682,1.66,-19.421504974365234,-1.3894143104553223,-28.236467361450195,-0.7080761790275574,8.841254635800288,5.855810485021981,5.4425642607504185,3.0644526598955495,False,0.0027611787204742666,0.3669993561096754,0.36976053483014965,diagonal,2.6199775046676863,0.25129520063312366,0.14705234411354592
Bayern_Hamburg,1,27,Konrad Laimer,FC Bayern München,17,1,3462601,3462683,1.64,-11.877457618713379,16.31798553466797,-21.209285736083984,17.88341522216797,9.46221887924048,6.453708531757276,5.910593799321179,2.9753884899604732,False,0.028539056893354675,0.6333084596244589,0.6618475165178136,diagonal,2.6185488947733213,0.37141826086756696,0.09407333624668034
Bayern_Hamburg,1,14,Luis Díaz Marulanda,FC Bayern München,17,1,3462605,3462683,1.56,-17.726003646850586,-11.834476470947266,-25.496232986450195,-7.43886661529541,8.927365232423186,6.3125277548319145,5.692675416936757,2.626776522770306,False,0.014701835264504526,0.5546251144497243,0.5693269497142288,diagonal,2.7334603317717785,0.17434439762756002,0.14899097536615868
Bayern_Hamburg,1,27,Konrad Laimer,FC Bayern München,2,1,3465103,3465161,1.16,-27.658395767211914,16.452199935913086,-32.87124252319336,12.385571479797363,6.611447519373986,6.083513449656208,5.712240225100773,-2.4790938493544914,False,0.0519214100513945,0.5071697444087658,0.5590911544601603,diagonal,-2.431254719571627,0.2560267305804316,0.2490111672446829
Bayern_Hamburg,0,11,Ransford-Yeboah Königsdörffer,Hamburger SV,1,1,3467348,3467555,4.14,2.4877238273620605,-22.65152359008789,25.618362426757812,-5.159085750579834,29.00020385419575,8.376183570486013,7.028069917604881,0.6474861641546554,True,0.03226975600660087,0.4746608248043742,0.5069305808109751,diagonal,0.8827121477951151,0.02910586329071904,0.2712653840441089
Bayern_Hamburg,0,2,William Mikelbrencis,Hamburger SV,1,1,3467353,3467437,1.68,-12.4588623046875,-32.491085052490234,-3.9268667697906494,-30.88541030883789,8.681770510091983,5.309453830892949,5.167779235854884,0.1860187911620198,True,0.00359532024231235,0.5025131664556943,0.5061084866980067,forward,0.11434710359972106,0.15063580825007697,0.2401718142610746
Bayern_Hamburg,0,21,Nicolai Remberg,Hamburger SV,1,1,3467430,3467535,2.1,-33.55050277709961,-5.531895160675049,-22.539947509765625,-6.1399617195129395,11.027332961101388,5.472502968815658,5.255665361038629,-0.05516974345877297,True,0.0007942718382781822,0.5949176768972647,0.5957119487355429,forward,-0.1436079514968395,0.051280918824493774,0.07696614342372733
Bayern_Hamburg,0,24,Nicolas Capaldo Taboas,Hamburger SV,1,1,3467457,3467532,1.5,-5.429014205932617,1.8794618844985962,3.0499331951141357,0.8372952342033386,8.542754845874082,6.1920792718707105,5.664010248435777,-0.12229885548606025,True,0.005460033913111895,0.5077496061531243,0.5132096400662362,forward,-0.13406673684653303,0.31918116784317374,0.047624291775666676
Bayern_Hamburg,0,20,Fábio Ferreira Vieira,Hamburger SV,21,1,3467908,3467997,1.78,-9.513428688049316,-12.021138191223145,-0.6338714361190796,-17.31544303894043,10.338094641222318,6.555190492481646,5.818391817690439,-0.537646687635572,True,0.0028497205335547005,0.40246427707941373,0.40531399761296844,diagonal,-0.5044943794121838,0.500733199818432,0.09242100082633488
Bayern_Hamburg,0,28,Miro Muheim,Hamburger SV,17,1,3468800,3468986,3.72,-23.268800735473633,14.495661735534668,-2.7229857444763184,24.42320442199707,22.818558618716985,6.70372431511986,6.143628199199439,0.45010980773346887,True,0.01216630062373375,0.4101840848390263,0.42235038546276005,diagonal,0.40818677292560296,0.27587355500147076,0.11387220246889891
Bayern_Hamburg,0,11,Ransford-Yeboah Königsdörffer,Hamburger SV,17,1,3468806,3468913,2.14,-7.452895164489746,-0.6464095115661621,2.4714808464050293,5.616247653961182,11.735165698811189,6.250600327785652,5.68956487587157,0.5629293818342076,True,0.010317443311125218,0.4793561693316509,0.48967361264277615,diagonal,1.1362355333242369,0.3031592946790156,0.093157539907509
Bayern_Hamburg,0,2,William Mikelbrencis,Hamburger SV,38,1,3468837,3468986,2.98,-20.269142150878906,-22.832395553588867,-3.8737332820892334,-24.4000186920166,16.470181367517515,5.932990045888459,5.533947260990351,-0.09532376654828988,True,0.004857042542861456,0.45770435997880293,0.4625614025216644,forward,-0.06827058865674243,0.04899969849187931,0.13144887698102817
Bayern_Hamburg,0,24,Nicolas Capaldo Taboas,Hamburger SV,28,1,3470055,3470201,2.92,9.157228469848633,10.096085548400879,21.92319107055664,21.534400939941406,17.14073686044531,7.554589667290015,6.099219555602293,0.730601316992577,True,0.0219979146627165,0.5332464808406704,0.5552443955033869,diagonal,0.7050413748746023,0.4153628286144448,0.08659562142937473
Bayern_Hamburg,1,44,Josip Stani&amp;#353;i&amp;#263;,FC Bayern München,2,1,3470303,3470436,2.66,22.170257568359375,3.715904712677002,33.67060089111328,-5.841723918914795,14.953466541261717,6.206901279851662,5.72669981153889,-0.693403020949187,False,0.0009084698826438142,0.6182487683606318,0.6191572382432756,sideways,-0.3742586320022147,0.49717920159805556,0.07807830978332465
Bayern_Hamburg,1,27,Konrad Laimer,FC Bayern München,6,1,3470979,3471094,2.3,-12.99889087677002,16.986553192138672,-28.00901985168457,15.376509666442871,15.096231715173303,7.388423584356335,6.556713922913536,-3.03473740871918,False,0.015511920393693979,0.40659519944355826,0.42210711983725224,forward,-3.1018892199511487,0.28093280327364456,0.11795117332904391
Bayern_Hamburg,1,27,Konrad Laimer,FC Bayern München,6,1,3471356,3471467,2.22,-28.95456314086914,15.411657333374023,-42.27629852294922,11.31453800201416,13.937539969649125,7.096810814607469,6.290758588756998,-2.8432223820608455,False,0.0008804975394998138,0.37540473532642626,0.3762852328659261,forward,-3.066069424435128,0.6984406110310176,0.062237966483371855
Bayern_Hamburg,1,14,Luis Díaz Marulanda,FC Bayern München,27,1,3471394,3471502,2.16,-29.284147262573242,-12.604633331298828,-39.08850860595703,-2.7728428840637207,13.884869633885005,7.5651299708289175,6.440424842938002,2.354797623519915,False,0.002550859205416922,0.4429337679729013,0.4454846271783182,diagonal,2.161492539848155,0.04432081156332565,0.16679763972701828
Bayern_Hamburg,1,44,Josip Stani&amp;#353;i&amp;#263;,FC Bayern München,17,1,3472456,3472527,1.42,-19.729938507080078,-9.925542831420898,-15.262571334838867,-15.83569049835205,7.408590614722221,5.36487552677135,5.206614824781251,-0.9235421151030242,False,0.0006677417783442774,0.5488607459162245,0.5495284876945687,sideways,-0.9307643641366572,0.36644091430272335,0.02906654225861103
Bayern_Hamburg,1,27,Konrad Laimer,FC Bayern München,17,1,3473145,3473206,1.22,-16.770095825195312,19.253862380981445,-21.551803588867188,24.680442810058594,7.2327383673407555,6.458295324658709,5.873572173375344,2.2931068417993496,False,0.012190642314539812,0.5374227725364153,0.5496134148509552,diagonal,2.268640684360271,0.5337346140009592,0.05341476228866107
Bayern_Hamburg,1,6,Joshua Kimmich,FC Bayern München,17,1,3473602,3473749,2.94,-32.32190704345703,27.740053176879883,-44.053714752197266,14.95962905883789,17.348618179897965,6.594010798869547,5.932947228447886,-2.3134412461027845,False,0.03205763805627326,0.5233881213178148,0.555445759374088,diagonal,-2.2889306503063116,0.10592308375566052,0.2570275637332685
Bayern_Hamburg,0,2,William Mikelbrencis,Hamburger SV,20,1,3473966,3474020,1.08,-33.8831672668457,-4.150604724884033,-28.257404327392578,-5.480218887329102,5.780751030091053,5.585890897547275,5.32662937070668,-0.23208504639518435,True,0.0004826953425981495,0.43965173868743773,0.4401344340300359,forward,-0.26328133100625384,0.25530892943162925,0.15873640767627306
Bayern_Hamburg,0,11,Ransford-Yeboah Königsdörffer,Hamburger SV,20,1,3473992,3474095,2.06,-17.27524757385254,8.563071250915527,-8.295223236083984,15.790299415588379,11.527083935287193,6.251804489198991,5.573266836787959,0.6776679938671066,True,0.004236649287401972,0.5817199087395388,0.5859565580269408,diagonal,0.6535302811517373,0.20257565305690314,0.10186337871218319
Bayern_Hamburg,0,38,Alexander Rössing-Lelesiit,Hamburger SV,20,1,3473993,3474071,1.56,-24.15296745300293,20.361337661743164,-15.92760944366455,22.739133834838867,8.562150957707741,6.466061372179526,5.522969680222259,0.2814096691430108,True,-0.001654356957207781,0.47196385261571305,0.47030949565850527,diagonal,0.39515509021761197,0.4041420530875486,0.059623438847622
Bayern_Hamburg,1,44,Josip Stani&amp;#353;i&amp;#263;,FC Bayern München,14,1,3481793,3481857,1.28,-22.12392807006836,-23.864824295043945,-28.661466598510742,-21.454627990722656,6.967672225085836,5.886257467325823,5.459225514061407,2.7883828223852447,False,0.022396923259569823,0.4589966432254626,0.4813935664850324,forward,2.953515347135572,0.28405021402612407,0.26137042160564034
Bayern_Hamburg,1,14,Luis Díaz Marulanda,FC Bayern München,9,1,3482281,3482452,3.42,-27.93022346496582,-21.053979873657227,-40.578529357910156,-3.816333293914795,21.38027365516158,7.035596788815106,6.335958489745824,2.2038229518591166,False,0.00035249796990322046,0.456133193045595,0.45648569101549824,diagonal,2.1710098175493986,0.0015111435654814145,0.09447324972901106
Bayern_Hamburg,1,27,Konrad Laimer,FC Bayern München,9,1,3482283,3482375,1.84,-25.493980407714844,9.50442886352539,-35.970401763916016,6.530328750610352,10.89039374468661,6.783760356844873,6.028749678251749,-2.864984927794603,False,0.009184790970997003,0.29917339773859963,0.30835818870959664,forward,-2.9432342275805015,0.3977280776537208,0.15829928065269377
Bayern_Hamburg,1,11,Nicolas Jackson,FC Bayern München,14,2,3536410,3536602,3.84,2.9772143363952637,-12.223775863647461,25.25680923461914,-17.818695068359375,22.971361947786587,6.55994965464295,5.978115049031401,-0.24603534560593068,True,0.06574937499777023,0.6909981962644353,0.7567475712622055,forward,-0.2670451632120755,0.26807104028266865,0.2892783901130755
Bayern_Hamburg,1,9,Harry Kane,FC Bayern München,14,2,3536431,3536542,2.22,3.470576047897339,-18.48626708984375,14.684338569641113,-19.919971466064453,11.305042155271234,5.339325656715617,5.178209860835628,-0.12716233638522154,True,0.02256539117850298,0.6743175051484575,0.6968828963269604,diagonal,-0.5048690837166417,0.184574379736845,0.31784491059695336
Bayern_Hamburg,1,45,Aleksandar Pavlovi&amp;#263;,FC Bayern München,14,2,3536432,3536603,3.42,4.129709243774414,-21.590360641479492,23.10209846496582,-23.74745750427246,19.094622793756653,5.940468632040918,5.592895471322195,-0.11321048680066613,True,0.008287120945838278,0.6494434917318554,0.6577306126776937,forward,0.014660485696838909,0.140359116625694,0.34041869073039294
Bayern_Hamburg,1,17,Michael Olise,FC Bayern München,1,2,3536506,3536625,2.38,8.300457000732422,-33.374515533447266,20.963937759399414,-31.264842987060547,12.838008536299817,5.799676046726744,5.405201341086949,0.16507894452322242,True,0.013063188141197113,0.6565615053242749,0.669624693465472,forward,-0.02688687516894607,0.1385124737217763,0.31277664298412783
Bayern_Hamburg,1,4,Jonathan Tah,FC Bayern München,1,2,3536627,3536706,1.58,-4.352166652679443,1.1650524139404297,-0.3474714159965515,-5.813561916351318,8.04603268136937,5.442953584598755,5.247662032869404,-1.0498248559716332,True,0.0007303604744101078,0.6424256971804898,0.6431560576548999,diagonal,-0.6776120650643711,0.2486605939800928,0.1778779665024792
Bayern_Hamburg,0,2,William Mikelbrencis,Hamburger SV,14,2,3536925,3537178,5.06,16.807538986206055,8.109014511108398,-11.787957191467285,24.604881286621094,33.01236165927536,7.64962631566137,6.577667851438109,2.6183546035942293,False,0.0005192596867055199,0.6566140503886385,0.657133310075344,forward,2.7939054011741535,0.104351400830279,0.18114520484311775
Bayern_Hamburg,0,20,Fábio Ferreira Vieira,Hamburger SV,14,2,3537032,3537341,6.18,7.133199691772461,4.760128498077393,-28.102928161621094,13.462671279907227,36.29488885463456,7.513638891985009,6.490497885069382,2.8994603918037143,False,-0.0008689142135070993,0.5958552163922588,0.5949863021787517,diagonal,2.1822400215904283,0.17720903582763595,0.0446389504201233
Bayern_Hamburg,0,23,Jonas Meffert,Hamburger SV,14,2,3537150,3537349,3.98,4.25667142868042,-8.089071273803711,-15.480794906616211,1.3904571533203125,21.895868024301304,5.923460326989682,5.593125998189663,2.6938443900484983,False,0.0023633090891505004,0.663464120680978,0.6658274297701285,diagonal,2.2137694598241175,0.04289053770558938,0.04706473129544363
Bayern_Hamburg,0,28,Miro Muheim,Hamburger SV,14,2,3537188,3537523,6.7,-1.8841190338134766,-21.900632858276367,-44.71101760864258,-0.4500619173049927,47.898541055363516,8.165760275613952,7.207441833370648,2.6772518581527502,False,-0.00029453596060113885,0.43639153993239727,0.4360970039717961,diagonal,2.6545216426912974,0.0144722946951878,0.046419510643686095
Bayern_Hamburg,0,23,Jonas Meffert,Hamburger SV,2,2,3538576,3538793,4.34,-32.51872634887695,24.13246726989746,-10.65781021118164,16.449113845825195,23.171827166163446,5.715845953392772,5.381084856600847,-0.33797961125976417,False,0.0030536837618170276,0.5219298739349206,0.5249835576967377,sideways,-0.41945840478349855,0.14291280521136293,0.025344380362817467
Bayern_Hamburg,1,22,Raphaël Guerreiro,FC Bayern München,45,2,3538972,3539035,1.26,-14.108295440673828,14.415042877197266,-9.500480651855469,9.450090408325195,6.773677741538347,5.8640657539897765,5.491781692904162,-0.8226885427791677,True,0.015220052593278521,0.5742227709026706,0.5894428234959491,sideways,-1.1997937877503402,0.6058090664276594,0.10678166110786953
Bayern_Hamburg,1,14,Luis Díaz Marulanda,FC Bayern München,9,2,3539134,3539222,1.76,-5.136190414428711,28.681419372558594,4.521937847137451,30.798267364501953,9.887390299662377,6.079273586712431,5.703126141369571,0.21576599506641456,True,0.002563150588477614,0.4276337327833549,0.43019688337183254,diagonal,0.6284617837124727,0.31875814096964744,0.06181727631097586
Bayern_Hamburg,1,11,Nicolas Jackson,FC Bayern München,9,2,3539184,3539234,1.0,7.969247817993164,12.129443168640137,13.36754322052002,13.675681114196777,5.615375769903721,6.317699371711522,5.592886399598595,0.2789619498512662,True,0.004741123302406336,0.36221880272435386,0.3669599260267602,diagonal,0.4497128747034321,0.3690138081444634,0.09560296599481598
Bayern_Hamburg,1,27,Konrad Laimer,FC Bayern München,9,2,3540875,3541016,2.82,25.400903701782227,-19.12448501586914,42.8990364074707,-19.04743766784668,17.498302331361234,7.3420497953437724,6.312669543167439,0.004403146975394847,True,0.004678228751141877,0.2778846809706378,0.28256290972177966,diagonal,0.49848368545008115,0.5509440115512041,0.10301211460479097
Bayern_Hamburg,0,2,William Mikelbrencis,Hamburger SV,17,2,3541411,3541750,6.78,15.694485664367676,19.483938217163086,-37.455223083496094,13.021157264709473,53.54119047632527,9.348144751836303,8.01524351315857,-3.0205908865623585,False,0.0024479195554790723,0.6087626073434088,0.6112105268988879,forward,2.825207036372224,0.2701453629789196,0.1462228589865849
Bayern_Hamburg,0,20,Fábio Ferreira Vieira,Hamburger SV,17,2,3541415,3541798,7.66,17.296072006225586,-0.2547904849052429,-33.19839096069336,1.6300429105758667,50.52962880574396,8.16327933208638,6.993911264496437,3.104282449486938,False,0.003327926713688756,0.6688511503377228,0.6721790770514116,diagonal,-2.3387123606556943,0.36168697231683167,0.2050357412313074
Bayern_Hamburg,0,21,Nicolai Remberg,Hamburger SV,17,2,3541426,3541740,6.28,21.39213752746582,-12.461380958557129,-11.234395027160645,-4.560333251953125,33.56958714968257,5.916727276882858,5.3974651603699,2.9040003352402133,False,0.0018391909222390534,0.564899875399017,0.566739066321256,diagonal,2.5417017721825164,0.2627125377566227,0.0697918356817352
Bayern_Hamburg,0,11,Ransford-Yeboah Königsdörffer,Hamburger SV,17,2,3541511,3541817,6.12,-6.513604640960693,-21.975805282592773,-44.90990447998047,0.9745428562164307,44.73247501559078,8.941954022416484,7.322444598548974,2.6028491650914813,False,0.00034445468912203125,0.514589372062983,0.5149338267521051,diagonal,2.630888419716652,0.0181888195483887,0.030271675237296524
Bayern_Hamburg,0,14,Rayan Philippe,Hamburger SV,17,2,3541514,3541798,5.68,3.098442792892456,-25.67901039123535,-33.178585052490234,-14.153233528137207,38.06397616635182,7.724812459743384,6.699321740908941,2.8339633073312727,False,0.00010331198649360385,0.6240639601511199,0.6241672721376135,forward,2.986125073023595,0.005468782414746272,0.05700122858235641
Bayern_Hamburg,0,44,Luka Vu&amp;#353;kovi&amp;#263;,Hamburger SV,17,2,3541542,3541734,3.84,34.439727783203125,-17.675132751464844,16.658733367919922,-8.250314712524414,20.124387132617713,5.427907608427202,5.247038325995462,2.6541949542632524,False,0.004475409887307102,0.6990290430990456,0.7035044529863527,diagonal,2.5398183994894814,0.0,0.03248571891881564
Bayern_Hamburg,0,8,Daniel Elfadli,Hamburger SV,17,2,3541574,3541631,1.14,25.605390548706055,-15.874957084655762,20.2219295501709,-13.616695404052734,5.837927555291274,5.225908672617503,5.101762518445014,2.744405592116169,False,0.004497470784013968,0.726015519312935,0.7305129900969489,diagonal,2.7449531217048735,0.01803983470130791,0.023608694768098723
Bayern_Hamburg,0,23,Jonas Meffert,Hamburger SV,17,2,3541581,3541671,1.8,18.78726577758789,-1.860880970954895,9.693004608154297,-0.5800761580467224,9.18401040867422,5.213043254138209,5.091568167830706,3.0016762897323725,False,0.001233264200740658,0.5126341305380951,0.5138673947388358,forward,2.9227475916866337,0.017318488587328762,0.023999662114719166
Bayern_Hamburg,1,14,Luis Díaz Marulanda,FC Bayern München,1,2,3541957,3542194,4.74,-23.71269416809082,21.889123916625977,6.0793046951293945,25.858909606933594,30.055322235722006,6.999041268482968,6.375606083983614,0.13246971441661817,True,7.297258202731971e-05,0.713183019148027,0.7132559917300543,diagonal,0.43430496566190685,0.26040966715354,0.10989378629483838
Bayern_Hamburg,1,11,Nicolas Jackson,FC Bayern München,45,2,3543722,3543806,1.68,21.95075225830078,1.318747639656067,16.951904296875,-6.8053998947143555,9.538881176619599,6.282114470736831,5.668252668558368,-2.1223952893163425,True,0.002844368822515486,0.36779405892396083,0.3706384277464763,sideways,-2.2594821715128575,0.32496973458617184,0.0419866544717067
Bayern_Hamburg,1,27,Konrad Laimer,FC Bayern München,17,2,3545265,3545349,1.68,30.645538330078125,-27.12140464782715,39.85808563232422,-29.707284927368164,9.568584253495441,6.446461967297344,6.069499150146814,-0.2736494693473982,True,0.003362485249663816,0.45385312660884014,0.45721561185850396,diagonal,-1.0601848526550424,0.5215073386335951,0.029074686799962116
Bayern_Hamburg,1,17,Michael Olise,FC Bayern München,27,2,3545352,3545404,1.04,25.95897102355957,-29.175065994262695,29.152690887451172,-24.81646728515625,5.403446055624148,5.314994571887937,5.171477847584557,0.9384334024363761,True,0.0011568014781586644,0.37231444148272014,0.3734712429608788,diagonal,0.8586095988358716,0.19747607320975707,0.15675545811614944
Bayern_Hamburg,0,20,Fábio Ferreira Vieira,Hamburger SV,23,2,3545674,3545762,1.76,22.482404708862305,1.7894524335861206,12.739937782287598,1.3508905172348022,9.752332970621735,6.060598693962345,5.570712395476555,-3.096607533682802,False,0.008055447086119272,0.5279070600846978,0.5359625071708171,forward,2.962353117816777,0.5219206657680765,0.10896363455954901
Bayern_Hamburg,0,11,Ransford-Yeboah Königsdörffer,Hamburger SV,23,2,3545704,3545888,3.68,12.888404846191406,-13.246871948242188,-0.6231523752212524,-22.6090087890625,16.438119867361763,5.914923425428316,5.409935085278274,-2.535648758936169,False,0.004202508932472204,0.5242816811630727,0.5284841900955449,forward,2.8401672226889554,0.33681145479416247,0.1269744361136801
Bayern_Hamburg,0,20,Fábio Ferreira Vieira,Hamburger SV,17,2,3546945,3547123,3.56,8.262847900390625,2.307671546936035,-8.65990924835205,14.03347110748291,20.588202564804988,6.485388312756935,5.865164863208073,2.535646857284146,False,0.002735477994537383,0.4905146606178183,0.49325013861235567,diagonal,2.5296454614211177,0.24843200700629753,0.0957170109763887
Bayern_Hamburg,0,14,Rayan Philippe,Hamburger SV,17,2,3546965,3547167,4.04,-0.8359047174453735,-11.26097583770752,-20.736576080322266,6.293814182281494,26.53690587350255,7.65331859543623,6.580801639281682,2.4187440112172087,False,0.0005905219616880175,0.38345279308917724,0.38404331505086525,diagonal,2.5142677605004295,0.0989126051793237,0.06328921206267277
Bayern_Hamburg,0,23,Jonas Meffert,Hamburger SV,17,2,3546987,3547077,1.8,16.76838493347168,-4.741461753845215,8.22321891784668,-1.1093047857284546,9.28506469959319,5.324771881795984,5.162025309298933,2.739676271277098,False,0.0001383124161338234,0.643847262822487,0.6439855752386209,diagonal,2.5968094028761035,0.09148892590448417,0.05562143293978219
Bayern_Hamburg,0,11,Ransford-Yeboah Königsdörffer,Hamburger SV,2,2,3547025,3547212,3.74,-7.208828449249268,-18.54954719543457,-25.00238037109375,-2.95223331451416,23.66192490680604,7.475770086194264,6.342598222377035,2.421873504045602,False,0.0007663701380969945,0.42233878940408404,0.42310515954218103,diagonal,2.2778073794402856,0.022285420781716313,0.07832987017739824
Bayern_Hamburg,0,2,William Mikelbrencis,Hamburger SV,20,2,3547122,3547252,2.6,-4.960804462432861,22.174699783325195,-20.176904678344727,23.867700576782227,15.30999534511096,6.6008388832167135,6.055749352181879,3.0307846300405714,False,0.003274215482546472,0.6338872357263442,0.6371614512088907,forward,2.8830935699243736,0.3160031322392514,0.05508708753543128
Bayern_Hamburg,0,28,Miro Muheim,Hamburger SV,20,2,3547170,3547255,1.7,5.114962100982666,-13.242424011230469,-6.08189058303833,-13.024271965026855,11.198977647219902,7.397405892767718,6.478473212721872,3.1221117820350544,False,-0.0002193883421596765,0.4564491305859691,0.4562297422438094,forward,3.0708803393097357,0.04460533631046893,0.14726311068326536
Bayern_Hamburg,0,28,Miro Muheim,Hamburger SV,20,2,3547275,3547433,3.16,-9.171829223632812,-12.871566772460938,-32.03560256958008,-10.414228439331055,22.995448316967387,7.910375895936122,7.22832560058496,3.034526271735372,False,-0.000327506359755092,0.5167933391273716,0.5164658327676165,forward,3.061369685399764,0.07990631375327084,0.08009785992515679
Bayern_Hamburg,0,2,William Mikelbrencis,Hamburger SV,20,2,3547278,3547390,2.24,-23.320409774780273,24.340267181396484,-36.93231201171875,28.828895568847656,14.332887612362109,6.978563065830249,6.462078513214615,2.8230636923861687,False,0.0009818980458172755,0.5199677507266547,0.520949648772472,diagonal,2.694375432869905,0.3700617056307161,0.04400466730387941
Bayern_Hamburg,0,8,Daniel Elfadli,Hamburger SV,20,2,3549656,3549948,5.84,3.093600034713745,-0.21731428802013397,37.85996627807617,-13.730947494506836,37.30038209197153,8.45480343351942,7.117038641820434,-0.3707258701067076,False,0.008659457443320306,0.6356721539191709,0.6443316113624912,sideways,-1.8034543362137538,0.4048804154076919,0.06942871641881604
Bayern_Hamburg,1,11,Nicolas Jackson,FC Bayern München,17,2,3549721,3549917,3.92,11.443914413452148,4.794933319091797,33.605674743652344,-2.8174617290496826,23.432716003532413,7.208526947627549,6.266636430377226,-0.330865632553157,True,0.0015492830390987367,0.5310778840706688,0.5326271671097675,forward,-0.267224981117199,0.1873007346755806,0.035943028207356516
Bayern_Hamburg,1,9,Harry Kane,FC Bayern München,17,2,3549755,3549957,4.04,9.439157485961914,18.110980987548828,33.20827102661133,10.618599891662598,24.922009007988837,6.755821037363024,6.175891258396912,-0.3053564038092298,True,0.0008368259847270076,0.622345040225661,0.623181866210388,forward,-0.14542249987920763,0.04554136014127701,0.0594888951999421
Bayern_Hamburg,1,14,Luis Díaz Marulanda,FC Bayern München,17,2,3549781,3549966,3.7,-4.683218955993652,18.89735221862793,15.571366310119629,12.315638542175293,21.297116687971094,6.209940358401896,5.761590917455055,-0.3141860586165935,True,0.000185723755769307,0.6155977332791003,0.6157834570348696,forward,-0.27489952761902353,0.07245809295635944,0.059182522941011784
Bayern_Hamburg,1,6,Joshua Kimmich,FC Bayern München,17,2,3549789,3549864,1.5,-1.368552327156067,-6.174833297729492,6.613447666168213,-6.562519073486328,7.991409397231066,5.611932151052095,5.315763817084549,-0.04853186554112263,True,0.0012402467431613662,0.6183816171578269,0.6196218639009883,forward,-0.16766132495019523,0.140739933750048,0.06562049375203433
Bayern_Hamburg,1,45,Aleksandar Pavlovi&amp;#263;,FC Bayern München,17,2,3549793,3549871,1.56,0.0459904782474041,4.3604044914245605,8.47368049621582,3.3211047649383545,8.491531249453116,5.695330248446054,5.411216023920345,-0.12270014871120127,True,0.0011545744499141808,0.8681856975656157,0.8693402720155299,forward,-0.1544479905164441,0.14719646311714424,0.07825234255887417
Bayern_Hamburg,0,14,Rayan Philippe,Hamburger SV,23,2,3550200,3550414,4.28,-0.3743809461593628,-24.88251304626465,-29.398971557617188,-17.37195587158203,29.98058253665032,8.901613181510655,7.159849955543756,2.8883814527119176,False,0.002108605636626959,0.5343512350702996,0.5364598407069265,diagonal,2.332539649195127,0.11017474211939694,0.16254228820898564
Bayern_Hamburg,0,28,Miro Muheim,Hamburger SV,11,2,3551296,3551524,4.56,-24.80703353881836,-29.771337509155273,-53.30645751953125,-20.327836990356445,30.023272128150634,7.832112560158671,6.677204429068094,2.8216213186209083,False,0.00466666925309539,0.390443357422768,0.39511002667586337,diagonal,2.6521184452369106,0.14430497247516152,0.10957111122537301
Bayern_Hamburg,1,45,Aleksandar Pavlovi&amp;#263;,FC Bayern München,6,2,3552947,3553110,3.26,-34.36997604370117,-5.3087239265441895,-28.220657348632812,11.577767372131348,17.971302367768505,5.763517129958834,5.51010624668813,1.2215663688467397,True,-0.00034568803857676356,0.47841329232401986,0.4780676042854431,sideways,1.1960642641728916,0.21616862528233582,0.037655564249833365
Bayern_Hamburg,1,22,Raphaël Guerreiro,FC Bayern München,4,2,3553237,3553645,8.16,-0.46540001034736633,20.195960998535156,48.586727142333984,18.60317611694336,49.07798021395997,8.185785555239246,6.913063353773413,-0.032459865166264285,True,0.027374791940890153,0.45955847256872545,0.4869332645096156,forward,0.1209453210274612,0.37285118255541366,0.08552617145866392
Bayern_Hamburg,1,14,Luis Díaz Marulanda,FC Bayern München,4,2,3553292,3553513,4.42,-0.9567381143569946,33.398983001708984,24.715152740478516,29.613176345825195,25.94953394761303,6.394569915792081,5.879019021051759,-0.14641367362905952,True,0.03355996314815557,0.5932996310957668,0.6268595942439223,forward,-0.072761761837971,0.2508172627678794,0.1103654865715664
Bayern_Hamburg,1,11,Nicolas Jackson,FC Bayern München,4,2,3553356,3553516,3.2,11.35167121887207,13.722394943237305,28.550514221191406,14.00970458984375,17.201242613586437,5.711463579138686,5.376652980909335,0.016703619262643167,True,0.0007635474206235671,0.4646037696097003,0.46536731703032386,forward,0.19525161866082846,0.23106740914332624,0.028129371841929093
Bayern_Hamburg,0,8,Daniel Elfadli,Hamburger SV,17,2,3553595,3553704,2.18,32.137874603271484,13.044404983520508,38.97232437133789,23.625165939331055,12.59611868935141,7.041200663460732,5.779613380883854,0.9972863326008464,False,0.010004408955667343,0.520858436608284,0.5308628455639514,sideways,0.8133522111736038,0.4581709739425289,0.13099127396272864
Bayern_Hamburg,0,2,William Mikelbrencis,Hamburger SV,21,2,3554067,3554252,3.7,18.832653045654297,32.61426544189453,-2.856299877166748,27.44414710998535,22.29665451260101,6.871174540280279,6.032405186806265,-2.907584117606455,False,0.002746225911729794,0.7744017092763116,0.7771479351880414,forward,-3.0788562959003083,0.24364711514755635,0.10001035551791414
Bayern_Hamburg,0,20,Fábio Ferreira Vieira,Hamburger SV,21,2,3554117,3554354,4.74,-0.04087619110941887,31.656970977783203,-11.208857536315918,7.969747543334961,26.187943053251708,6.159893313026701,5.563028716591893,-2.0113662997437167,False,0.01066954167121259,0.6126688596387325,0.6233384013099451,diagonal,-2.2473907368738257,0.3484624845225608,0.13459099515519893
Bayern_Hamburg,0,28,Miro Muheim,Hamburger SV,21,2,3554129,3554262,2.66,21.058847427368164,-8.500823974609375,6.412423610687256,-8.910343170166016,14.652147849014051,5.801948870394989,5.496395045989795,-3.1136395824136476,False,0.0019788699443806235,0.46918358303197677,0.4711624529763574,forward,-3.1047239486367983,0.008752660411451637,0.10324617132814638
Bayern_Hamburg,0,14,Rayan Philippe,Hamburger SV,21,2,3554180,3554230,1.0,-10.574847221374512,-14.127656936645508,-15.151047706604004,-11.622099876403809,5.217224076378325,5.376464050177771,5.216870497790398,2.6406561781499693,False,0.0001389768348928344,0.6174388560467717,0.6175778328816646,diagonal,2.582405536952711,0.020711052787545935,0.11620870817533527
Bayern_Hamburg,0,28,Miro Muheim,Hamburger SV,21,2,3554383,3554479,1.92,-3.228766679763794,-11.781038284301758,-11.004171371459961,-20.643110275268555,11.789539350319375,6.8374462195872745,6.141745713858086,-2.2909727001716624,False,0.001477907779048493,0.47167504239681207,0.47315295017586056,diagonal,-2.6108817901324164,0.4445514728311995,0.10678975145838622
Bayern_Hamburg,1,9,Harry Kane,FC Bayern München,27,2,3554605,3554687,1.64,-6.028085708618164,9.450304985046387,2.0410189628601074,6.809138298034668,8.490359925695312,5.3570809991753165,5.180829424346321,-0.3163274101738855,True,0.0064551320282068,0.578921997057669,0.5853771290858758,forward,-0.3922866944230976,0.019166321523274143,0.06816203688782538
Bayern_Hamburg,1,11,Nicolas Jackson,FC Bayern München,27,2,3554616,3554689,1.46,12.267186164855957,-1.2376381158828735,20.388490676879883,-1.2122761011123657,8.121344113434265,6.019552699367316,5.561087436496729,0.003122888975012163,True,0.001917261833493611,0.3487832377743985,0.3507004996078921,forward,-0.10851069936774528,0.26120380333398335,0.045620810077411485
Bayern_Hamburg,0,20,Fábio Ferreira Vieira,Hamburger SV,8,2,3557667,3557766,1.98,20.027999877929688,-24.3428955078125,29.447694778442383,-31.67728614807129,11.938339000156622,7.1129183619889,6.106555160937564,-0.6615695610848537,False,6.630263625506672e-05,0.4390114945463373,0.4390777971825924,sideways,-0.49602291462722486,0.42925870532805566,0.09352687785786343
Bayern_Hamburg,0,14,Rayan Philippe,Hamburger SV,8,2,3559970,3560033,1.26,-0.11242857575416565,-21.816814422607422,-5.671971321105957,-18.362157821655273,6.545469254980577,5.655220546988398,5.358624141968184,2.5855919055744097,False,0.021249063669441348,0.5846522362257911,0.6059012998952324,diagonal,2.0969645810473865,0.49563793653848526,0.14621618982101794
Bayern_Hamburg,0,11,Ransford-Yeboah Königsdörffer,Hamburger SV,8,2,3559976,3560047,1.42,-6.807257175445557,-18.116161346435547,-14.293137550354004,-17.47477149963379,7.5133072559971765,5.6287001654971665,5.343077098597323,3.056121446552938,False,0.04031285252454608,0.46696084400749205,0.5072736965320381,forward,2.7603837199806196,0.5636461382721767,0.07989657671527346
Bayern_Hamburg,1,22,Raphaël Guerreiro,FC Bayern München,6,2,3561367,3561417,1.0,11.78773307800293,17.175790786743164,16.038951873779297,14.040804862976074,5.282139527859905,5.437844522995081,5.269403550727122,-0.6354091216930463,True,0.006188338922103354,0.5433513112146261,0.5495396501367295,diagonal,-0.5906527078399646,0.014082085213917121,0.23251801210145456
Bayern_Hamburg,1,22,Raphaël Guerreiro,FC Bayern München,6,2,3561625,3561694,1.38,21.30201530456543,7.810266494750977,29.261943817138672,6.02209997177124,8.15830873644666,6.382176823179532,5.897810547634216,-0.22097752502785725,True,0.022769229654700462,0.44233177253566847,0.46510100219036893,forward,-0.2290434615074771,0.08274609856791319,0.360814683292436
Bayern_Hamburg,1,27,Konrad Laimer,FC Bayern München,6,2,3563341,3563456,2.3,17.469789505004883,-23.627927780151367,29.028818130493164,-28.74927520751953,12.642758490007946,6.710740663826913,5.832418751474687,-0.4170679573628471,True,0.013169592038693834,0.4618319660185083,0.4750015580572021,diagonal,0.4767087163244661,0.46703950446952597,0.17831640223078188
Bayern_Hamburg,1,14,Luis Díaz Marulanda,FC Bayern München,45,2,3564553,3564631,1.56,22.894529342651367,24.251157760620117,26.87189483642578,17.102418899536133,8.180703122289657,5.4370939837968795,5.245826496860838,-1.0630733660806695,True,0.006554174234236543,0.6487949980015356,0.6553491722357722,diagonal,-1.1638224144053548,0.2551414532942607,0.18415533918771787
Bayern_Hamburg,1,6,Joshua Kimmich,FC Bayern München,45,2,3565562,3565746,3.68,21.23322868347168,-18.213918685913086,40.75608444213867,-7.8996477127075195,22.079992814365404,7.166584199496738,6.020581320295038,0.48604432087891347,True,0.020409210819668122,0.44746373429395103,0.46787294511361915,forward,0.38879458838769554,0.18981805729259388,0.1862388642467451
Bayern_Hamburg,1,11,Nicolas Jackson,FC Bayern München,22,2,3565651,3565763,2.24,31.398828506469727,-7.633042812347412,42.688560485839844,1.4579617977142334,14.49497888877988,7.3335678268121915,6.4699777682967445,0.6779311758599528,True,0.001620400845337433,0.5184142013969029,0.5200346022422403,diagonal,0.707071834312672,0.17171483094841794,0.06545357611877173
Bayern_Hamburg,1,9,Harry Kane,FC Bayern München,22,2,3565659,3565734,1.5,33.34812927246094,-5.866600036621094,40.464256286621094,-2.4604713916778564,7.889295027286202,5.573580849164127,5.26029621841584,0.44642155869543915,True,0.0075161685178429805,0.5268436288194522,0.5343597973372952,forward,0.3778430983307134,0.15577053511062305,0.12226322153338504
Bayern_Hamburg,1,45,Aleksandar Pavlovi&amp;#263;,FC Bayern München,4,2,3566117,3566177,1.2,17.989290237426758,-8.457209587097168,11.88144302368164,-8.173942565917969,6.114412301418815,5.226397008019322,5.088568002375751,3.095248306380975,True,0.005655681665990342,0.47651259383584604,0.4821682755018364,sideways,-3.1296200877829716,0.3877879774655652,0.046771087170570574
Bayern_Hamburg,0,20,Fábio Ferreira Vieira,Hamburger SV,21,2,3567084,3567510,8.52,26.579084396362305,3.560123920440674,-21.04475212097168,0.679109513759613,47.7109007318166,6.617124886898025,5.983318301409839,-3.0811710707838516,False,0.010515334788594788,0.49141541588170834,0.5019307506703031,forward,-2.841228468161926,0.49994697742494726,0.10511919505561328
Bayern_Hamburg,0,14,Rayan Philippe,Hamburger SV,21,2,3567111,3567538,8.54,28.93372917175293,-20.437929153442383,-31.063875198364258,-4.382152080535889,62.10877963354275,8.02807251785959,7.352421057992995,2.8801125915946018,False,0.016883127972052714,0.5599805739895453,0.576863701961598,forward,-2.8581373442883664,0.10235981238756381,0.15542507245880965
Bayern_Hamburg,0,11,Ransford-Yeboah Königsdörffer,Hamburger SV,21,2,3567126,3567428,6.04,8.901480674743652,-1.8002285957336426,-25.20818519592285,25.22671890258789,43.519250876888265,8.815545966047317,7.291563857947962,2.4715310145777885,False,-0.0045430425912870165,0.3440723496883455,0.3395293070970585,diagonal,2.443271450714947,0.3773211074421239,0.07386637601469107
Bayern_Hamburg,0,2,William Mikelbrencis,Hamburger SV,21,2,3567342,3567705,7.26,16.932514190673828,12.415766716003418,-28.24525260925293,16.637680053710938,45.37460925737738,6.985971106745986,6.245541276772036,3.0484121472027943,False,-0.0002802307691516237,0.5458533699352249,0.5455731391660733,forward,2.9768779012986557,0.11388960003696735,0.04190603212917427
Bayern_Hamburg,0,28,Miro Muheim,Hamburger SV,11,2,3567500,3567751,5.02,6.1558380126953125,-14.513676643371582,-21.262819290161133,-11.490647315979004,27.58480513989103,5.887707840601417,5.491977610180797,3.0317817133161613,False,0.00044030266444805566,0.5372771592267153,0.5377174618911633,forward,3.125738509857558,0.06472471111311359,0.08713859787247377
Bayern_Hamburg,1,17,Michael Olise,FC Bayern München,1,2,3568544,3568887,6.86,-37.72970199584961,-14.256937980651855,-2.2087762355804443,-17.402523040771484,35.65993371049645,6.934521726890978,6.092806991725321,-0.08832542414831263,True,0.002998251791302642,0.6121982485831966,0.6151965003744992,diagonal,-0.7358145464707891,0.2986110458306985,0.0663434237267716
Bayern_Hamburg,1,11,Nicolas Jackson,FC Bayern München,1,2,3568600,3568856,5.12,-15.59421443939209,0.4909285604953766,6.575799942016602,-23.62906265258789,32.76100599479635,7.615440521705955,6.540322283353393,-0.8274984958446987,True,0.01397571625198879,0.5603013855418189,0.5742771017938076,diagonal,-0.9352300360752717,0.2731012800364193,0.04454659694570371
Bayern_Hamburg,1,9,Harry Kane,FC Bayern München,1,2,3568650,3568917,5.34,-21.5551815032959,-6.916500091552734,11.449542999267578,-12.775680541992188,33.52076722035052,7.084448244017848,6.287075493396106,-0.17569507277600693,True,0.0025359217072838947,0.5849283030336917,0.5874642247409756,forward,-0.2872408482526317,0.3224969207459965,0.04536024961350298
Bayern_Hamburg,1,14,Luis Díaz Marulanda,FC Bayern München,1,2,3568718,3568906,3.76,-18.96874237060547,23.739866256713867,0.4807857275009155,19.358362197875977,19.936943623751425,5.567990824309577,5.2982431472944995,-0.22157674430543156,True,0.004908454675302543,0.46500429488806505,0.4699127495633676,forward,-0.1982759319345768,0.05056357777225043,0.058394426914022496
Bayern_Hamburg,1,11,Nicolas Jackson,FC Bayern München,17,2,3569126,3569231,2.1,27.235042572021484,-25.99869155883789,40.37889099121094,-25.984424591064453,13.14385616221505,6.922231262547922,6.228277449415283,0.0010854478624014007,True,0.001332466531995924,0.5503320334594548,0.5516644999914507,forward,0.17363993673852265,0.28070118056492854,0.06176975546887422
Bayern_Hamburg,1,9,Harry Kane,FC Bayern München,17,2,3569187,3569278,1.82,34.177066802978516,-7.223352432250977,38.165924072265625,1.4601190090179443,9.555818049025293,5.481189216525017,5.282791413153949,1.140184246189556,True,0.028585106292677298,0.34850554860163,0.3770906548943073,diagonal,1.0341980917954143,0.33951010811522164,0.20794885905727262
Bayern_Hamburg,1,6,Joshua Kimmich,FC Bayern München,17,2,3569215,3569294,1.58,4.638247489929199,-4.289285659790039,12.862543106079102,-5.679914474487305,8.341036319432305,5.59683623289268,5.275465679120371,-0.1675035359633422,True,0.0008592108981796409,0.7277764470862688,0.7286356579844484,forward,-0.18041285290624054,0.08696184087762684,0.10698443392527227
Bayern_Hamburg,0,23,Jonas Meffert,Hamburger SV,14,2,3570991,3571192,4.02,6.525890350341797,-26.11199951171875,-21.17336654663086,-30.63881492614746,28.066722117853317,8.271065620806331,7.051927437634738,-2.979597415689305,False,0.04128800482464401,0.4371337606390911,0.4784217654637351,forward,-2.757575999770175,0.43575191853257295,0.10623447867554953
Bayern_Hamburg,0,20,Fábio Ferreira Vieira,Hamburger SV,14,2,3571059,3571159,2.0,3.4498095512390137,-7.264819145202637,-7.127718925476074,-5.717438220977783,10.6901120854916,5.574917985258024,5.327628251541793,2.9963335568440557,False,0.01261255904743841,0.39406309171855397,0.4066756507659924,forward,2.954226062949861,0.2105336940823574,0.0709919085844452
Bayern_Hamburg,0,11,Ransford-Yeboah Königsdörffer,Hamburger SV,14,2,3571077,3571234,3.14,-5.538319110870361,15.43103313446045,-24.247648239135742,10.465938568115234,19.356940886475584,6.941238672834244,6.153098806511625,-2.882191251745371,False,3.125629561873122e-05,0.6251717971292077,0.6252030534248264,forward,-2.8591290281563007,0.041831543060780955,0.060846519076866716
Bayern_Hamburg,0,28,Miro Muheim,Hamburger SV,23,2,3571231,3571289,1.16,4.017414093017578,-29.211223602294922,-1.7391095161437988,-30.7417049407959,5.956503772376214,5.2746698412535835,5.128002568222498,-2.8817350927133933,False,-0.00017475124323707014,0.5240887178298833,0.5239139665866462,forward,-2.9742241906974756,0.06754177364589099,0.0788037782347097
Bayern_Hamburg,1,44,Josip Stani&amp;#353;i&amp;#263;,FC Bayern München,4,2,3575046,3575176,2.6,2.4442379474639893,16.037294387817383,8.370904922485352,30.554357528686523,15.680258405676556,6.572714507348583,6.085241946497235,1.1831936905915472,True,0.0013381887927648162,0.5236863132606417,0.5250245020534066,diagonal,1.1576186217360398,0.4758088691878328,0.04070652197459925
Bayern_Hamburg,1,22,Raphaël Guerreiro,FC Bayern München,4,2,3575079,3575331,5.04,7.881071090698242,10.810114860534668,33.38853073120117,31.88488006591797,33.08740282605935,8.257150428608195,6.711898846677446,0.6905253418449359,True,0.005553188580422641,0.4404740238587685,0.44602721243919113,diagonal,1.004372634765458,0.33294844505036064,0.0570211815320288
Bayern_Hamburg,1,11,Nicolas Jackson,FC Bayern München,44,2,3575259,3575393,2.68,23.624671936035156,13.995542526245117,37.35737609863281,22.06452751159668,15.927827294118176,6.706522212109084,5.974732910446076,0.5312329040713119,True,0.001972374160873258,0.37685591276133135,0.3788282869222046,diagonal,0.40488997939095955,0.20887747069921678,0.06399469823158946
Bayern_Hamburg,1,17,Michael Olise,FC Bayern München,11,2,3575356,3575426,1.4,26.653432846069336,-19.281099319458008,31.7810001373291,-13.95253849029541,7.394964965196454,5.5096619136739795,5.268247056396746,0.8046183551278733,True,0.0035209945913884377,0.5181274453479795,0.5216484399393679,diagonal,0.8302080542043566,0.044677691883540045,0.12769679698988987
Bayern_Hamburg,1,11,Nicolas Jackson,FC Bayern München,6,2,3577360,3577477,2.34,31.755990982055664,-7.380837917327881,46.08955383300781,-2.814333438873291,15.043403443168748,7.755581725319791,6.459708455433971,0.3084217908688339,True,0.014184234694441855,0.3951645592298385,0.40934879392428036,forward,0.1562170213907796,0.33483398250833113,0.09467615279935739
Bayern_Hamburg,1,22,Raphaël Guerreiro,FC Bayern München,6,2,3577368,3577520,3.04,21.73466682434082,6.021423816680908,40.67218017578125,-1.9733999967575073,20.55593879500293,7.919201688090829,6.765310641851932,-0.3994699979942025,True,0.013445463192841955,0.4574506976448498,0.47089616083769176,forward,-0.28693992434061727,0.04626463200476171,0.11813884554001039
Bayern_Hamburg,1,17,Michael Olise,FC Bayern München,6,2,3577376,3577503,2.54,18.950786590576172,-19.467628479003906,32.17969512939453,-9.688899993896484,16.450761438725948,7.317985762077448,6.537162720251356,0.6365492569418437,True,0.006903934775777165,0.37319784122090965,0.3801017759966868,diagonal,0.4620184078396182,0.12693969275598038,0.10235504811286057
Bayern_Hamburg,1,9,Harry Kane,FC Bayern München,6,2,3577382,3577557,3.5,27.01056671142578,-16.516504287719727,47.12279510498047,-6.206785678863525,22.60070858951779,7.030876700039353,6.460051829270743,0.47368421866328025,True,0.005928441969252574,0.4010444388370859,0.4069728808063385,diagonal,0.4453619002963975,0.16297236623297087,0.0901675614486856
Bayern_Hamburg,1,45,Aleksandar Pavlovi&amp;#263;,FC Bayern München,22,2,3579917,3579976,1.18,29.719676971435547,14.607714653015137,33.95143508911133,9.717971801757812,6.466634512475324,6.00918561459118,5.492855028280203,-0.857409009227432,True,0.026856830149566246,0.42572758316573306,0.4525844133152993,diagonal,-0.9693420513112779,0.4395896094063121,0.21719598428968628
Bayern_Hamburg,0,20,Fábio Ferreira Vieira,Hamburger SV,44,2,3582021,3582149,2.56,12.507162094116211,32.30173873901367,-2.2873570919036865,28.73445701599121,15.218518220803265,6.907197949794932,6.2756630156527216,-2.904987199703886,False,0.003606893034007297,0.5100041964834274,0.5136110895174347,forward,2.9414037948706007,0.21012635893243214,0.07561463622877404
Bayern_Hamburg,0,14,Rayan Philippe,Hamburger SV,44,2,3582037,3582105,1.36,4.738466739654541,-3.9279239177703857,-2.251523733139038,-3.431471347808838,7.007598159424271,5.336255476254032,5.147974712227362,3.0706883605733357,False,0.016212272534684657,0.4629797556285106,0.4791920281631953,forward,-3.1158973252114657,0.07506585536957368,0.12089834077823512
Bayern_Hamburg,0,21,Nicolai Remberg,Hamburger SV,44,2,3582042,3582123,1.62,16.584829330444336,12.886042594909668,7.578933238983154,11.681923866271973,9.086036887601319,6.181046846434542,5.613269457398264,-3.0086775580066,False,0.01828508295992004,0.48622543784119443,0.5045105208011145,forward,-3.1083664612570088,0.24186100083897608,0.11678906880984075
Bayern_Hamburg,0,28,Miro Muheim,Hamburger SV,44,2,3582046,3582105,1.18,24.073923110961914,-6.812042713165283,18.047348022460938,-8.40572452545166,6.233733152465939,5.417924904342443,5.271790637500879,-2.8830680329739,False,0.00025882069082594494,0.6348767622566344,0.6351355829474603,forward,-2.9082946532826344,0.03715366380061072,0.16517723123485759
Bayern_Hamburg,0,8,Daniel Elfadli,Hamburger SV,1,2,3583041,3583140,1.98,22.72572898864746,-10.18657112121582,27.9340763092041,-19.556804656982422,10.720455136156982,5.837454677601396,5.5556220744788,-1.0634807582309913,False,0.005223753166383904,0.5248818295035764,0.5301055826699603,sideways,-0.5922745339134232,0.31481694958917134,0.06098363302309539
Bayern_Hamburg,0,1,Daniel Heuer Fernandes,Hamburger SV,28,2,3583247,3583366,2.38,46.51433181762695,-5.904042720794678,46.358787536621094,8.36723804473877,14.272128387596524,6.4399659765186295,5.98860707239683,1.5816950068035334,False,0.0005721758543847377,0.5778984439977292,0.5784706198521139,sideways,1.6209733184016848,0.5455392346979244,0.07737140011612656
Bayern_Hamburg,0,28,Miro Muheim,Hamburger SV,20,2,3583843,3584127,5.68,10.006061553955078,-20.46015167236328,-30.662086486816406,-26.716867446899414,41.146625102788626,8.292858118227421,7.395973631433126,-2.98894146084008,False,0.005587236613037394,0.5896658344691739,0.5952530710822113,diagonal,-2.528752069415128,0.21674208925591723,0.09440212310230435
Bayern_Hamburg,0,14,Rayan Philippe,Hamburger SV,20,2,3583920,3584113,3.86,-12.390166282653809,10.685871124267578,-33.29629135131836,-4.434899806976318,25.801235996397434,7.932236759043012,6.755009668693055,-2.515419422770688,False,0.0022294966631044577,0.5368997451948458,0.5391292418579503,diagonal,-2.5116434357033515,0.1389468081025325,0.08409800354420209
Bayern_Hamburg,0,11,Ransford-Yeboah Königsdörffer,Hamburger SV,20,2,3583931,3584035,2.08,-18.308490753173828,12.858495712280273,-25.955028533935547,4.2662763595581055,11.501989977300003,6.101770224089717,5.635670281848467,-2.2980241105314936,False,0.00027712052347550475,0.6108328495073072,0.6111099700307827,diagonal,-2.08406164031123,0.15203627326747743,0.0800246639309199
Bayern_Hamburg,0,2,William Mikelbrencis,Hamburger SV,20,2,3583972,3584198,4.52,-12.804561614990234,25.613990783691406,-36.42388153076172,15.735823631286621,25.601766727599255,6.12986495430765,5.68908182805907,-2.7454752841339785,False,0.00011728939106814273,0.6202916373894238,0.620408926780492,forward,-2.953869459000942,0.05830589391540149,0.08546306518028951
Bayern_Hamburg,1,11,Nicolas Jackson,FC Bayern München,9,2,3584599,3584840,4.82,-17.393470764160156,4.330600261688232,10.999785423278809,16.849924087524414,31.030798668124714,7.6544812943021485,6.611764794787742,0.41528238296910674,True,0.02273524064672844,0.3636864567467639,0.38642169739349236,diagonal,0.7349700253481128,0.4049316195165565,0.08359007433618518
Bayern_Hamburg,1,14,Luis Díaz Marulanda,FC Bayern München,9,2,3584601,3584699,1.96,-27.832271575927734,17.63320541381836,-18.065176010131836,23.323999404907227,11.304038749066772,6.265116659310335,5.754528961554507,0.5275641281199961,True,0.02296501664257189,0.5445904218238791,0.567555438466451,diagonal,0.7523106679252249,0.31132538604094767,0.10033463793694075
Bayern_Hamburg,1,17,Michael Olise,FC Bayern München,9,2,3584609,3584889,5.6,-13.755871772766113,-21.4111385345459,15.503371238708496,-14.510414123535156,30.06199093541952,5.834293268912678,5.394586718386382,0.2316151198747318,True,0.018704341162723126,0.5761070846791476,0.5948114258418707,forward,-0.03682094065376336,0.06049668899204388,0.19263918103705482
Bayern_Hamburg,1,14,Luis Díaz Marulanda,FC Bayern München,9,2,3584715,3584841,2.52,-16.614591598510742,23.747976303100586,-1.6557904481887817,21.38128089904785,15.144866423657819,6.805678897691982,6.083100094288337,-0.15691359626741228,True,0.0009449715119091984,0.6209762030582762,0.6219211745701854,forward,0.18518183528950372,0.21006233046498626,0.03188012489594134
Bayern_Hamburg,1,11,Nicolas Jackson,FC Bayern München,14,2,3584894,3585049,3.1,15.73740005493164,18.87774658203125,31.152095794677734,14.587690353393555,16.00054459053877,5.4123426833463455,5.2086180956234855,-0.2714404137302883,True,0.026074831722992076,0.6142668430025747,0.6403416747255668,forward,0.0872860880341352,0.19979564967995514,0.11284111778914956
Bayern_Hamburg,1,17,Michael Olise,FC Bayern München,14,2,3584895,3584982,1.74,16.083728790283203,-14.400199890136719,25.162593841552734,-13.701956748962402,9.105675927868303,5.496745653207958,5.238795094038653,0.07675753677244633,True,0.017942523241743946,0.5623522780384327,0.5802948012801766,forward,0.1733089829556144,0.223846358993396,0.11242451411576226
Bayern_Hamburg,0,20,Fábio Ferreira Vieira,Hamburger SV,28,2,3591732,3591957,4.5,4.274338245391846,2.6630144119262695,-18.512033462524414,-3.645190477371216,23.643438509165357,5.55356824980883,5.304594833670983,-2.871515565900505,False,0.002379099143807406,0.5490775733592554,0.5514566725030629,diagonal,-2.578772284258596,0.08985513172563457,0.059137087758744
Bayern_Hamburg,0,11,Ransford-Yeboah Königsdörffer,Hamburger SV,28,2,3591760,3591822,1.24,-14.656143188476562,-5.767366409301758,-21.425418853759766,-7.170314311981201,6.913129237199895,5.9927310051031775,5.563199525971284,-2.9372335597725967,False,0.024660511891267556,0.4021174786807897,0.42677799057205723,forward,-2.8205988231359926,0.18720681250800125,0.07207168816610263
Bayern_Hamburg,1,27,Konrad Laimer,FC Bayern München,6,2,3592177,3592376,3.98,-13.883404731750488,-28.620704650878906,15.121009826660156,-26.698165893554688,29.068061840266495,8.623005568595644,7.603724038538067,0.06618752883316416,True,-0.0010121054107590233,0.4657548104809173,0.4647427050701583,forward,-0.35794144781570075,0.4492143494883473,0.07075035250875311
Bayern_Hamburg,1,42,Lennart Karl,FC Bayern München,6,2,3592192,3592376,3.68,-25.75014305114746,-27.497543334960938,-2.1884572505950928,-27.31968116760254,23.562357112872398,7.606638742755867,6.375412080511063,0.007548644461824518,True,0.006879307601428408,0.5635979247228453,0.5704772323242737,forward,-0.15558476980899236,0.11841696824742383,0.09043187378080525
Bayern_Hamburg,1,17,Michael Olise,FC Bayern München,6,2,3592218,3592376,3.16,-1.5960571765899658,-16.985153198242188,19.163423538208008,-13.92721939086914,20.983493482219398,7.716052127712424,6.664070023186206,0.14625125785303417,True,0.0031070130046129685,0.3415004913962247,0.34460750440083765,forward,-0.230862041340795,0.26816969915068106,0.03525629597843544
Bayern_Hamburg,1,20,Tom Bischof,FC Bayern München,6,2,3592218,3592376,3.16,-23.443761825561523,6.808557033538818,-2.189471483230591,9.77703857421875,21.46058574721248,7.431939941418414,6.7507622424900084,0.13876741600215056,True,0.0002507809543639272,0.652926690666344,0.6531774716207079,forward,0.2098268114065005,0.011328511605041613,0.14101663554029129
Bayern_Hamburg,1,20,Tom Bischof,FC Bayern München,6,2,3598568,3598623,1.1,17.81328582763672,23.146108627319336,23.820941925048828,23.395666122436523,6.012837161286015,5.757511862562501,5.433564374683532,0.041516041700238836,True,0.010411150471907438,0.605211681520475,0.6156228319923824,forward,-0.09691797216188741,0.015240704702350599,0.33079246441569476
Bayern_Hamburg,1,17,Michael Olise,FC Bayern München,42,2,3598947,3599002,1.1,28.441709518432617,-13.902161598205566,34.28358459472656,-13.631537437438965,5.848140032815135,5.4176927803870605,5.310446689721824,0.04629178476570613,True,0.035829737965070274,0.463895718167046,0.4997254561321163,forward,0.05115910477150814,0.4309481575483748,0.17548602174401082
Bayern_Hamburg,1,11,Nicolas Jackson,FC Bayern München,27,2,3600930,3601072,2.84,37.16659164428711,8.377042770385742,28.6757755279541,21.250032424926758,15.421018804453238,6.029770339961704,5.669143362203736,2.153879401640427,True,0.00546334045723218,0.478203509674211,0.48366685013144317,sideways,2.583229070719673,0.09532301546181676,0.03509956996468295
Bayern_Hamburg,1,20,Tom Bischof,FC Bayern München,11,2,3601099,3601281,3.64,18.501676559448242,10.491052627563477,36.716556549072266,19.331275939941406,20.246762735042754,6.441158374400982,5.846261891406089,0.45184268882508544,True,0.005344084884330913,0.7071323368438659,0.7124764217281968,diagonal,1.0605997507318123,0.09760112353103376,0.06324291527996025
Bayern_Hamburg,1,42,Lennart Karl,FC Bayern München,6,2,3602612,3602720,2.16,28.675823211669922,-12.344018936157227,38.51725769042969,-20.693889617919922,12.90636172598156,6.621915992505803,5.984238130959211,-0.7035879434585925,True,0.00708830865508836,0.414144791673863,0.42123310032895134,diagonal,-0.8366945888680613,0.303457404683791,0.061142890420373706
Bayern_Hamburg,0,14,Rayan Philippe,Hamburger SV,8,2,3603253,3603348,1.9,23.193918228149414,-22.371257781982422,12.075161933898926,-24.527070999145508,11.325823244172138,6.806368889547504,6.0069115002446845,-2.9500791487164055,False,-0.0016971850527144339,0.4441911528329068,0.44249396778019234,forward,-2.7582358164712595,0.34944757740574794,0.11217368569317138
Bayern_Hamburg,0,11,Ransford-Yeboah Königsdörffer,Hamburger SV,8,2,3603255,3603348,1.86,20.769927978515625,-4.335490703582764,10.401914596557617,-5.545333385467529,10.438362936944205,6.161765843883343,5.634656743428039,-3.025428082857259,False,0.0158089213465355,0.4882481130528144,0.5040570343993499,forward,3.039910922757132,0.23951248022470636,0.15063270408327903
Bayern_Hamburg,0,20,Fábio Ferreira Vieira,Hamburger SV,8,2,3603286,3603340,1.08,23.550710678100586,4.788395404815674,18.029008865356445,5.866323947906494,5.6259328873416035,5.412285092228028,5.1884794736219515,2.9488005989301302,False,0.004553400141976027,0.4790573669457913,0.48361076708776735,forward,2.975243725760151,0.06680172498318454,0.1423743963121689
Bayern_Hamburg,1,6,Joshua Kimmich,FC Bayern München,45,2,3604995,3605054,1.18,7.909647464752197,-15.059224128723145,3.8161094188690186,-10.374747276306152,6.221043088897848,5.626005256701431,5.278485578382307,2.2889755897522273,True,0.0017972507725191322,0.6923573166318328,0.6941545674043519,sideways,2.491381667038997,0.37103896803311043,0.036155214933774646
Bayern_Hamburg,1,17,Michael Olise,FC Bayern München,6,2,3608590,3608689,1.98,18.10440444946289,7.510433197021484,30.0377140045166,6.362933158874512,11.988354068606895,6.586364059423542,6.038585504587861,-0.09586466263941178,True,0.015357613382370072,0.46735628835178833,0.4827139017341584,forward,-0.007089791655709688,0.07198820030657069,0.3037311712784907
Bayern_Hamburg,1,11,Nicolas Jackson,FC Bayern München,6,2,3608648,3608727,1.58,22.187652587890625,-10.190052032470703,32.286197662353516,-11.574519157409668,10.193005535218525,7.445793678329053,6.432564859922328,-0.13624634466864413,True,0.037282096154076905,0.4172962074913353,0.4545783036454122,forward,-0.24539459666234026,0.26009623823437816,0.22364897419049704
Bayern_Hamburg,1,27,Konrad Laimer,FC Bayern München,6,2,3609882,3609997,2.3,15.335514068603516,-14.407809257507324,27.859285354614258,-7.757881164550781,14.179788110751154,6.998411388550317,6.225094678788339,0.4881268453205277,True,0.03154793395370631,0.4247162798440117,0.45626421379771803,forward,0.2833292829273911,0.1485856262579687,0.33426179332655603
Bayern_Hamburg,1,20,Tom Bischof,FC Bayern München,17,2,3612896,3613042,2.92,23.55895233154297,5.4217095375061035,40.67646026611328,5.779385566711426,17.121244406641292,6.988364811310203,6.137948426028628,0.020892292770572155,True,0.023806712633842375,0.4258350406676972,0.44964175330153955,diagonal,0.6093083736505683,0.2648723057926384,0.1396890284129737
Bayern_Hamburg,1,11,Nicolas Jackson,FC Bayern München,6,2,3613349,3613400,1.02,41.60545349121094,-16.125404357910156,47.087955474853516,-13.653395652770996,6.01403816407317,6.80160710588789,5.877693058831769,0.42359431753216803,True,0.01187722351338294,0.4946130498186143,0.5064902733319973,diagonal,0.6393625191532846,0.5424512736732116,0.1361286447947535
Bayern_Hamburg,0,21,Nicolai Remberg,Hamburger SV,17,2,3614850,3615014,3.28,29.171171188354492,9.591009140014648,10.100152015686035,14.929104804992676,19.804015694114796,6.796608578031591,6.0655333518864225,2.8686709742652954,False,0.0001283288031787011,0.4408803866900695,0.4410087154932482,diagonal,2.686838073270568,0.1620394354593381,0.19767605738604896
Bayern_Hamburg,0,20,Fábio Ferreira Vieira,Hamburger SV,28,2,3615122,3615448,6.52,3.3818905353546143,-11.967951774597168,-45.484336853027344,-9.860828399658203,48.91163612158425,8.929063893773938,7.774290448982287,3.0984991106856756,False,0.003603450558914423,0.40927606907767156,0.412879519636586,diagonal,-2.601869228048093,0.3646773467381989,0.07331183638613313
Bayern_Hamburg,0,11,Ransford-Yeboah Königsdörffer,Hamburger SV,14,2,3615229,3615463,4.68,-16.43869972229004,5.984480857849121,-47.44691848754883,3.1549808979034424,31.13704708249451,7.509817150448402,6.651595122290549,-3.050594662116639,False,0.007298418910840598,0.5050185771693274,0.512316996080168,forward,-2.904925959283277,0.15002954994675435,0.07659127175484687
Bayern_Hamburg,0,2,William Mikelbrencis,Hamburger SV,14,2,3615240,3615451,4.22,-5.798971652984619,24.341394424438477,-31.591861724853516,16.525747299194336,26.951020727346304,7.250514720568619,6.383166884140898,-2.8473715881996307,False,0.00017541558871758678,0.5791836761339928,0.5793590917227104,forward,-2.7932133219991986,0.007580851705669575,0.05784083878435362
Bayern_Hamburg,1,14,Luis Díaz Marulanda,FC Bayern München,44,2,3617546,3617695,2.98,-26.701494216918945,-18.673723220825195,-10.528966903686523,-28.15163803100586,18.74517294788956,7.138514049120758,6.431951441394597,-0.5300992332043901,True,0.000745078509846564,0.47943843035218875,0.4801835088620353,diagonal,-0.920507622325634,0.4664983634298421,0.07237267922020425
Bayern_Hamburg,1,42,Lennart Karl,FC Bayern München,44,2,3617578,3617753,3.5,-28.364709854125977,-2.957566738128662,-7.164147853851318,1.4709428548812866,21.65815149875148,7.129776693501364,6.285524991172377,0.20592541462586145,True,0.0022129586925804245,0.41276242427200804,0.41497538296458847,forward,-0.329564621340502,0.14146035040531132,0.07441997674188218
Bayern_Hamburg,1,11,Nicolas Jackson,FC Bayern München,14,2,3617641,3617733,1.84,-33.5711784362793,-7.983809471130371,-22.39516258239746,-7.172690391540527,11.205411394834766,7.052213476368847,6.074657769041716,0.07244973655567419,True,0.0009135347933603155,0.5649340439491589,0.5658475787425192,forward,0.05451932755222233,0.22055540111802996,0.05572629425208711
Bayern_Hamburg,0,28,Miro Muheim,Hamburger SV,23,2,3617850,3617932,1.64,-32.57581329345703,-23.73106575012207,-42.15633773803711,-23.30532455444336,9.589979363840902,6.5404165922799615,5.889646550339105,3.097183677322231,False,0.0048784968737888845,0.47142111904923756,0.47629961592302644,forward,-3.0438730764140702,0.2900914716976589,0.06491395392099551
Bayern_Hamburg,0,11,Ransford-Yeboah Königsdörffer,Hamburger SV,28,2,3617947,3618055,2.16,-42.99903106689453,2.305647611618042,-50.760799407958984,-6.6902289390563965,11.881533684475446,5.991168797650746,5.516988003622052,-2.2826827059737793,False,-7.794941974709202e-05,0.3258417662719399,0.3257638168521928,diagonal,-2.2723075043697776,0.06782385953257365,0.11179786422700179
Bayern_Hamburg,0,8,Daniel Elfadli,Hamburger SV,28,2,3617963,3618034,1.42,-29.599895477294922,-3.1380903720855713,-36.400108337402344,0.6111667156219482,7.765296108487778,5.762560221082914,5.457718325692406,2.6377181068894977,False,0.02326760000570649,0.7548003489920078,0.7780679489977143,forward,2.8288992165960507,0.14438679988769135,0.1679443088695029
Bayern_Hamburg,1,42,Lennart Karl,FC Bayern München,1,2,3620323,3620446,2.46,-37.34895324707031,0.5285857319831848,-21.317718505859375,2.6250572204589844,16.167735773131636,7.199690788782148,6.59270484658425,0.1300362368873742,True,0.07344584724126624,0.585648397930906,0.6590942451721722,forward,0.1707604406214203,0.05806011841574022,0.264306026043116
Bayern_Hamburg,1,14,Luis Díaz Marulanda,FC Bayern München,1,2,3620327,3620448,2.42,-31.067033767700195,7.920723915100098,-14.147523880004883,13.148776054382324,17.708821079080135,8.344908102279332,7.274554650517778,0.2996889638798079,True,0.0377327318352324,0.6587122562573701,0.6964449880926025,diagonal,0.4962715874994188,0.12287320393792872,0.2523189789367263
Bayern_Hamburg,1,11,Nicolas Jackson,FC Bayern München,1,2,3620351,3620446,1.9,-38.787109375,-6.759461879730225,-28.54994773864746,-9.828509330749512,10.687306986580678,5.860406304117039,5.6079343598284455,-0.29126849341718053,True,0.003916373761425951,0.6386786510204763,0.6425950247819022,forward,-0.15943593338753942,0.1872936457879467,0.09666893346563855
Bayern_Hamburg,0,11,Ransford-Yeboah Königsdörffer,Hamburger SV,28,2,3621596,3621666,1.4,8.278647422790527,-3.501357078552246,1.7056761980056763,-7.558328628540039,7.724180790171863,5.775958674086377,5.483914375240997,-2.5886072689621837,False,0.02918030349204448,0.4694029422322532,0.4985832457242977,diagonal,-2.5837309724179582,0.21233430751476537,0.2280867662908843
Bayern_Hamburg,0,17,Warmed Omari,Hamburger SV,23,2,3622113,3622189,1.52,36.87914276123047,22.323104858398438,29.573957443237305,26.305742263793945,8.320284444240976,6.086772889740092,5.477384591028408,2.6424579207956866,False,-0.0003157710148093962,0.5567383191338805,0.5564225481190711,diagonal,2.559534738224129,0.2774577755961538,0.06683092672628224
Bayern_Hamburg,0,23,Jonas Meffert,Hamburger SV,28,2,3629174,3629267,1.86,10.655543327331543,-2.9867427349090576,9.609437942504883,-12.95698070526123,10.024967913246185,5.585721453169276,5.399371794527098,-1.6753366356154584,False,0.0007912406259145133,0.5938751507919732,0.5946663914178877,sideways,-1.7149136325619327,0.2808829439213299,0.06786997721966709
Bayern_Hamburg,0,21,Nicolai Remberg,Hamburger SV,8,2,3630255,3630323,1.36,-0.22135238349437714,6.269052505493164,-3.8941285610198975,13.033967018127441,7.697619970708403,6.116544200377419,5.680135436313933,2.068184028492928,False,0.0019053745338876715,0.4609349599108096,0.4628403344446973,diagonal,2.1444017475451207,0.2319623423281764,0.05983596243660518
Bayern_Hamburg,0,14,Rayan Philippe,Hamburger SV,17,2,3630585,3630650,1.3,-13.353952407836914,-2.3673760890960693,-18.086395263671875,3.129380941390991,7.253299472374782,6.103444776509944,5.560177788092542,2.2816142137829285,False,0.0355793908852875,0.45465841081394703,0.49023780169923453,diagonal,2.1422186788115827,0.30900415543561977,0.17037392366141973
Bayern_Hamburg,0,9,Robert-Nesta Glatzel,Hamburger SV,17,2,3630625,3630736,2.22,-12.126409530639648,13.772199630737305,-24.315452575683594,8.675552368164062,13.211683604788206,6.851347073614603,6.094326497436612,-2.745552336659189,False,0.005210388015848055,0.41522082777795377,0.4204312157938018,forward,-3.071947984057551,0.21791582714424804,0.08718809857498386
Bayern_Hamburg,0,2,William Mikelbrencis,Hamburger SV,45,2,3630755,3630826,1.42,-14.886785507202148,26.4863338470459,-22.55872917175293,27.08123779296875,7.6949743532331185,5.7810675986665965,5.460866850146495,3.064204720070202,False,0.002823237912262355,0.6045692437105608,0.6073924816228231,forward,-2.947106410273795,0.23700821672996042,0.12343979979123115
Bayern_Hamburg,0,23,Jonas Meffert,Hamburger SV,45,2,3630867,3631021,3.08,-17.54891014099121,4.905900001525879,-34.54246139526367,0.3299190402030945,17.598874566004888,6.2147979279970125,5.713742308341047,-2.8785543520116312,False,0.001951771531496227,0.4730608893934482,0.47501266092494443,forward,-3.016739117937639,0.15634068109249535,0.10150797603148799
Bayern_Hamburg,0,21,Nicolai Remberg,Hamburger SV,44,2,3633276,3633416,2.8,-17.203866958618164,22.19596290588379,-12.432723999023438,6.315976142883301,16.581247984815892,7.217972499784132,5.957493849167314,-1.27892668532996,False,0.0009573799110029757,0.5108439951237964,0.5118013750347994,sideways,-0.979522454643301,0.13646561728078382,0.02316099088418205
Bayern_Hamburg,0,14,Rayan Philippe,Hamburger SV,44,2,3633491,3633605,2.28,-24.666147232055664,-13.838156700134277,-37.074214935302734,-13.447676658630371,12.414210357134115,6.128986343295008,5.665515439648847,3.11013318518471,False,-0.0017454180414597231,0.416163594552569,0.4144181765111093,diagonal,-2.590148288062081,0.5739981914474899,0.07267479110724749
Bayern_Hamburg,1,23,Sacha Boey,FC Bayern München,17,2,3633804,3634198,7.88,-33.540260314941406,-13.17756175994873,23.59082794189453,-17.602781295776367,57.30221473338223,8.631382034698104,7.479147471629571,-0.07730294477833534,True,0.007041796562556324,0.6072232207857102,0.6142650173482666,diagonal,-0.5321849441642024,0.22719923377791584,0.11002123146105126
Bayern_Hamburg,1,6,Joshua Kimmich,FC Bayern München,11,2,3634122,3634197,1.5,-9.682928085327148,-16.201108932495117,-2.2825286388397217,-18.246204376220703,7.677781407510802,5.292024518146139,5.113766153915784,-0.26962024087494263,True,-0.0006578460121143825,0.5778514619676804,0.5771936159555661,forward,-0.36009020737063085,0.08229319206792332,0.06239147664938571
Bayern_Hamburg,0,45,Fabio Baldé,Hamburger SV,44,2,3637296,3637433,2.74,-9.820904731750488,7.307052135467529,-13.495190620422363,20.23573875427246,13.44065900463809,6.286518973352066,5.716470091673689,1.8476920736923426,False,0.01134012127467926,0.37343051887447337,0.38477064014915263,sideways,1.4714651265235605,0.47856278042514583,0.052344788584728026
Bayern_Hamburg,1,27,Konrad Laimer,FC Bayern München,44,2,3637565,3637654,1.78,-4.366019248962402,20.593942642211914,5.620176315307617,16.844066619873047,10.667036703356663,6.647037575013906,5.997330840030391,-0.35921418400056837,True,0.008262236167301429,0.3931614612707845,0.4014236974380859,diagonal,-0.5805355125754049,0.18730107283984995,0.19102639565300175
Bayern_Hamburg,1,17,Michael Olise,FC Bayern München,45,2,3638226,3638408,3.64,11.248762130737305,-13.984804153442383,34.535926818847656,-15.442323684692383,23.332732424539326,7.1286309454475605,6.4392817340706445,-0.06250742815094044,True,0.029327624931653473,0.3896537235223203,0.4189813484539738,forward,0.055959706586774204,0.5293274523130426,0.15404343221438757
Bayern_Hamburg,1,42,Lennart Karl,FC Bayern München,45,2,3638264,3638477,4.26,18.776504516601562,-30.47833824157715,44.767303466796875,-12.073809623718262,31.8472652470359,8.578397879372337,7.5119482337716335,0.6161529194209096,True,0.0012551034904931813,0.6450286004373081,0.6462837039278013,forward,0.30083407209815727,0.3506927654340857,0.10179829944955397
Bayern_Hamburg,1,6,Joshua Kimmich,FC Bayern München,45,2,3638355,3638460,2.1,4.5303425788879395,-11.361047744750977,15.860823631286621,-12.044899940490723,11.351099272950774,5.780823709323144,5.4117163756203315,-0.06028196316034933,True,0.002370333992840923,0.5973215663536372,0.5996919003464781,forward,-0.10941677992172139,0.1085056148005362,0.05854743811784024
Bayern_Hamburg,1,23,Sacha Boey,FC Bayern München,6,2,3639018,3639084,1.32,23.808713912963867,-27.27991485595703,31.433013916015625,-26.6961612701416,7.646614857928141,6.236349124109354,5.7428216786402215,0.07641578786661264,True,0.019146100931165977,0.5456801563166572,0.5648262572478232,forward,-0.025428852667821085,0.3898076247577944,0.07199254877427065
Bayern_Hamburg,1,6,Joshua Kimmich,FC Bayern München,42,2,3639195,3639279,1.68,38.03452682495117,-22.26683235168457,41.895511627197266,-14.738300323486328,8.46085091127258,5.450865618442405,5.221921733671871,1.0969240462761347,True,0.017430817000239573,0.3832958873907563,0.4007267043909959,sideways,1.6798195156896296,0.2433928638516761,0.16573227499344015
Bayern_Hamburg,0,45,Fabio Baldé,Hamburger SV,23,2,3639972,3640033,1.22,23.57207679748535,-0.9319809675216675,16.65580940246582,-1.3865904808044434,6.931192140532352,6.242384733619591,5.689635195607566,-3.0759566006926047,False,0.0017260917205122461,0.4195345223560038,0.42126061407651605,forward,3.0439441577281365,0.22522865438926434,0.16750557767298918
Bayern_Hamburg,1,27,Konrad Laimer,FC Bayern München,45,2,3641488,3641552,1.28,13.05456256866455,28.29994773864746,20.0803279876709,27.321443557739258,7.093578092539778,5.955414312390118,5.5577133630350914,-0.13838350943967823,True,0.033490249110617154,0.48505780345620975,0.5185480525668269,forward,0.16186167056637374,0.119908994178227,0.35007781962364803
Bayern_Hamburg,1,17,Michael Olise,FC Bayern München,11,2,3641786,3641839,1.06,23.921890258789062,8.700090408325195,25.131328582763672,3.239942789077759,5.592490776342144,5.623224829572626,5.366469222152267,-1.3528129933430304,True,0.026606237001927657,0.5534529983103125,0.5800592353122401,sideways,-1.6561204120378141,0.35118551024655126,0.16942733931066592
Bayern_Hamburg,0,14,Rayan Philippe,Hamburger SV,28,2,3642226,3642312,1.72,37.72662353515625,-21.471195220947266,32.499481201171875,-28.99651527404785,9.162612011939032,6.16832864959247,5.445757922781889,-2.177893860825435,False,0.0001154231721119392,0.3896511674478961,0.389766590620008,sideways,-1.7514504072211368,0.43309084870611514,0.07250701449008455
Bayern_Hamburg,0,9,Robert-Nesta Glatzel,Hamburger SV,14,2,3642290,3642347,1.14,12.90106201171875,-11.449371337890625,13.277619361877441,-17.42534828186035,5.9878289782538285,5.421661906697736,5.228301474005568,-1.507867676830529,False,-0.000230840170724389,0.2679912527784461,0.2677604126077217,sideways,-1.4858909829385616,0.16992312352906327,0.11305802861911474
Bayern_Hamburg,0,45,Fabio Baldé,Hamburger SV,1,2,3643787,3643857,1.4,0.7782999873161316,16.18879508972168,-0.9019095301628113,8.096261978149414,8.26511924805204,6.630152248450326,5.855402966066033,-1.7755124352335938,False,0.004488642546195409,0.538119337740772,0.5426079802869674,sideways,-1.626103739340786,0.15638340243715407,0.1803941599567093
Bayern_Hamburg,0,8,Daniel Elfadli,Hamburger SV,1,2,3644094,3644215,2.42,27.864423751831055,-17.68564796447754,15.215576171875,-20.960208892822266,13.065836918253726,5.643636257970313,5.421526368424524,-2.888271942651383,False,0.024767600629355124,0.5242747975912951,0.5490423982206503,diagonal,-2.720434694682021,0.17461806416887798,0.2920722648261714
Bayern_Hamburg,0,45,Fabio Baldé,Hamburger SV,1,2,3644298,3644385,1.74,-9.485366821289062,5.8060431480407715,-16.251928329467773,14.092342376708984,10.69808906071515,7.044644718170741,6.11944985508838,2.255575374054599,False,0.010479870312668449,0.473751881804496,0.48423175211716446,diagonal,2.1610255895124144,0.29918467522554154,0.09940571276106466
Bayern_Hamburg,0,9,Robert-Nesta Glatzel,Hamburger SV,1,2,3644398,3644453,1.1,-12.860871315002441,16.450786590576172,-18.229576110839844,14.685233116149902,5.651563523124039,5.225999236908239,5.119703948144314,-2.8238732832361677,False,0.011358843604471536,0.35408826639659263,0.36544711000106417,forward,-2.776263374972635,0.5192941308079182,0.06309025423700876
Bayern_Hamburg,1,45,Aleksandar Pavlovi&amp;#263;,FC Bayern München,1,2,3644646,3644702,1.12,-20.948223114013672,6.517195224761963,-26.1113338470459,9.849932670593262,6.145311328516946,5.804413438807235,5.489216878233962,2.5683942938390936,True,0.012032896374122193,0.5200463224239495,0.5320792187980717,sideways,2.3658669181806324,0.19725633486341285,0.17046203044343644
Bayern_Hamburg,1,17,Michael Olise,FC Bayern München,44,2,3646201,3646370,3.38,-15.535367012023926,0.30547142028808594,-19.724246978759766,-18.306137084960938,19.077177111102646,6.158083934024197,5.677978670267546,-1.792175617569957,True,0.0007377974123766728,0.5962473939568751,0.5969851913692518,sideways,-1.9218229818125274,0.15037664311021198,0.07054132745424492
Bayern_Hamburg,0,2,William Mikelbrencis,Hamburger SV,28,2,3646935,3647104,3.38,-12.819256782531738,13.548300743103027,-33.718055725097656,14.183804512023926,20.908459108267806,6.981434257303493,6.176516001519568,3.111193394804753,False,-0.0011187894372076679,0.4899597904557651,0.48884100101855743,forward,3.031925634668664,0.16155593265706394,0.2063494438068636
Bayern_Hamburg,1,11,Nicolas Jackson,FC Bayern München,45,2,3647165,3647496,6.62,-16.888334274291992,0.6212666630744934,22.489362716674805,18.196666717529297,43.12189359694824,7.422203768190733,6.595340912855995,0.4197967585947332,True,0.0021812617801658662,0.7638689908259625,0.7660502526061284,diagonal,0.6028250954090798,0.5301786738872862,0.053644395602516264
Bayern_Hamburg,1,42,Lennart Karl,FC Bayern München,45,2,3647173,3647534,7.22,-22.860061645507812,-25.920995712280273,24.528947830200195,-17.866975784301758,48.068549552581864,7.506421983234327,6.687369734434487,0.16834684785392176,True,0.0015470588164828714,0.5435286643762013,0.5450757231926842,forward,0.020660681876479337,0.11444220796739578,0.11434754072250809
Bayern_Hamburg,1,20,Tom Bischof,FC Bayern München,45,2,3647191,3647534,6.86,-30.923852920532227,8.760780334472656,11.860613822937012,15.812747955322266,43.36174398993353,6.768782617890213,6.340879869130236,0.16335665921613263,True,0.003425559379614529,0.6972694951077478,0.7006950544873624,forward,0.3331478642741761,0.09675144686936644,0.05739512065186911
Bayern_Hamburg,1,17,Michael Olise,FC Bayern München,45,2,3647228,3647510,5.64,-15.342757225036621,-8.14809513092041,16.1545467376709,-4.294747829437256,31.732135798666913,5.93008358670116,5.644718800077503,0.12173403784590997,True,0.02778544146828965,0.4669860613496359,0.49477150281792553,forward,-0.042983312282688105,0.2752815312486824,0.06799623877230321
Bayern_Hamburg,0,17,Warmed Omari,Hamburger SV,23,2,3648241,3648312,1.42,36.039405822753906,20.656312942504883,32.21371078491211,27.76055335998535,8.068839720302444,6.013637762862023,5.672289578345108,2.064774230485269,False,0.00368273598765978,0.5218774271058213,0.5255601630934811,diagonal,2.2478986498255904,0.351756847860135,0.13906589767354582
Bayern_Hamburg,0,2,William Mikelbrencis,Hamburger SV,23,2,3648274,3648334,1.2,19.705942153930664,16.019529342651367,15.934475898742676,20.974634170532227,6.227119845426929,5.417292677450583,5.188466761246608,2.2213810436458616,False,0.011753101013639466,0.5195289656359185,0.531282066649558,diagonal,2.1781996608665626,0.4438374490304735,0.05314403225740844
Bayern_Hamburg,0,14,Rayan Philippe,Hamburger SV,23,2,3649047,3649352,6.1,-4.322980880737305,-16.0542049407959,-42.953285217285156,-31.105628967285156,41.45896499382837,9.288538487601702,7.17423539296178,-2.7700600527278834,False,0.025088090227468995,0.398052447722097,0.423140537949566,forward,-3.117149601764008,0.30192289503928965,0.2127838771945871
Bayern_Hamburg,0,17,Warmed Omari,Hamburger SV,23,2,3650730,3650912,3.64,-15.720571517944336,8.382319450378418,-25.804319381713867,31.254276275634766,24.996167306138496,7.879540962154752,6.982512403210175,1.9860387464312892,False,0.003720958094986959,0.6015114046310843,0.6052323627260713,diagonal,2.457509056509013,0.5268039940873059,0.12911073965283495
Bayern_Hamburg,0,23,Jonas Meffert,Hamburger SV,17,2,3651563,3651650,1.74,-7.865142822265625,22.961137771606445,1.628271460533142,22.430038452148438,9.508258580411892,5.901545116669042,5.564105450660244,-0.055885719960427925,False,0.0006254941340737563,0.6101642495455027,0.6107897436795765,sideways,0.3615348351437858,0.4571815359297324,0.0181739877337127
Bayern_Hamburg,1,20,Tom Bischof,FC Bayern München,6,2,3652470,3652644,3.48,1.0614714622497559,22.483028411865234,21.694276809692383,26.32994270324707,20.98836358725222,7.214785602004024,6.072968652974064,0.18433003297052372,True,0.008279107060256585,0.5257340571189588,0.5340131641792154,forward,0.2040705687247868,0.24501379497107578,0.10422754510017246
Bayern_Hamburg,1,23,Sacha Boey,FC Bayern München,17,2,3653832,3653883,1.02,16.45128631591797,-20.504514694213867,13.514104843139648,-25.32777214050293,5.647198190006715,5.743248614517425,5.480735839060598,-2.1177796337369608,True,-0.0007509913083580955,0.5561333204171403,0.5553823291087822,sideways,-2.0356169022679365,0.49947990079490234,0.029567476834031242
Bayern_Hamburg,1,17,Michael Olise,FC Bayern München,42,2,3655169,3655250,1.62,22.773832321166992,-11.883861541748047,30.99467658996582,-9.26375675201416,8.628280802166152,5.5023406892570454,5.307483861357416,0.3085366957836583,True,0.03256928474842158,0.4417600839613297,0.4743293687097513,forward,0.24613622879458377,0.3021818193427826,0.17250890869988844
Bayern_Hamburg,1,23,Sacha Boey,FC Bayern München,42,2,3655189,3655390,4.02,17.54718017578125,-19.067047119140625,43.15030288696289,-17.028409957885742,25.684157257715786,7.319504931049626,6.43539629610703,0.07945691362211431,True,0.0047980100409184545,0.4667638034103869,0.4715618134513054,forward,0.24714890692722558,0.1789998604554914,0.10259278987970774
Bayern_Hamburg,1,11,Nicolas Jackson,FC Bayern München,23,2,3655336,3655391,1.1,38.9534797668457,-0.7793190479278564,45.028682708740234,-2.6600430011749268,6.359655130077515,6.3526715152069935,5.814742938215119,-0.30021683402540505,True,0.023981625053445588,0.32616744854457935,0.35014907359802494,forward,-0.11865385230730699,0.20212003868810305,0.12051949121107931
Bayern_Hamburg,0,14,Rayan Philippe,Hamburger SV,1,2,3656803,3656897,1.88,-1.1306142807006836,-16.18001365661621,-3.272876262664795,-6.232014179229736,10.176049331712694,5.762419130391425,5.436773777892493,1.7829031844010583,False,0.0009390801467564769,0.4388369623361929,0.4397760424829494,sideways,1.5999551555599338,0.04407947801900759,0.2151514835630601
Bayern_Hamburg,0,45,Fabio Baldé,Hamburger SV,1,2,3656815,3656929,2.28,-3.326347589492798,8.117657661437988,-6.460890293121338,-3.82619047164917,12.348314305488037,5.747527973238614,5.4118233733771115,-1.8274484615598934,False,0.0019005237626699145,0.48121631197158077,0.4831168357342507,sideways,-1.7178060938377213,0.15707604981875437,0.27258861696943215
Bayern_Hamburg,1,23,Sacha Boey,FC Bayern München,6,2,3658204,3658389,3.7,7.738976001739502,-10.676347732543945,30.376604080200195,-16.584110260009766,23.395808665221242,6.952544627585763,6.357440607427,-0.2552772809644929,True,0.0013529247503145103,0.4586521671712637,0.46000509192157824,forward,-0.020524966899433325,0.3817794024353569,0.04962300061074129
Bayern_Hamburg,1,23,Sacha Boey,FC Bayern München,6,2,3662462,3662525,1.26,28.497657775878906,-24.68600082397461,35.70487594604492,-22.604305267333984,7.501829786319368,6.631718442718523,5.903882544722878,0.2811822963432239,True,0.013064563436759213,0.5567088430387068,0.569773406475466,diagonal,0.48340634239082153,0.47642344089825656,0.1926472183756128
Bayern_Hamburg,1,17,Michael Olise,FC Bayern München,6,2,3662673,3662732,1.18,41.00106430053711,-6.8633809089660645,47.73141860961914,-6.986171245574951,6.73147432532752,6.110081153037693,5.694800688709983,-0.018242236586445967,True,0.0038817871911326907,0.33146532240124227,0.33534710959237496,forward,0.12530547925251928,0.2406773180236689,0.15117555703629948
Bayern_Hamburg,1,17,Michael Olise,FC Bayern München,23,2,3663450,3663502,1.04,48.309852600097656,-33.696807861328125,43.02423858642578,-31.45169448852539,5.742669201535309,5.940410806121364,5.530782193662383,2.739925952686289,True,0.003448453782155081,0.5132028127437827,0.5166512665259377,sideways,3.025397001199252,0.37954318082416766,0.10633622911226816
Bayern_Hamburg,1,42,Lennart Karl,FC Bayern München,6,2,3663700,3663771,1.42,41.16764831542969,-19.738189697265625,49.110618591308594,-20.151119232177734,7.953696474237533,6.370466153403756,5.787367292390332,-0.051940033079892915,True,0.005013343314138385,0.6635732741218742,0.6685866174360126,diagonal,-0.4623793456675845,0.31512997251399505,0.12306060259086883
Bayern_Hamburg,1,27,Konrad Laimer,FC Bayern München,44,2,3664030,3664188,3.16,35.29140853881836,4.570380687713623,21.747791290283203,15.553609848022461,17.437341854843513,5.774737427730301,5.51031507994507,2.460208995410111,True,0.0010006303984394505,0.4752015507940935,0.47620218119253294,sideways,2.3972927586026613,0.1670145190592218,0.01690599898405008
Bayern_Hamburg,1,20,Tom Bischof,FC Bayern München,44,2,3664032,3664181,2.98,35.662418365478516,11.85197639465332,24.992271423339844,27.47119903564453,18.915923230857217,7.160277049611227,6.3917702556970095,2.1701183679304914,True,-0.00013426413695694084,0.4371627481154174,0.43702848397846045,sideways,1.9570488533699848,0.5155124440273069,0.021569159907097065
Bayern_Hamburg,1,6,Joshua Kimmich,FC Bayern München,20,2,3664099,3664229,2.6,24.113723754882812,-3.4106810092926025,10.580771446228027,0.2910095155239105,14.030085920258694,5.726075205259935,5.411436783661042,2.8745920849614923,True,0.0010197870454379254,0.5337355696706477,0.5347553567160857,sideways,2.6710240746215743,0.10511791772500635,0.030740861879425162
Bayern_Hamburg,1,45,Aleksandar Pavlovi&amp;#263;,FC Bayern München,20,2,3664116,3664235,2.38,16.914676666259766,7.2845048904418945,7.516923904418945,15.671285629272461,12.595866311370019,5.519573571141584,5.290421458496655,2.4129789524476584,True,0.00011684567084968567,0.7295420584050029,0.7296589040758525,sideways,2.3156862583460986,0.25555930716001485,0.018786246017479618
Bayern_Hamburg,1,27,Konrad Laimer,FC Bayern München,20,2,3664595,3664733,2.76,30.727994918823242,28.493419647216797,46.36878967285156,22.669113159179688,16.690027160080685,7.057982678759913,6.069733572737642,-0.3564709967697271,True,0.04527066928974721,0.6011884545951206,0.6464591238848678,forward,-0.16989314197386002,0.39928844795133106,0.12931482939382713
Bayern_Hamburg,1,6,Joshua Kimmich,FC Bayern München,27,2,3664721,3664773,1.04,22.06793785095215,2.1153905391693115,27.523462295532227,1.5095380544662476,5.489062233080587,5.456951311550702,5.270248670374723,-0.11059984164667704,True,0.0029457273177578847,0.5285859432466059,0.5315316705643638,forward,-0.11624393959494081,0.0,0.1434041475389822
Bayern_Hamburg,0,14,Rayan Philippe,Hamburger SV,1,2,3664856,3665240,7.68,35.40648651123047,-9.395581245422363,-24.982284545898438,-11.656766891479492,60.43108993155977,9.1773581187911,8.130753725419222,-3.104166328499168,False,0.01816950252772387,0.5420338589232191,0.560203361450943,diagonal,-2.533887811646584,0.15375533825055349,0.18618067120640786
Bayern_Hamburg,0,45,Fabio Baldé,Hamburger SV,1,2,3664868,3665240,7.44,28.537879943847656,-0.10778094828128815,-28.596057891845703,-26.41752052307129,62.900629957943536,9.492218820384348,8.484586186221145,-2.7100476502476725,False,0.003216775052829135,0.4187580331203995,0.42197480817322863,forward,-2.760001056899814,0.292117660188999,0.08460494876489845
Bayern_Hamburg,0,9,Robert-Nesta Glatzel,Hamburger SV,1,2,3664948,3665240,5.84,12.369762420654297,6.355157375335693,-25.816028594970703,5.2933669090271,38.2005501856103,7.302967796835851,6.5406782366890495,-3.1137939117708813,False,-0.001042775899167736,0.41300107744377723,0.4119583015446095,forward,-2.9753642392477357,0.32483817070209775,0.07592789843516763
Bayern_Hamburg,0,14,Rayan Philippe,Hamburger SV,45,2,3665289,3665340,1.02,-32.41966247558594,-9.179566383361816,-38.39197540283203,-6.573604583740234,6.516099953349224,7.162476413625847,6.308301202483771,2.7301558753415347,False,0.0054662979614796825,0.4081411966931696,0.4136074946546493,forward,2.8182776068125874,0.27581969421674585,0.0896899493361213
Bayern_Hamburg,0,28,Miro Muheim,Hamburger SV,45,2,3665292,3665363,1.42,12.880314826965332,-18.502490997314453,5.571971416473389,-18.816585540771484,7.315089800399615,5.325040471760563,5.1632883289365905,-3.09864155575582,False,0.0013059668414387993,0.6358934284506562,0.637199395292095,forward,-3.01939538559338,0.006807589004312403,0.057195239235783776
Bayern_Hamburg,0,2,William Mikelbrencis,Hamburger SV,45,2,3665306,3665360,1.08,9.997552871704102,19.783937454223633,4.5442094802856445,19.13349151611328,5.491997274501474,5.256076613824441,5.08254390744043,-3.0228787853144437,False,0.0004555377688403306,0.6640874340911616,0.6645429718600019,forward,-3.0211707817470788,0.06102592030508793,0.07305608989413065
Bayern_Hamburg,1,20,Tom Bischof,FC Bayern München,17,2,3666712,3666884,3.44,0.9266714453697205,20.636953353881836,20.029552459716797,25.004785537719727,19.595867447869516,6.056422868477049,5.715236852109222,0.22478376992395946,True,0.010617579227325424,0.4835450636548419,0.4941626428821673,forward,0.12556286441075618,0.23448993803954246,0.05274675804278679
Bayern_Hamburg,1,23,Sacha Boey,FC Bayern München,45,2,3667140,3667203,1.26,11.171761512756348,-14.445747375488281,18.277576446533203,-14.111262321472168,7.1136830210831254,6.278577438740532,5.614225180939091,0.04703729792929427,True,0.02820986625256139,0.5655720906654126,0.593781956917974,forward,-0.08591280246802852,0.18379389969687557,0.1560304951117113
Bayern_Hamburg,1,6,Joshua Kimmich,FC Bayern München,17,2,3667615,3667708,1.86,28.155481338500977,-5.60653829574585,35.83110809326172,0.5018523931503296,9.809570983819448,5.576018379539594,5.313638914086045,0.6721848382848712,True,0.0505319726107088,0.41694195287857383,0.4674739254892826,diagonal,0.7519053026401983,0.2744842254848767,0.17053158890857845
Bayern_Hamburg,1,11,Nicolas Jackson,FC Bayern München,6,2,3668590,3668665,1.5,37.48154067993164,17.9079532623291,45.21074676513672,15.769447326660156,8.019590659407905,5.696775457576271,5.420401313515826,-0.26992612327822324,True,0.009416828114214126,0.3252741023378797,0.3346909304520938,forward,-0.09619681937466178,0.38130257413608853,0.17276253726766486
Bayern_Hamburg,1,27,Konrad Laimer,FC Bayern München,6,2,3670167,3670249,1.64,41.683231353759766,14.648704528808594,50.371952056884766,10.249632835388184,9.738875665125093,7.069582110592847,6.02053177837136,-0.46867236949869623,True,0.017385733836105866,0.49416714698943465,0.5115528808255405,diagonal,-0.9513308707000111,0.5732517774417276,0.14138797396498978
Bayern_Hamburg,0,14,Rayan Philippe,Hamburger SV,1,2,3670335,3670552,4.34,27.273427963256836,0.10754761844873428,3.1407761573791504,-9.681538581848145,26.042486283390346,6.8098373555652305,6.104411048081843,-2.7562366250528334,False,0.009187283658647627,0.42816699342027503,0.43735427707892266,forward,-2.848987165264343,0.294274723167202,0.15449014456949725
Bayern_Hamburg,0,45,Fabio Baldé,Hamburger SV,1,2,3670356,3670625,5.38,29.305957794189453,15.472824096679688,-9.678718566894531,26.261762619018555,40.450045555193974,9.494988151305838,7.555902607377663,2.87160189422537,False,0.00025685714715223407,0.4242725792985879,0.42452943644574015,forward,3.1384027122989675,0.31877837715600543,0.10758580060926735
Bayern_Hamburg,0,9,Robert-Nesta Glatzel,Hamburger SV,1,2,3670375,3670695,6.4,35.389766693115234,4.44023323059082,0.8075619339942932,12.913714408874512,35.6051789671179,6.593215839508845,6.025590420329499,2.9013024388170643,False,0.009731674560011006,0.5286775373644959,0.5384092119245069,forward,-3.051915456129504,0.19371885700966684,0.11593757887820733
Bayern_Hamburg,1,27,Konrad Laimer,FC Bayern München,1,2,3670724,3670818,1.88,38.50090026855469,17.2559814453125,31.052581787109375,24.94290542602539,10.703562420348597,6.3925709044735735,5.703436139233141,2.340430901615186,True,0.004820102126103398,0.5338967601941699,0.5387168623202733,sideways,2.491564294354763,0.11332132032797516,0.12903064546229165
Bayern_Hamburg,1,23,Sacha Boey,FC Bayern München,20,2,3671373,3671446,1.46,19.065866470336914,-7.233157157897949,25.837186813354492,-10.795319557189941,7.651129337992749,5.395541099041487,5.2337968119322715,-0.48428241840670355,True,0.007879373331140915,0.34418021675757393,0.35205959008871485,diagonal,-0.4387459183209801,0.1778738079361663,0.09982400948166466
Bayern_Hamburg,1,23,Sacha Boey,FC Bayern München,42,2,3671494,3671549,1.1,30.455551147460938,-10.639881134033203,36.08983612060547,-8.498433113098145,6.027517464509659,5.853290736813943,5.45193391628611,0.36321210437031504,True,0.026644125574865674,0.3594433859976592,0.38608751157252486,forward,0.31023156828241605,0.3628675710176283,0.17929876701223102
Bayern_Hamburg,0,9,Robert-Nesta Glatzel,Hamburger SV,28,2,3675647,3675727,1.6,-31.036338806152344,11.129647254943848,-40.803062438964844,9.877142906188965,9.846707960703826,6.599980346218637,6.146408298399019,-3.0140468022006273,False,0.008571057555490924,0.4385575826390611,0.447128640194552,forward,-3.0600090821959296,0.008705406700532542,0.1723189052215389
Bayern_Hamburg,0,14,Rayan Philippe,Hamburger SV,28,2,3675648,3675736,1.76,-30.152389526367188,-0.0097428560256958,-39.619728088378906,-0.9564571380615234,9.514555553443614,5.729867068767371,5.445599327643035,-3.0419260481750685,False,0.004059977243559998,0.45041331278481817,0.45447329002837816,diagonal,-2.719010721457397,0.2332885760625077,0.09732016420390271
Bayern_Hamburg,0,44,Luka Vu&amp;#353;kovi&amp;#263;,Hamburger SV,28,2,3675650,3675712,1.24,-30.596038818359375,7.143571376800537,-37.70586395263672,7.075552463531494,7.110150491555306,6.565252219249961,5.750129363282473,-3.132026055685326,False,0.011717126272574152,0.44266140300923396,0.4543785292818081,forward,-2.93132440981901,0.16567194130688806,0.1228128261081154
Bayern_Hamburg,0,17,Warmed Omari,Hamburger SV,28,2,3675666,3675780,2.28,-31.043567657470703,-2.4449000358581543,-44.97430419921875,-2.3379428386688232,13.93114713286831,6.783179775308866,6.107669484600324,3.13391501965479,False,0.0025098660675097473,0.45870771674470834,0.4612175828122181,forward,-3.0766530041498825,0.29905210459587966,0.062382664616701305
Bayern_Hamburg,0,8,Daniel Elfadli,Hamburger SV,28,2,3675674,3675806,2.64,-29.809890747070312,3.6615047454833984,-45.70852279663086,1.9918047189712524,15.986068910956453,6.892771395685844,6.170137178877402,-3.036954615942005,False,0.014059038552536707,0.4499664872605202,0.4640255258130569,diagonal,-2.4030769242527428,0.2845863644289255,0.06421613744054634
Dortmund_Stuttgart,0,8,Tiago Barreiros de Melo Tomás,VfB Stuttgart,6,1,2790174,2790317,2.86,-2.490618944168091,6.057180881500244,-13.839756965637207,-3.9671905040740967,15.142356339297974,5.627890135163619,5.289151584449014,-2.418097009062573,False,0.024297796657990867,0.4440824503698261,0.46838024702781694,diagonal,-2.4264175614880354,0.25476552557987936,0.2751896255273901
Dortmund_Stuttgart,0,8,Tiago Barreiros de Melo Tomás,VfB Stuttgart,33,1,2790330,2790467,2.74,-14.839590072631836,-4.7607808113098145,-29.910139083862305,-11.269757270812988,16.41609643155967,6.93431874134888,6.049392165876005,-2.7338918360355344,False,0.0458569600793961,0.3272889397645121,0.3731458998439082,diagonal,-2.4688920696538186,0.42480207696718386,0.18697166353009273
Dortmund_Stuttgart,0,26,Deniz Undav,VfB Stuttgart,33,1,2790336,2790422,1.72,-17.535476684570312,-24.874948501586914,-25.453514099121094,-19.20696258544922,9.737627064319176,6.024688126245822,5.6736706328842725,2.5203199109830634,False,0.07033807043529833,0.4751655409206695,0.5455036113559678,diagonal,2.7099629265202028,0.20015080620234676,0.25506334350506027
Dortmund_Stuttgart,0,18,Jamie Leweling,VfB Stuttgart,33,1,2790356,2790481,2.5,-18.52021026611328,-30.13542366027832,-31.315176010131836,-20.773052215576172,15.854499281250812,7.181378485108632,6.368501857010204,2.5098917681351227,False,0.023160538709616763,0.5401061751179023,0.563266713827519,forward,2.82237815522142,0.21065133195829994,0.20013938145744437
Dortmund_Stuttgart,1,7,Jobe Bellingham,Borussia Dortmund,23,1,2790528,2790591,1.26,-28.4521427154541,-15.324743270874023,-33.89958572387695,-10.319899559020996,7.397506060159045,6.745710855970683,5.889621681817614,2.3985139418605597,True,0.0020509756266925416,0.7048979444297774,0.7069489200564699,sideways,2.4908903879468256,0.6196971724512739,0.04597498040344978
Dortmund_Stuttgart,1,10,Julian Brandt,Borussia Dortmund,8,1,2790916,2791032,2.32,-26.974529266357422,-25.644794464111328,-13.563785552978516,-23.6508846282959,13.558160766833138,6.395926099774723,5.8529755513876545,0.14759877834549162,True,0.013635513339902094,0.5527576893763313,0.5663932027162334,forward,0.25322825388445347,0.22181856892211826,0.16559584796142462
Dortmund_Stuttgart,0,11,Bilal El Khannouss,VfB Stuttgart,24,1,2793468,2793544,1.52,-6.719723701477051,1.2094380855560303,-2.7348334789276123,8.185885429382324,8.03431189505057,5.533786208224901,5.307274538825724,1.0518286436134485,False,0.0024145794957433075,0.4075873523463368,0.4100019318420801,sideways,1.1478461374388067,0.2523430943588782,0.03728361721618714
Dortmund_Stuttgart,0,30,José Andrés Baixauli,VfB Stuttgart,24,1,2793475,2793549,1.48,4.35533332824707,0.47087618708610535,8.289519309997559,7.340338230133057,7.91626983495793,5.842579141994552,5.4144903557317,1.0506873354971986,False,0.005055061859557397,0.5823423499679277,0.5873974118274851,sideways,1.2140518931797573,0.23587562852088606,0.04093564894070534
Dortmund_Stuttgart,0,24,Julian Chabot,VfB Stuttgart,29,1,2793520,2793711,3.82,17.162939071655273,9.227171897888184,34.455684661865234,-6.055761814117432,23.078282277788436,6.74839367439135,6.146823624624237,-0.7237795686395556,False,0.016714936088905064,0.6500133723508152,0.6667283084397203,sideways,-0.0466079685463422,0.3404257907787709,0.0696116016596568
Dortmund_Stuttgart,0,24,Julian Chabot,VfB Stuttgart,33,1,2793849,2794046,3.94,29.98554801940918,-9.35018539428711,9.513481140136719,-1.3779809474945068,21.969559987648005,5.92723157231974,5.576814438793975,2.770241287800218,False,7.13606773977693e-05,0.6232824175138425,0.6233537781912403,diagonal,2.681826048699909,0.018037829515213308,0.08662048344501752
Dortmund_Stuttgart,0,30,José Andrés Baixauli,VfB Stuttgart,33,1,2793884,2794062,3.56,18.858623504638672,13.460528373718262,-3.963385820388794,10.659490585327148,22.993258192862438,7.19265376767907,6.431451521472667,-3.01946936028029,False,0.0031443252343041905,0.5783601642084116,0.5815044894427158,forward,-3.0981331896850386,0.08102524509421064,0.04817315853965716
Dortmund_Stuttgart,0,29,Finn Jeltsch,VfB Stuttgart,33,1,2793893,2794043,3.0,25.203418731689453,23.254423141479492,9.886971473693848,19.696195602416992,15.724329550944418,5.453367526310437,5.233780211435212,-2.913327490567258,False,0.0003395111322773148,0.42732833206812465,0.42766784320040196,forward,-2.862289852393916,0.007792264506787189,0.10547478833996932
Dortmund_Stuttgart,0,18,Jamie Leweling,VfB Stuttgart,33,1,2793897,2794062,3.3,-7.791757106781006,-10.134061813354492,-31.370624542236328,-6.003566741943359,23.937919272019595,8.334146343720736,7.256632677634072,2.9681744366795573,False,0.0007854358985527332,0.48078661115152144,0.48157204705007417,forward,2.803610071581846,0.05116156202723108,0.035864897809687775
Dortmund_Stuttgart,0,26,Deniz Undav,VfB Stuttgart,33,1,2793898,2794061,3.26,1.6303762197494507,-4.202547550201416,-18.376148223876953,-1.6373190879821777,20.170310294509612,6.798042669213178,6.201889529389021,3.014068862510354,False,4.2999244355024224e-05,0.5409518856429776,0.5409948848873326,forward,2.821693350399369,0.09874889638441693,0.038211984078386135
Dortmund_Stuttgart,0,11,Bilal El Khannouss,VfB Stuttgart,33,1,2793918,2794043,2.5,5.707581043243408,20.415443420410156,-7.921014308929443,24.12809944152832,14.125240741467467,6.115905327312331,5.643214030759041,2.875629763675907,False,0.0005080397405076154,0.5850936795636345,0.5856017193041421,forward,2.8210766897011696,0.14251759201179862,0.03955257258763449
Dortmund_Stuttgart,0,6,Angelo Stiller,VfB Stuttgart,22,1,2793927,2794058,2.62,13.34261417388916,1.3194856643676758,-0.43182381987571716,3.4788191318511963,13.942663413704993,5.582339231206488,5.312663171427528,2.9860943800831716,False,0.0017583612373379687,0.5188254147608985,0.5205837759982365,forward,3.020895347071156,0.025014237896794012,0.05244760468548473
Dortmund_Stuttgart,0,7,Maximilian Mittelstädt,VfB Stuttgart,22,1,2793938,2794059,2.42,4.3323235511779785,-21.95476722717285,-7.358500003814697,-15.259333610534668,13.472348967747987,5.864013173974979,5.556001588968612,2.621482228208731,False,0.0006077105855047948,0.6157998311690389,0.6164075417545437,diagonal,2.6141847567249137,0.0,0.07378231385438173
Dortmund_Stuttgart,0,8,Tiago Barreiros de Melo Tomás,VfB Stuttgart,22,1,2797032,2797353,6.42,-9.066856384277344,25.214014053344727,-39.22061538696289,-7.985019207000732,44.8489129345803,9.141301057917143,7.145928297623351,-2.3081629521382303,False,0.0031851321429077206,0.3826144791008995,0.38579961124380724,sideways,-1.7090275484291897,0.3448504762895536,0.12201054904452725
Dortmund_Stuttgart,0,18,Jamie Leweling,VfB Stuttgart,26,1,2797105,2797295,3.8,-6.475285530090332,-5.544952392578125,-30.982624053955078,-8.81451416015625,24.724475235590212,7.431297769196615,6.576379896456805,-3.008964281717413,False,0.003729628229019233,0.5927804436713231,0.5965100719003423,diagonal,2.7421934551313476,0.11839526484880848,0.17175355861266375
Dortmund_Stuttgart,0,7,Maximilian Mittelstädt,VfB Stuttgart,8,1,2797240,2797334,1.88,-4.270771503448486,-5.098885536193848,-14.233390808105469,-6.92072868347168,10.127827795870504,5.6640684495084175,5.395828081472445,-2.960723226633811,False,0.0008981625048096742,0.5213147294687843,0.522212891973594,forward,-2.8660525627226607,0.10247412838475206,0.043220059583894
Dortmund_Stuttgart,0,30,José Andrés Baixauli,VfB Stuttgart,8,1,2797251,2797311,1.2,-2.143361806869507,10.520380973815918,-8.109662055969238,8.125362396240234,6.429063123763848,5.599539271609645,5.336920416612293,-2.7598589373612135,False,0.0003040263980632618,0.7129824954741931,0.7132865218722564,diagonal,-2.69337279068089,0.10837593941893346,0.05271220261106946
Dortmund_Stuttgart,0,6,Angelo Stiller,VfB Stuttgart,8,1,2797252,2797338,1.72,-11.150457382202148,5.700252532958984,-19.382770538330078,2.2634239196777344,8.920917599531212,5.30471198432904,5.179938758213357,-2.7461084559529287,False,0.0028579498718129814,0.4713725699430465,0.4742305198148595,diagonal,-2.7044933111503804,0.18305168517809067,0.045340133034348154
Dortmund_Stuttgart,1,10,Julian Brandt,Borussia Dortmund,14,1,2797708,2797778,1.4,-20.045690536499023,6.813985824584961,-14.660533905029297,12.280009269714355,7.67315608131143,6.042869224188468,5.511440909636011,0.7928503774507097,True,0.007635250049222997,0.36413669775811247,0.37177194780733547,diagonal,1.0047858426370855,0.13942632537384078,0.13027487865926418
Dortmund_Stuttgart,1,8,Felix Nmecha,Borussia Dortmund,14,1,2797771,2797928,3.14,-30.22051429748535,17.916067123413086,-13.601147651672363,24.07804298400879,17.72493425134563,6.473255936692157,5.686684116131773,0.3550577326526383,True,0.004685434682016765,0.5548455596132971,0.5595309942953138,diagonal,0.5666838668354837,0.060509116108361426,0.09922665415626596
Dortmund_Stuttgart,1,17,Carney Chukwuemeka,Borussia Dortmund,14,1,2797776,2797859,1.66,-20.463171005249023,24.646461486816406,-11.926481246948242,28.95340919494629,9.56163535123792,6.19510741328283,5.72432700842993,0.46725865393800653,True,0.004186130808572719,0.42889320020554167,0.4330793310141144,diagonal,0.6633365282724697,0.16046839276755792,0.0856906832098026
Dortmund_Stuttgart,1,9,Serhou Guirassy,Borussia Dortmund,14,1,2797805,2797884,1.58,-1.7444618940353394,21.33510398864746,-4.675233364105225,30.145761489868164,9.285316742771473,6.9931639108078265,6.047336499575569,1.8919221749773893,True,0.005051479344682308,0.503683536671472,0.5087350160161543,sideways,1.2655084190104378,0.4134765633190601,0.06994914153773736
Dortmund_Stuttgart,0,7,Maximilian Mittelstädt,VfB Stuttgart,24,1,2798074,2798169,1.9,3.3161239624023438,1.3011904954910278,-0.215157151222229,-8.586318969726562,10.499180431262673,5.815950529700929,5.578339383464674,-1.9138227547913944,False,0.000569034889806197,0.5972731791582595,0.5978422140480657,sideways,-1.5924437370916322,0.5145809618706972,0.06761884301722651
Dortmund_Stuttgart,0,11,Bilal El Khannouss,VfB Stuttgart,24,1,2798095,2798341,4.92,0.5827476382255554,17.727333068847656,-11.3465576171875,-6.508871555328369,27.012995732827502,6.0141553200258775,5.679172328673145,-2.028192636510495,False,0.0030209911633475306,0.5202656199292421,0.5232866110925897,sideways,-1.4839814437713665,0.25029141598597565,0.09426975089325142
Dortmund_Stuttgart,0,22,Lorenz Assignon,VfB Stuttgart,18,1,2798596,2798746,3.0,-31.366676330566406,18.788557052612305,-45.53117752075195,8.428675651550293,17.548795873530423,6.560951710573855,5.843884618298834,-2.510103802748647,False,0.0005553011720199619,0.6193840210619674,0.6199393222339874,diagonal,-2.549085613767913,0.014829696941150465,0.15752917577515846
Dortmund_Stuttgart,0,30,José Andrés Baixauli,VfB Stuttgart,18,1,2798839,2799019,3.6,-33.83966064453125,5.127799987792969,-35.74761962890625,26.35675811767578,21.314524877800462,6.8751501966664454,6.128260560792757,1.6604308017384257,False,0.02727435641961773,0.5960551807879533,0.623329537207571,sideways,1.3997625827270008,0.40103081528697543,0.037847231986206605
Dortmund_Stuttgart,0,22,Lorenz Assignon,VfB Stuttgart,18,1,2798850,2798989,2.78,-43.93391418457031,9.257452011108398,-31.997486114501953,18.32494354248047,14.989920538262371,5.923216373286793,5.546264543902592,0.6496477032989516,False,0.0021362948266845927,0.3989383999048512,0.4010746947315358,sideways,0.9055993765722227,0.40342443477673806,0.028698853772162414
Dortmund_Stuttgart,0,6,Angelo Stiller,VfB Stuttgart,18,1,2798909,2798998,1.78,-28.713348388671875,-2.4427666664123535,-26.212133407592773,6.548847675323486,9.333016921236357,5.539656599495462,5.288393493184582,1.2994835683998625,False,0.006034812148964508,0.5860183997709941,0.5920532119199586,sideways,1.2136941327105504,0.27631167002746454,0.07270939892375827
Dortmund_Stuttgart,0,11,Bilal El Khannouss,VfB Stuttgart,24,1,2799557,2799706,2.98,-14.065756797790527,-6.687042713165283,-4.895904541015625,-19.50943374633789,15.763879668998525,5.524497630590287,5.295439711757263,-0.9499789409837114,False,0.00877401370101849,0.4222942213069717,0.4310682350079902,sideways,-0.8288529938918897,0.08702367155500695,0.06402362811939988
Dortmund_Stuttgart,0,6,Angelo Stiller,VfB Stuttgart,11,1,2799845,2799955,2.2,1.5332809686660767,-8.97970962524414,-10.28001880645752,-14.203866958618164,12.916883192968061,6.400756642136725,5.8452174837089945,-2.7252217247110515,False,0.004153093921852313,0.4638346301949466,0.4679877241167989,diagonal,-2.7291144559390013,0.3707946983051882,0.14913883321716606
Dortmund_Stuttgart,1,23,Emre Can,Borussia Dortmund,17,1,2803888,2804289,8.02,-42.704769134521484,3.643685817718506,3.876152515411377,-33.783695220947266,59.75442337744263,9.052264163059476,7.776218735348438,-0.676866366509202,True,0.009976685602529844,0.6696950642184919,0.6796717498210217,diagonal,-0.4909340069603188,0.45476097097044244,0.12421455818253505
Dortmund_Stuttgart,1,9,Serhou Guirassy,Borussia Dortmund,17,1,2803902,2804550,12.96,-43.74489212036133,5.549295425415039,37.18821716308594,0.06650476157665253,81.11861174693445,8.086193819996007,6.367400107580017,-0.06764136775086799,True,0.002550019125685088,0.5339626082958749,0.53651262742156,forward,0.03394118002486298,0.40245567046103314,0.07541010039310309
Dortmund_Stuttgart,1,8,Felix Nmecha,Borussia Dortmund,17,1,2803907,2804415,10.16,-44.5316047668457,-2.294780969619751,21.267824172973633,-25.18628692626953,69.66768184581476,9.527789377458928,7.143983766227227,-0.33480120764795884,True,0.002805663375287648,0.6802529035771944,0.683058566952482,forward,-0.014847483317754642,0.0694308682218431,0.09089475822554681
Dortmund_Stuttgart,1,14,Maximilian Beier,Borussia Dortmund,17,1,2803940,2804664,14.48,-43.677677154541016,-1.2507904767990112,38.14838790893555,9.388228416442871,82.51480865143576,7.132660531703976,6.132365179907416,0.12929459847056254,True,0.0018187186504580177,0.650735938524373,0.652554657174831,forward,0.05334388946290285,0.07869886277946928,0.07230374481975542
Dortmund_Stuttgart,0,18,Jamie Leweling,VfB Stuttgart,11,1,2804068,2804530,9.24,-37.33587646484375,-1.295109510421753,9.451229095458984,-23.900466918945312,51.961865153956914,6.321696454994276,5.8828589981374675,-0.45007987043167497,False,0.008511578983827761,0.46291596350965686,0.4714275424934846,sideways,-0.8615705384864357,0.07543397478055765,0.04726951476117898
Dortmund_Stuttgart,1,10,Julian Brandt,Borussia Dortmund,23,1,2804125,2804567,8.84,-22.188581466674805,16.678014755249023,26.77971839904785,13.5122709274292,49.07052400089806,6.271867073133262,5.559309221222986,-0.06455900007800913,True,0.012036676900910037,0.731714643185196,0.743751320086106,forward,-0.15367276610282207,0.006033425417192556,0.13051342331157992
Dortmund_Stuttgart,0,6,Angelo Stiller,VfB Stuttgart,33,1,2805872,2805946,1.48,17.635643005371094,-7.180052280426025,11.12027645111084,-2.3480284214019775,8.111624739258517,5.689972353051826,5.4826238180324,2.503466676991609,False,0.005131635539941115,0.5413265571360585,0.5464581926759996,diagonal,2.510289506097807,0.15444988481053887,0.1473897846285407
Dortmund_Stuttgart,0,30,José Andrés Baixauli,VfB Stuttgart,33,1,2805900,2805957,1.14,23.025482177734375,6.596028804779053,17.111995697021484,5.6962809562683105,5.981543993692084,5.449294771266261,5.224505492663301,-2.990598884265073,False,0.006925165259419996,0.41095297326842267,0.41787813852784267,forward,-3.0049352589107374,0.16380726244704172,0.14274401624953315
Dortmund_Stuttgart,1,4,Nico Schlotterbeck,Borussia Dortmund,23,1,2806200,2806420,4.4,-15.75339126586914,9.471671104431152,-38.59366226196289,21.381832122802734,25.75907441385539,6.435024616081294,5.866446309066747,2.6609291652967557,True,0.0013225215976313542,0.6013541465574653,0.6026766681550967,sideways,2.524645334062085,0.25831760573816054,0.09206970300608129
Dortmund_Stuttgart,1,3,Waldemar Anton,Borussia Dortmund,23,1,2806213,2806348,2.7,-13.409271240234375,-10.818023681640625,-24.58606719970703,-23.078523635864258,16.59037754384155,6.895838126872906,6.202123037679307,-2.3099889607380515,True,0.014975318422199901,0.5742216660766647,0.5891969844988646,sideways,-1.9658062133964003,0.21282503661183758,0.23080135082864314
Dortmund_Stuttgart,1,14,Maximilian Beier,Borussia Dortmund,1,1,2806385,2806594,4.18,-2.8291571140289307,28.173114776611328,-24.824604034423828,30.26028060913086,22.094251434261047,6.442451302000035,5.860978133545677,3.046985119477386,True,-0.00020877928445284244,0.5159808383229834,0.5157720590385305,sideways,2.530862256325409,0.20312001012750389,0.020270641881528002
Dortmund_Stuttgart,1,8,Felix Nmecha,Borussia Dortmund,1,1,2806393,2806514,2.42,-11.772271156311035,1.7601951360702515,-23.662899017333984,7.503533363342285,13.205035589583977,5.754084947112671,5.471200703488345,2.6916260525084366,True,0.0013772689373095504,0.47259067767396845,0.473967946611278,sideways,2.698383235134023,0.12922735834720048,0.04740497259194378
Dortmund_Stuttgart,1,10,Julian Brandt,Borussia Dortmund,4,1,2810480,2810581,2.02,9.191071510314941,-7.341128826141357,14.122904777526855,2.2799856662750244,10.811513467214601,5.706579778276822,5.38211246319871,1.0971154887680843,True,0.018084373517095798,0.5877116687495131,0.6057960422666089,sideways,1.281977305303572,0.12393454746710933,0.14757880201292076
Dortmund_Stuttgart,0,8,Tiago Barreiros de Melo Tomás,VfB Stuttgart,6,1,2811285,2811454,3.38,-8.243566513061523,23.121585845947266,-25.530399322509766,12.879252433776855,20.09328201931876,6.353319012312213,5.950831541236294,-2.6067110355912786,False,0.009870396110660928,0.3454841906092628,0.3553545867199237,diagonal,-2.6817030182360457,0.20201746267224652,0.13567616254873469
Dortmund_Stuttgart,0,7,Maximilian Mittelstädt,VfB Stuttgart,6,1,2811303,2811453,3.0,0.07610476016998291,-2.4574809074401855,-18.559009552001953,-5.322638034820557,18.854087376277164,6.962141688325907,6.2769322776547085,-2.98903682197864,False,0.004283703902450919,0.6401352615165325,0.6444189654189835,forward,-2.9653549499237424,0.1562070829124482,0.1735342630168807
Dortmund_Stuttgart,0,22,Lorenz Assignon,VfB Stuttgart,6,1,2811333,2811514,3.62,-20.86684799194336,16.45783805847168,-40.17977523803711,10.305851936340332,20.269092038367358,7.291630525108842,6.3562438953362825,-2.8332124775140066,False,0.030597906636828653,0.4570557888718494,0.48765369550867804,diagonal,-2.094227350807755,0.2841068291470093,0.09620208235546374
Dortmund_Stuttgart,0,11,Bilal El Khannouss,VfB Stuttgart,6,1,2811352,2811436,1.68,-10.854104042053223,7.829285621643066,-18.180891036987305,2.3087809085845947,9.173754953999806,5.946591896582024,5.467414890807661,-2.4958752669219977,False,0.007795726235469647,0.6740042996636095,0.6818000258990792,diagonal,-2.396614115967194,0.32787699013514093,0.08467356321187934
Dortmund_Stuttgart,0,18,Jamie Leweling,VfB Stuttgart,6,1,2811365,2811437,1.44,-16.45998191833496,-19.271875381469727,-24.10039520263672,-18.594562530517578,7.670375991631682,5.655272062248757,5.316684698403855,3.0531750638047632,False,0.0026246062889750954,0.633833255168562,0.6364578614575371,forward,-3.0889845205957456,0.22310966036892638,0.1523478261947468
Dortmund_Stuttgart,0,26,Deniz Undav,VfB Stuttgart,6,1,2811387,2811448,1.22,-25.190542221069336,-7.193495273590088,-31.510709762573242,-4.909714221954346,6.720131966300214,5.937790646078077,5.510899804034808,2.7948440821803064,False,0.007579844885397868,0.4044933191860344,0.41207316407143224,forward,3.063560163213312,0.3604268680542201,0.11435179175402989
Dortmund_Stuttgart,1,3,Waldemar Anton,Borussia Dortmund,23,1,2812952,2813103,3.02,-38.8227424621582,-14.527138710021973,-22.527315139770508,-11.656994819641113,16.546258718233254,6.004138170951642,5.501816453120469,0.17434367979956028,True,0.0016518747997160688,0.5915750718977197,0.5932269466974358,forward,0.34540221230239204,0.15469735644730542,0.13302707862440852
Dortmund_Stuttgart,1,4,Nico Schlotterbeck,Borussia Dortmund,23,1,2812972,2813125,3.06,-33.28933334350586,25.317628860473633,-21.157352447509766,14.408205032348633,16.315651648722945,5.7028514444925245,5.341425584798403,-0.7323887336508911,True,0.000259568665635701,0.6217942603731411,0.6220538290387768,diagonal,-0.6564028014168871,0.06450061452072259,0.12991819216424702
Dortmund_Stuttgart,1,8,Felix Nmecha,Borussia Dortmund,23,1,2812986,2813089,2.06,-23.839948654174805,6.598209381103516,-14.310404777526855,0.8608905076980591,11.123355354931931,5.777926500984952,5.39828324684469,-0.5419298788081816,True,0.0011906688244552877,0.5840858466370931,0.5852765154615484,diagonal,-0.5659269851242384,0.11983535059260543,0.13050534357260862
Dortmund_Stuttgart,1,17,Carney Chukwuemeka,Borussia Dortmund,23,1,2813023,2813133,2.2,-2.6758522987365723,-0.3816381096839905,9.49805736541748,-8.461614608764648,14.611300309578171,7.839109404224428,6.708933201827658,-0.5859546491893316,True,0.013817359023864662,0.3575207548529436,0.37133811387680826,diagonal,-0.8444749039614324,0.6136090195373344,0.06522558448760726
Dortmund_Stuttgart,1,26,Julian Ryerson,Borussia Dortmund,17,1,2813125,2813182,1.14,-20.35878562927246,-25.005290985107422,-14.65349006652832,-23.617185592651367,5.8717317751097555,5.295070592448562,5.133507372425528,0.23866406340553992,True,0.0011087724746344785,0.6174693426312201,0.6185781151058546,forward,0.2964015854671091,0.05017594231286757,0.13669751998292237
Dortmund_Stuttgart,0,30,José Andrés Baixauli,VfB Stuttgart,6,1,2814554,2814633,1.58,-27.979223251342773,1.058642864227295,-36.05967712402344,-0.6472380757331848,8.25855705131595,5.513468201603766,5.29289325403713,-2.9335356466437488,False,0.05027269195763373,0.5517417504208098,0.6020144423784435,forward,3.08905719155835,0.10870807980078058,0.3104475771331202
Dortmund_Stuttgart,0,7,Maximilian Mittelstädt,VfB Stuttgart,11,1,2815118,2815170,1.04,-22.221818923950195,-21.063161849975586,-27.826353073120117,-20.850128173828125,5.608581494137775,5.7713197115391965,5.356016698911137,3.1035999926460476,False,0.0003908089618718802,0.4707649076432238,0.4711557166050957,forward,-3.0806962873201713,0.6297485167490997,0.12903710479226246
Dortmund_Stuttgart,0,7,Maximilian Mittelstädt,VfB Stuttgart,11,1,2815192,2815241,0.98,-29.85837745666504,-20.559843063354492,-35.46662902832031,-19.20110511779785,5.77049863492483,6.217351287064358,5.798262217384655,2.9038978920931355,False,0.03971829040324604,0.4088554270887145,0.4485737174919605,forward,2.911687665330145,0.404343694955277,0.19413125981459736
Dortmund_Stuttgart,1,10,Julian Brandt,Borussia Dortmund,1,1,2817365,2817449,1.68,-4.262914180755615,-19.056865692138672,4.482395172119141,-19.38910484313965,8.751618052162499,5.475340177158782,5.2251423187112005,-0.03797229321306797,True,0.03876164685100958,0.4893427980788929,0.5281044449299025,forward,-0.2667124696215831,0.04957919154227513,0.3686102497635583
Dortmund_Stuttgart,1,8,Felix Nmecha,Borussia Dortmund,1,1,2817445,2817549,2.08,-23.278118133544922,1.0859571695327759,-11.646718978881836,-0.15238571166992188,11.697133810747081,6.157879681779116,5.66701668965755,-0.10606596822202984,True,0.0021197280179149347,0.4589968462899888,0.46111657430790376,forward,-0.38934807158147333,0.20614671021605088,0.12169912302570451
Dortmund_Stuttgart,1,3,Waldemar Anton,Borussia Dortmund,1,1,2817482,2817608,2.52,-33.59318161010742,-17.147056579589844,-21.536577224731445,-12.289466857910156,12.998380176377184,5.3836284505320675,5.155499644408837,0.3830027194647235,True,0.001360812732589478,0.5633552281810079,0.5647160409135974,diagonal,0.400453828913926,0.06242911981812149,0.15601080259782205
Dortmund_Stuttgart,1,23,Emre Can,Borussia Dortmund,1,1,2817529,2817645,2.32,-30.521533966064453,8.790289878845215,-18.05610466003418,6.546385765075684,12.665781991469386,5.665571435950998,5.447919334791401,-0.1781027941183267,True,0.0001321219934370399,0.6322110285403713,0.6323431505338083,forward,-0.1480999741532103,0.051531489654398285,0.053827640241339146
Dortmund_Stuttgart,0,22,Lorenz Assignon,VfB Stuttgart,11,1,2818278,2818343,1.3,10.833733558654785,33.47141647338867,3.380476236343384,33.27954864501953,7.455726522355257,6.29974404174681,5.708728015103195,-3.115855522320729,False,0.026862250864855053,0.5542064870623904,0.5810687379272454,forward,3.0786375925317517,0.3691340447552209,0.15861480577483328
Dortmund_Stuttgart,0,24,Julian Chabot,VfB Stuttgart,29,1,2818733,2818887,3.08,23.970233917236328,8.876899719238281,36.663536071777344,-4.078238010406494,18.137130786884157,6.493089625950438,5.899651063168291,-0.7956064443305209,False,-0.0012553469900995484,0.5478858961220295,0.54663054913193,sideways,-0.6614485463440332,0.3874445653482704,0.01856695011892259
Dortmund_Stuttgart,0,22,Lorenz Assignon,VfB Stuttgart,11,1,2820715,2820907,3.84,6.550171375274658,29.988418579101562,-19.284852981567383,31.00722885131836,25.855105064365837,7.779622745593875,6.717263576149555,3.102177841346143,False,0.007453426762223825,0.6180032071811883,0.6254566339434121,forward,2.9476399599635106,0.16682336591399272,0.1707673756271573
Dortmund_Stuttgart,0,7,Maximilian Mittelstädt,VfB Stuttgart,11,1,2820729,2820954,4.5,10.480419158935547,-29.112857818603516,-18.06775665283203,-22.123632431030273,29.391284655453386,7.375262137442,6.543999533209793,2.9014931797618155,False,0.0014410693505279015,0.622045767834281,0.6234868371848089,forward,2.8151775777206325,0.03230039050257074,0.1417474938593953
Dortmund_Stuttgart,0,18,Jamie Leweling,VfB Stuttgart,11,1,2820751,2820890,2.78,-3.7261953353881836,-17.043437957763672,-18.09818458557129,-16.32469940185547,14.389949969305931,5.440107796476218,5.202063255170291,3.0916246039178423,False,0.009315443815744673,0.5108974995010962,0.5202129433168409,diagonal,2.7030963950072167,0.09336487872942124,0.09489211691859133
Dortmund_Stuttgart,0,26,Deniz Undav,VfB Stuttgart,11,1,2820763,2821167,8.08,4.905595302581787,-6.559514045715332,-37.124732971191406,8.965433120727539,44.80594245545986,6.711605701136831,6.026164076423931,2.7877626985666053,False,0.03254681111362373,0.4971460203013765,0.5296928314150002,diagonal,-2.708884358128017,0.1777698098146865,0.13587734544578084
Dortmund_Stuttgart,0,6,Angelo Stiller,VfB Stuttgart,11,1,2820783,2820965,3.64,19.614356994628906,6.682809352874756,0.40342381596565247,9.194247245788574,19.37439738120977,5.639819664686309,5.325156869395671,3.011600227425132,False,0.006285958995592034,0.5672109017531686,0.5734968607487606,forward,2.883702610599466,0.07477431891260124,0.0870103865583264
Dortmund_Stuttgart,0,8,Tiago Barreiros de Melo Tomás,VfB Stuttgart,11,1,2820787,2820940,3.06,-7.940519332885742,-6.78203821182251,-24.203310012817383,-3.928661823272705,16.511211872966957,5.707894849794657,5.405309663266967,2.967906230598665,False,-0.001996436753193831,0.3983705491381533,0.39637411238495945,forward,3.0983193348425333,0.25789803461169114,0.08120100521313467
Dortmund_Stuttgart,0,30,José Andrés Baixauli,VfB Stuttgart,11,1,2820814,2820889,1.5,12.721114158630371,-5.3622331619262695,5.0941572189331055,-3.6695001125335693,7.8125423094216,5.418716253187344,5.194093489082954,2.9231918869424027,False,0.004929760247171622,0.576082471053456,0.5810122313006276,forward,2.9137931084919377,0.11427299339124848,0.08891086577435679
Dortmund_Stuttgart,0,30,José Andrés Baixauli,VfB Stuttgart,11,1,2820928,2821025,1.94,1.3670381307601929,-2.6039857864379883,-8.494080543518066,-0.734242856502533,10.036812249526392,5.3976290828825695,5.177704590855242,2.9542094735124573,False,0.008168566246976927,0.6767818656358605,0.6849504318828374,forward,2.8440354016008866,0.08968580569159286,0.10787454249601099
Dortmund_Stuttgart,1,9,Serhou Guirassy,Borussia Dortmund,23,1,2825651,2825734,1.66,-8.1405611038208,2.444152355194092,1.4978429079055786,3.462757110595703,9.692078597545004,6.469017231921783,5.979805663860164,0.10529106420677567,True,0.006661475122636595,0.5078962975828795,0.5145577727055161,forward,-0.24127546261091473,0.2136608743067705,0.2597061740546534
Dortmund_Stuttgart,1,3,Waldemar Anton,Borussia Dortmund,23,1,2825802,2826049,4.94,-18.231510162353516,-22.156105041503906,11.431400299072266,-30.182294845581055,30.729594527322273,7.518138311385537,6.290772851196543,-0.2642523304629999,True,0.002430917851866665,0.545454763688277,0.5478856815401436,diagonal,-0.6801613378004252,0.5025258075908032,0.09157883506977953
Dortmund_Stuttgart,1,10,Julian Brandt,Borussia Dortmund,3,1,2825869,2826113,4.88,1.6474809646606445,-12.460171699523926,30.097061157226562,-27.40127182006836,32.13432877695397,7.51190297141244,6.646881157938982,-0.4835867097070742,True,0.0034510856987026717,0.4264467846878289,0.42989787038653154,diagonal,-0.7400072689467103,0.3275736800360771,0.06154975231504238
Dortmund_Stuttgart,1,9,Serhou Guirassy,Borussia Dortmund,3,1,2825946,2826184,4.76,11.983652114868164,-3.1657238006591797,34.53609085083008,-13.322694778442383,24.7341171741149,6.334750964890502,5.475542009000587,-0.4231626502037043,True,-0.0011457769549825247,0.38776397416188996,0.38661819720690743,diagonal,-0.9924349697639636,0.17250121456103792,0.04118276058466898
Dortmund_Stuttgart,1,26,Julian Ryerson,Borussia Dortmund,3,1,2825983,2826029,0.92,15.453143119812012,-33.76573181152344,20.519100189208984,-33.156776428222656,5.102425667055245,6.049440887761244,5.548022530343354,0.11963140286933904,True,0.0010584613601524184,0.5587916632492511,0.5598501246094035,forward,0.02318195678763811,0.6417218828332409,0.059251451699391104
Dortmund_Stuttgart,1,14,Maximilian Beier,Borussia Dortmund,26,1,2826093,2826154,1.22,16.391366958618164,26.522472381591797,22.526870727539062,24.457475662231445,6.473686581030283,5.558084196527128,5.294860982184236,-0.3246563599511538,True,3.76209679131545e-06,0.626946158159059,0.6269499202558503,forward,-0.333021084745933,0.0017749249180480631,0.11271194405181913
Dortmund_Stuttgart,1,17,Carney Chukwuemeka,Borussia Dortmund,8,1,2827131,2827315,3.68,37.75289535522461,13.656342506408691,38.213401794433594,-9.062823295593262,22.723832443481182,7.245877022717244,6.36584904978287,-1.5505295884859742,True,0.004607238376333145,0.36581378544933113,0.3704210238256643,sideways,-2.0603856600889925,0.7109360425367949,0.08465033838249904
Dortmund_Stuttgart,0,7,Maximilian Mittelstädt,VfB Stuttgart,33,1,2829714,2829782,1.36,9.532771110534668,-30.819318771362305,1.9258904457092285,-28.718637466430664,7.891609176447122,6.490022138350072,5.817546493308629,2.8721525779789054,False,0.004070190536740181,0.590102984523209,0.5941731750599492,forward,2.934871664245171,0.2954505667299618,0.14714057693496702
Dortmund_Stuttgart,0,26,Deniz Undav,VfB Stuttgart,33,1,2829765,2829859,1.88,9.258070945739746,-8.82883358001709,6.324438095092773,-18.904333114624023,10.493897873252799,6.002099509532782,5.647268552295201,-1.8541280403042795,False,0.0258848863675053,0.5100867996610813,0.5359716860285866,diagonal,-2.1609686051504937,0.347125367955285,0.07018534275324817
Dortmund_Stuttgart,0,26,Deniz Undav,VfB Stuttgart,18,1,2830031,2830102,1.42,-10.346481323242188,-21.665132522583008,-18.172866821289062,-18.818510055541992,8.327999125474324,6.482083637645704,5.851347324795314,2.7927467075532206,False,0.048355082293777774,0.48329018126515794,0.5316452635589357,forward,2.7806584951816835,0.22219704966779102,0.22772866875800932
Dortmund_Stuttgart,0,22,Lorenz Assignon,VfB Stuttgart,30,1,2830230,2830327,1.94,-0.45876190066337585,16.836856842041016,-10.878771781921387,17.514938354492188,10.442049629409096,5.657583529747758,5.391245125334025,3.0766093400611605,False,0.0015025491503548594,0.620426061739374,0.6219286108897288,forward,-3.0953132345848076,0.20139900354201473,0.19652071190365658
Dortmund_Stuttgart,0,8,Tiago Barreiros de Melo Tomás,VfB Stuttgart,11,1,2830364,2830497,2.66,-24.14179039001465,10.558609008789062,-43.28940963745117,10.677924156188965,19.147990989897625,8.612391306997532,7.1782992933660195,3.13536140355401,False,0.006172408619937175,0.3860051499873486,0.39217755860728576,forward,3.039245679900788,0.36295078318180124,0.11925646437932205
Dortmund_Stuttgart,1,17,Carney Chukwuemeka,Borussia Dortmund,7,1,2832013,2832139,2.52,-3.576247453689575,-23.14495277404785,7.683595180511475,-15.358333587646484,13.689977885336614,5.68077387231331,5.4337872801964435,0.6050247728159873,True,0.009786282926287915,0.5127595117969009,0.5225457947231889,diagonal,0.43990221991227174,0.2008234267077116,0.16515802675673258
Dortmund_Stuttgart,1,8,Felix Nmecha,Borussia Dortmund,7,1,2832049,2832126,1.54,-4.304647445678711,-4.589190483093262,2.9796571731567383,-0.5441761612892151,8.332060648098242,5.677763950931107,5.422315910078253,0.5069073937721187,True,0.009478844677095477,0.5502096912238417,0.5596885359009371,diagonal,0.714990053084607,0.4880200371343679,0.0863658816803546
Dortmund_Stuttgart,1,14,Maximilian Beier,Borussia Dortmund,7,1,2832085,2832353,5.36,6.542628765106201,23.28298568725586,34.986751556396484,15.405610084533691,29.514761861691547,7.46405490077226,6.416124875801816,-0.2701708842585327,True,0.007215405902412431,0.616379531015834,0.6235949369182464,forward,0.12259245938564368,0.3061465058739547,0.15143955940357853
Dortmund_Stuttgart,1,9,Serhou Guirassy,Borussia Dortmund,7,1,2832134,2832390,5.12,7.548433303833008,7.391880989074707,34.81882858276367,7.372823715209961,27.27040193779349,6.932634112365365,6.121079953343968,-0.0006988263487772298,True,0.0008821418661003055,0.44349074351112905,0.44437288537722935,diagonal,0.7613350659148016,0.3769055875228942,0.035247399894145534
Dortmund_Stuttgart,1,10,Julian Brandt,Borussia Dortmund,14,1,2832184,2832396,4.24,14.81580924987793,-20.85502815246582,38.30595779418945,-7.927999973297119,26.81221990396995,7.03602944072762,6.324407915444956,0.503086559824366,True,0.0013506287553282093,0.543201195406388,0.5445518241617162,diagonal,0.5002812502061919,0.005588247255505916,0.041066473493267384
Dortmund_Stuttgart,1,17,Carney Chukwuemeka,Borussia Dortmund,14,1,2832191,2832399,4.16,11.318432807922363,-11.985438346862793,35.30958938598633,-1.267209529876709,26.276529887457606,6.9949395820446325,6.361598799006132,0.4201541800559519,True,0.0004311589579809594,0.49098467056528294,0.4914158295232639,diagonal,0.7644781658032767,0.062103306896674496,0.01724138418400355
Dortmund_Stuttgart,1,8,Felix Nmecha,Borussia Dortmund,14,1,2832202,2832349,2.94,9.029762268066406,3.262842893600464,26.65679931640625,1.4138143062591553,17.723750783069335,6.873614962083454,6.2545048831347,-0.10451507613145408,True,0.0012747536112516222,0.4220105284209782,0.4232852820322298,diagonal,0.5244892551148419,0.12852645242680358,0.03720053258298505
Dortmund_Stuttgart,1,4,Nico Schlotterbeck,Borussia Dortmund,14,1,2832208,2832362,3.08,-3.657114267349243,11.984418869018555,14.097528457641602,13.509610176086426,17.820032177727,6.30329556687581,5.788807828535727,0.0856934243739638,True,7.432373193883013e-05,0.6453505431425832,0.645424866874522,forward,0.3202265955761209,0.03692786264650475,0.04559651798782898
Dortmund_Stuttgart,1,8,Felix Nmecha,Borussia Dortmund,4,1,2833218,2833313,1.9,23.175329208374023,14.956738471984863,32.909767150878906,21.045391082763672,11.481766966422123,6.945810585760589,6.091019160126659,0.5589411875179584,True,0.0008561906840473532,0.4494679330992545,0.45032412378330183,diagonal,1.0516707458831276,0.31725595961016023,0.0761476499722142
Dortmund_Stuttgart,1,10,Julian Brandt,Borussia Dortmund,3,1,2835358,2835564,4.12,-15.660324096679688,-14.604924201965332,5.681861877441406,-32.08481979370117,27.586874633636143,8.01790944894554,6.886907993508326,-0.6862375096489053,True,0.0066814965569247375,0.4168801186333204,0.42356161519024516,sideways,-1.5920283993631204,0.2278725290457545,0.05307717084865235
Dortmund_Stuttgart,1,9,Serhou Guirassy,Borussia Dortmund,3,1,2835443,2835544,2.02,0.22278571128845215,-14.859437942504883,7.48700475692749,-22.852323532104492,10.800698976985426,6.451357951029156,5.698636254029394,-0.8331210639100186,True,8.12308264508399e-06,0.4092776953112738,0.40928581839391887,sideways,-1.5571177729705086,0.16685211137350553,0.032447980513644496
Dortmund_Stuttgart,1,9,Serhou Guirassy,Borussia Dortmund,10,1,2835943,2836016,1.46,21.378875732421875,-23.693967819213867,26.664880752563477,-18.282875061035156,7.5645075127582695,5.383444196168736,5.192374588030505,0.7970912449763937,True,0.022436898241584624,0.3412721663015611,0.3637090645431457,diagonal,0.6334813652353184,0.3294121331437966,0.16947684078998634
Dortmund_Stuttgart,0,18,Jamie Leweling,VfB Stuttgart,6,1,2836820,2836893,1.46,3.3438000679016113,-29.54743766784668,8.177523612976074,-22.598180770874023,8.465049009328254,6.188379384644091,5.778667808371695,0.9630469034522671,False,0.0005898968220335865,0.5049542453662155,0.5055441421882491,sideways,1.0153233502384464,0.4087159476495242,0.2159860908355432
Dortmund_Stuttgart,1,14,Maximilian Beier,Borussia Dortmund,8,1,2837087,2837386,5.98,5.932823657989502,12.992776870727539,38.619483947753906,13.738957405090332,32.695176192954264,6.352759265382455,5.7197304180844,0.022824324940098017,True,0.04461122057551936,0.5322625959828283,0.5768738165583477,diagonal,0.596711709992395,0.22709832955532028,0.18640136432651655
Dortmund_Stuttgart,1,17,Carney Chukwuemeka,Borussia Dortmund,26,1,2837289,2837365,1.52,30.100557327270508,7.02904748916626,37.78477478027344,4.292614459991455,8.156915077907433,5.836362417760981,5.355949799285451,-0.34210835640160603,True,0.006260347898192575,0.4809683638051733,0.4872287117033659,forward,-0.21937408243916523,0.05669253928363842,0.05419684472382718
Dortmund_Stuttgart,0,7,Maximilian Mittelstädt,VfB Stuttgart,26,1,2839601,2839736,2.7,-7.227885723114014,-31.787261962890625,-26.806642532348633,-31.659786224365234,19.579171797066994,8.39180243505776,7.194911371014747,3.135081824608558,False,-0.0001232105010484652,0.5721263465903694,0.572003136089321,forward,-3.088776545580422,0.32513478015563213,0.14707318830676222
Dortmund_Stuttgart,0,11,Bilal El Khannouss,VfB Stuttgart,7,1,2842174,2842246,1.44,-16.023691177368164,-27.27393913269043,-23.89292335510254,-24.041032791137695,8.507437832881413,6.375559282556768,5.917411575207707,2.7517861954010123,False,0.0036783680160216714,0.3922447114834109,0.39592307949943256,forward,2.9563908553639457,0.5594027191413493,0.08642260905436047
Dortmund_Stuttgart,1,17,Carney Chukwuemeka,Borussia Dortmund,26,1,2843555,2843605,1.0,-17.687515258789062,-13.739237785339355,-16.311080932617188,-18.942909240722656,5.382635792047905,5.740351345358021,5.378181494729807,-1.312206489780368,True,0.001966983246311782,0.44478825816101153,0.4467552414073233,sideways,-1.298269314220931,0.2238848598872365,0.09348793242695663
Dortmund_Stuttgart,1,8,Felix Nmecha,Borussia Dortmund,26,1,2844081,2844243,3.24,-19.097009658813477,-9.942209243774414,-20.285343170166016,12.363938331604004,22.337778676241825,7.772093250390175,6.8665418938568985,1.6240198256126528,True,0.0021694231617048754,0.4540096400029873,0.4561790631646922,sideways,1.500762998452997,0.20225939933339576,0.026073892364104137
Dortmund_Stuttgart,1,10,Julian Brandt,Borussia Dortmund,14,1,2844671,2844760,1.78,26.076738357543945,-10.817075729370117,35.86400604248047,-8.581132888793945,10.039424740637612,6.313686177197543,5.640195699509931,0.22459979940383268,True,0.007961453738855817,0.5548628949419359,0.5628243486807917,forward,0.22889849524317382,0.06557616916977897,0.05131872023840823
Dortmund_Stuttgart,0,26,Deniz Undav,VfB Stuttgart,8,1,2845497,2845546,0.98,21.949214935302734,14.884900093078613,17.625219345092773,17.7172908782959,5.169078779080367,5.500049388159209,5.282986102793857,2.561682415081117,False,0.029984525428996323,0.4039134351521293,0.4338979605811256,diagonal,2.420067168358038,0.3837653893164629,0.1349598942216476
Dortmund_Stuttgart,0,18,Jamie Leweling,VfB Stuttgart,8,1,2845547,2845848,6.02,30.761795043945312,-12.885843276977539,-11.58189582824707,-22.049837112426758,43.32397649911582,8.354262390401042,7.309647286820198,-2.928460255597473,False,0.0014470627546385728,0.6931569186748139,0.6946039814294525,diagonal,-2.730378706845849,0.21014506364442595,0.11878100402209647
Dortmund_Stuttgart,0,26,Deniz Undav,VfB Stuttgart,8,1,2845630,2845717,1.74,9.538509368896484,18.837095260620117,0.9583666920661926,16.139223098754883,8.994296112344305,5.3082709046155285,5.161269031881465,-2.8369485622889288,False,0.0036191356219287263,0.437393204078798,0.44101233970072673,forward,-3.024049858291826,0.019329521729364606,0.11312933696621717
Dortmund_Stuttgart,0,7,Maximilian Mittelstädt,VfB Stuttgart,8,1,2845671,2845846,3.5,22.88423728942871,-11.522819519042969,2.166614294052124,-18.288818359375,21.794463583349124,6.614703519215898,6.261579055153885,-2.8259307263314657,False,0.0054534933364231986,0.5131643606078633,0.5186178539442865,diagonal,-2.6066946921241128,0.19224007450393651,0.048372479112954635
Dortmund_Stuttgart,0,11,Bilal El Khannouss,VfB Stuttgart,18,1,2845712,2845845,2.66,18.61209487915039,-4.813052177429199,3.7228188514709473,-7.103657245635986,15.06444198126583,6.230636922956563,5.6686283550178125,-2.98894678821281,False,0.00835996681561224,0.6237782746631454,0.6321382414787576,forward,-2.873191508131552,0.17863280422256758,0.05230708727725265
Dortmund_Stuttgart,0,26,Deniz Undav,VfB Stuttgart,18,1,2845722,2845845,2.46,0.5080761909484863,15.968481063842773,-12.605419158935547,11.719548225402832,13.78467230502791,6.051467474887548,5.597212077079337,-2.828254420207007,False,0.0008076668883585936,0.4335341641264067,0.4343418310147653,forward,-2.7886550321294012,0.05933432082067702,0.05370792379835021
Dortmund_Stuttgart,0,30,José Andrés Baixauli,VfB Stuttgart,18,1,2845738,2845844,2.12,16.508190155029297,8.690710067749023,4.8042192459106445,8.28528118133545,11.710990889904844,5.837083339912358,5.508962659548756,-3.106966214280735,False,0.011139942069120723,0.5850131572558651,0.5961530993249858,forward,-3.0562991550254712,0.08038964446936556,0.06968783940314957
Dortmund_Stuttgart,0,22,Lorenz Assignon,VfB Stuttgart,18,1,2845771,2845844,1.46,21.005338668823242,16.748966217041016,13.171966552734375,16.41663360595703,7.840418590452201,5.652216326457501,5.351041265438842,-3.0991928501958403,False,0.0009675955822574522,0.6525038367700757,0.6534714323523332,forward,-3.0956648719461537,0.008782512876653268,0.0729052518404495
Dortmund_Stuttgart,0,24,Julian Chabot,VfB Stuttgart,18,1,2845794,2845843,0.98,22.089685440063477,-3.965380907058716,16.94159507751465,-4.248804569244385,5.155886282032882,5.43696283805107,5.2524855343631,-3.086594039835624,False,8.213067706125399e-05,0.44925036149242537,0.4493324921694866,forward,-3.0850945817517514,0.09244644055977873,0.06056986458973271
Dortmund_Stuttgart,0,22,Lorenz Assignon,VfB Stuttgart,18,1,2846012,2846152,2.8,-5.383971691131592,14.57521915435791,-19.93890380859375,12.41987133026123,14.713652612005278,5.474919359804105,5.256807158864578,-2.994577388170542,False,0.00016442590224174936,0.604161640290992,0.6043260661932337,forward,-2.9988757277324765,0.019419284067921816,0.08762235348944325
Dortmund_Stuttgart,0,7,Maximilian Mittelstädt,VfB Stuttgart,18,1,2846012,2846118,2.12,-16.982561111450195,-20.097381591796875,-29.070228576660156,-21.31928062438965,12.14926919593712,6.031244891192125,5.704783155538643,-3.0408484536445006,False,-0.00014176560752499068,0.5130163550031006,0.5128745893955756,forward,-3.0492277185185857,0.16123005787372488,0.07505330818631382
Dortmund_Stuttgart,1,3,Waldemar Anton,Borussia Dortmund,4,1,2847657,2847738,1.62,-36.981468200683594,-11.6502046585083,-28.98199462890625,-8.811238288879395,8.488304157689456,5.464419638551042,5.228600706774932,0.3410281926179886,True,0.0015643283315289747,0.6548421551983533,0.6564064835298823,forward,0.35421476594089946,0.028647680166265642,0.11786693125186432
Dortmund_Stuttgart,1,10,Julian Brandt,Borussia Dortmund,4,1,2847678,2847914,4.72,-2.486990451812744,-16.677461624145508,32.46527099609375,-16.18202018737793,34.95577266404044,8.959988309907022,7.47030558800994,0.014173854224185586,True,0.005859048651836729,0.516413669764686,0.5222727184165227,forward,0.19982939761545507,0.028970106424126396,0.11051457129050143
Dortmund_Stuttgart,1,9,Serhou Guirassy,Borussia Dortmund,4,1,2847790,2847912,2.44,4.664419174194336,-3.8027760982513428,17.84208106994629,-5.273109436035156,13.259436381798114,5.8870194469062955,5.4312426259440265,-0.11111810621952224,True,0.007767143109973396,0.5122096003881246,0.519976743498098,forward,-0.16572650469950093,0.298971803232368,0.02744545829762074
Dortmund_Stuttgart,0,7,Maximilian Mittelstädt,VfB Stuttgart,33,1,2847952,2848048,1.92,26.46870994567871,-16.752901077270508,18.374475479125977,-23.795429229736328,10.729111537205858,6.017422551653354,5.619071814199318,-2.4255632748030287,False,0.004742387540487059,0.6765903575109096,0.6813327450513966,diagonal,-2.0678207376290945,0.37832587694820835,0.1395027421821153
Dortmund_Stuttgart,1,9,Serhou Guirassy,Borussia Dortmund,1,1,2850280,2850378,1.96,-8.414457321166992,-2.6321141719818115,-6.372471332550049,-13.404757499694824,10.96446765893482,6.301945361917922,5.599108046683516,-1.3834659193053314,True,0.0003380162687206534,0.40235512988754335,0.402693146156264,diagonal,-1.1154247683946918,0.23368881279325063,0.07781455858257136
Dortmund_Stuttgart,1,17,Carney Chukwuemeka,Borussia Dortmund,3,1,2852379,2852434,1.1,-7.739904880523682,-16.33599090576172,-2.0487570762634277,-15.727557182312012,5.723578856429532,5.371600290365524,5.20492951358584,0.10650425592235954,True,0.028682027682910616,0.40909224655749993,0.43777427424041054,forward,-0.029029759089796294,0.4436673333067937,0.09660323799241105
Dortmund_Stuttgart,0,29,Finn Jeltsch,VfB Stuttgart,6,1,2855243,2855306,1.26,3.207047700881958,7.3455047607421875,3.5642523765563965,13.946504592895508,6.610657604536166,5.677821010904394,5.268967713769674,1.5167353316152916,False,-0.002230461672119377,0.514301415828095,0.5120709541559756,sideways,1.385912463690916,0.46586187031495835,0.06009786941521695
Dortmund_Stuttgart,0,22,Lorenz Assignon,VfB Stuttgart,6,1,2855260,2855311,1.02,-14.30582332611084,16.434289932250977,-11.750852584838867,21.082748413085938,5.304341781673041,5.36918420042585,5.189990599027118,1.0682308675326477,False,-0.0007584347711293571,0.5472469390010518,0.5464885042299225,sideways,0.9997185902988166,0.21319086823120023,0.033371093008136024
Dortmund_Stuttgart,0,30,José Andrés Baixauli,VfB Stuttgart,29,1,2855337,2855422,1.7,-6.9380950927734375,6.022066593170166,-10.444604873657227,14.862771034240723,9.510713214990679,6.057513807665831,5.643131005769879,1.9483962296820139,False,0.0015534774128004303,0.4942946379812568,0.4958481153940572,sideways,1.5249333364830477,0.39789815650143456,0.023586695827365178
Dortmund_Stuttgart,1,10,Julian Brandt,Borussia Dortmund,14,1,2856943,2856993,1.0,-17.548351287841797,-9.256185531616211,-12.671852111816406,-7.56351900100708,5.161914780158683,5.33802356164816,5.149802980275037,0.33409512951073445,True,0.019789961965327896,0.5101698293791048,0.5299597913444327,forward,0.32490924033027735,0.08987438075701903,0.30571475165032447
Dortmund_Stuttgart,0,22,Lorenz Assignon,VfB Stuttgart,29,1,2858644,2858738,1.88,4.968485355377197,30.7750186920166,-5.901771545410156,28.533039093017578,11.099052104186326,6.714472243056846,5.912667637977141,-2.938195725520047,False,-0.008365511227557354,0.467761686953497,0.45939617572593966,forward,3.113414602881305,0.1707079419012765,0.32481315273061134
Dortmund_Stuttgart,0,8,Tiago Barreiros de Melo Tomás,VfB Stuttgart,33,1,2858945,2859050,2.1,10.169090270996094,19.79537010192871,-0.30954286456108093,14.130861282348633,11.911692262508181,6.068915721629723,5.6481547121690046,-2.646012709396268,False,0.007762174984212777,0.47143068113210734,0.4791928561163201,diagonal,-2.724567447732757,0.07576162564686725,0.28546806839089994
Dortmund_Stuttgart,0,11,Bilal El Khannouss,VfB Stuttgart,30,1,2859543,2859672,2.58,4.485424041748047,-29.851655960083008,-0.41105714440345764,-15.56592845916748,15.101574031760723,6.5038735350899985,5.866961857632996,1.9010008176767035,False,0.009046323137702372,0.6237784197852627,0.6328247429229651,diagonal,2.042094383004132,0.14073273264941386,0.2025670180909941
Dortmund_Stuttgart,1,3,Waldemar Anton,Borussia Dortmund,7,1,2859969,2860102,2.66,-10.338447570800781,-18.75956153869629,-20.512889862060547,-30.996171951293945,15.913953321782387,6.773875369741835,6.044420996853653,-2.2644372001094943,True,-0.0015571429627422306,0.52542014837046,0.5238630054077178,sideways,-2.2197930932881764,0.5625528833459027,0.09627958684758679
Dortmund_Stuttgart,1,23,Emre Can,Borussia Dortmund,7,1,2860061,2860215,3.08,-14.1702241897583,-3.045476198196411,-27.962209701538086,7.560976028442383,17.39872676931029,6.205525316863305,5.653904298104279,2.486023100130724,True,0.0034337162191486748,0.5704165276151033,0.573850243834252,sideways,2.467777547160525,0.2828002664770073,0.17173701195807792
Dortmund_Stuttgart,1,10,Julian Brandt,Borussia Dortmund,7,1,2863851,2864078,4.54,-8.019747734069824,0.8373619318008423,12.314294815063477,21.417705535888672,28.931364109773366,8.150739071003828,6.793630355339549,0.7914180039208532,True,0.016044131178948484,0.4926260565866904,0.5086701877656389,sideways,1.6605581108826941,0.16248965925992848,0.1293230342243955
Dortmund_Stuttgart,0,8,Tiago Barreiros de Melo Tomás,VfB Stuttgart,26,1,2865120,2865362,4.84,-22.819232940673828,30.75196075439453,-24.167938232421875,-1.4382809400558472,32.21848330246352,8.47925629099188,7.1359824540440835,-1.6126697909627683,False,0.007824561580444811,0.4218917278806743,0.4297162894611191,diagonal,-2.742123820008197,0.35998849780900327,0.0937500955484281
Dortmund_Stuttgart,1,23,Emre Can,Borussia Dortmund,4,1,2865207,2865316,2.18,-18.70091438293457,12.604466438293457,-26.377548217773438,2.3212475776672363,12.832587313933685,7.010030268409473,6.195691598611326,-2.212066843148694,True,-0.002965778415524589,0.5793829407971921,0.5764171623816675,sideways,-2.6287519614282524,0.5957698425456839,0.03813002305889651
Dortmund_Stuttgart,1,10,Julian Brandt,Borussia Dortmund,4,1,2865295,2865494,3.98,1.1260809898376465,16.846799850463867,-0.04292857274413109,-6.987033367156982,23.862484975433187,6.774289140987383,6.096056064502116,-1.6198053745275915,True,0.001835367874414906,0.4356838447074259,0.4375192125818408,sideways,-1.9068660588185102,0.07538013043118315,0.08134323642007978
Dortmund_Stuttgart,1,14,Maximilian Beier,Borussia Dortmund,17,1,2865400,2865539,2.78,-18.746366500854492,24.407304763793945,-1.4013762474060059,30.23213768005371,18.296922292958623,7.652320421156582,6.594000444510496,0.32398886615749267,True,0.0049595026382157625,0.6244059775464527,0.6293654801846684,forward,0.2615306057959084,0.16066028143999864,0.22906633119426392
Dortmund_Stuttgart,1,8,Felix Nmecha,Borussia Dortmund,17,1,2865423,2865496,1.46,-8.740900039672852,16.380727767944336,-0.6041237711906433,17.75756072998047,8.252441883993152,6.192857933341989,5.721401182335054,0.16762332801455748,True,0.028943604948396096,0.39746843786550334,0.42641204281389944,forward,-0.21049338838907192,0.35974597726894264,0.18248551682016464
Dortmund_Stuttgart,1,9,Serhou Guirassy,Borussia Dortmund,7,1,2865435,2865526,1.82,-2.8879714012145996,1.4860714673995972,4.774890422821045,-5.26906681060791,10.215250583772535,6.181915132676175,5.7685346781204565,-0.722523487357279,True,0.01918315526226677,0.5322742394822871,0.5514573947445539,sideways,-1.3723212915265572,0.09385874954045682,0.32299393005427723
Dortmund_Stuttgart,1,26,Julian Ryerson,Borussia Dortmund,14,1,2865612,2865804,3.84,-13.269399642944336,-15.834794998168945,7.342885494232178,-16.42717170715332,20.620795540948826,5.673258552850087,5.370194660343071,-0.028731103728844392,True,0.004019161503659219,0.6150835108169428,0.619102672320602,forward,-0.02865255635686906,0.002470630104437085,0.12000625008618487
Dortmund_Stuttgart,1,9,Serhou Guirassy,Borussia Dortmund,14,1,2865693,2865893,4.0,18.360172271728516,-0.27123332023620605,34.51530838012695,19.026485443115234,25.167248005101495,7.874667783971696,6.494109283727484,0.8738082662909571,True,0.0010334657840167516,0.3866554016874961,0.3876888674715129,diagonal,0.6242685093864845,0.175713773558262,0.050420333946956025
Dortmund_Stuttgart,1,17,Carney Chukwuemeka,Borussia Dortmund,14,1,2865847,2865902,1.1,16.838809967041016,6.948933124542236,22.511924743652344,5.950999736785889,5.760217210748624,5.427360060117846,5.22956788978294,-0.17412434590787568,True,0.013058809392823223,0.5618003593179182,0.5748591687107414,forward,-0.13355521321565147,0.13206816968865193,0.09161045780936564
Dortmund_Stuttgart,1,9,Serhou Guirassy,Borussia Dortmund,7,1,2866101,2866270,3.38,27.947399139404297,14.833328247070312,41.39859390258789,0.023776190355420113,20.006435781459075,6.924282667413598,5.9342890867178575,-0.8334263594376968,True,0.04671863897457429,0.4857641926334516,0.5324828316080259,sideways,-1.1959661242739679,0.1835207475505368,0.271921023229381
Dortmund_Stuttgart,0,11,Bilal El Khannouss,VfB Stuttgart,6,1,2866351,2866410,1.18,21.595352172851562,1.8180094957351685,16.440853118896484,-3.384828567504883,7.3238230733356255,7.207916283254926,6.181360884632304,-2.351527396926195,False,8.668062559874512e-05,0.3982357399235549,0.3983224205491536,diagonal,-2.275810466914018,0.38592702386770894,0.045186641877148645
Dortmund_Stuttgart,0,11,Bilal El Khannouss,VfB Stuttgart,6,1,2866422,2866516,1.88,15.728042602539062,-4.211971282958984,11.85484790802002,-13.664323806762695,10.215116513085343,6.5354506567924595,5.754850503928335,-1.9596879631299262,False,0.005778393303044638,0.37589166014178405,0.3816700534448287,diagonal,-2.352203305378812,0.4268905145087446,0.04224694764458494
Dortmund_Stuttgart,1,26,Julian Ryerson,Borussia Dortmund,23,1,2866540,2866627,1.74,25.763608932495117,-22.71482276916504,23.680400848388672,-13.088447570800781,9.849205824906338,6.466910304521697,5.660158315233375,1.7839162482104343,True,0.011119635120437676,0.4827597243781454,0.4938793594985831,sideways,1.8487159971229874,0.695006649581443,0.12032205513907179
Dortmund_Stuttgart,1,17,Carney Chukwuemeka,Borussia Dortmund,10,1,2866807,2866942,2.7,32.08920669555664,-12.694243431091309,46.04030990600586,-18.012052536010742,14.930250314879872,6.253770163180569,5.747621129593191,-0.3641731814907647,True,0.006218915250658763,0.5160581095431152,0.5222770247937739,diagonal,-0.7080294942404475,0.35084187715708565,0.05867836564556514
Dortmund_Stuttgart,0,24,Julian Chabot,VfB Stuttgart,33,1,2868316,2868371,1.1,39.7548942565918,-14.030489921569824,34.957576751708984,-17.22980499267578,5.766270212785797,5.5943009420617225,5.321415865692534,-2.55343083355566,False,0.001533410106891897,0.6496306448904501,0.651164054997342,forward,-2.8559020506831807,0.4487685519834725,0.18449886323298256
Dortmund_Stuttgart,0,18,Jamie Leweling,VfB Stuttgart,24,1,2868707,2868786,1.58,-1.7775191068649292,-17.312637329101562,-2.4193379878997803,-26.224609375,8.935053285959071,6.324361600189985,5.736423096829388,-1.6426898103638448,False,0.00011745792916512121,0.42575745390506803,0.42587491183423315,diagonal,-2.0722157538271104,0.21301997806880946,0.08472294133837341
Dortmund_Stuttgart,1,4,Nico Schlotterbeck,Borussia Dortmund,7,1,2869018,2869204,3.72,-15.020695686340332,4.696252346038818,-29.967790603637695,21.19854736328125,22.26525066786361,6.630324196055257,5.980884061710387,2.3067838571158634,True,-0.0002453034796932041,0.535004515737202,0.5347592122575088,sideways,2.416397295228768,0.2825963030951247,0.0518190149054313
Dortmund_Stuttgart,1,7,Jobe Bellingham,Borussia Dortmund,1,1,2869236,2869334,1.96,-17.770761489868164,-2.076557159423828,-23.71232795715332,6.900285720825195,10.76503228893648,6.291677093603773,5.809554836661324,2.155475722003502,True,-0.000489902659636221,0.50410425803793,0.5036143553782938,sideways,1.555810634669334,0.34897311174117607,0.06002290698947706
Dortmund_Stuttgart,1,8,Felix Nmecha,Borussia Dortmund,23,1,2869564,2869708,2.88,-24.194814682006836,-8.28104305267334,-7.198947429656982,-8.018976211547852,16.997887594895893,6.990703477904233,6.1612012135898535,0.015418223182659297,True,0.008237914340517571,0.4852222916343927,0.49346020597491025,diagonal,-0.6042540896045798,0.36495739596919774,0.15222988415967145
Dortmund_Stuttgart,1,10,Julian Brandt,Borussia Dortmund,8,1,2869695,2870048,7.06,-5.699695110321045,-17.91246223449707,37.92494583129883,1.3173190355300903,47.674875825515734,8.154132587552242,6.869447409366963,0.4151776771368999,True,0.013023349339337242,0.4887356039719061,0.5017589533112433,forward,0.20276899850543076,0.3404954408767672,0.10743378500263927
Dortmund_Stuttgart,1,17,Carney Chukwuemeka,Borussia Dortmund,8,1,2869749,2870127,7.56,-3.941828489303589,2.658433437347412,39.22703170776367,13.525242805480957,44.51559318438083,7.197838657327686,6.305265264865276,0.24660432159168935,True,0.00193733069646157,0.4733175230973194,0.47525485379378096,diagonal,1.0210417962867568,0.43093241867270105,0.0881084053615046
Dortmund_Stuttgart,1,14,Maximilian Beier,Borussia Dortmund,17,1,2869827,2870132,6.1,11.250308990478516,27.66718101501465,38.117008209228516,10.740900039672852,31.754031469515795,7.524603985036845,6.45655341890218,-0.5621936841012277,True,0.0001080104677773086,0.6130679570693316,0.6131759675371089,forward,-0.027023767477860308,0.34564693287024917,0.050623940631886286
Dortmund_Stuttgart,1,23,Emre Can,Borussia Dortmund,17,1,2869828,2869907,1.58,-16.775876998901367,-8.823566436767578,-9.426852226257324,-5.357742786407471,8.125275298987185,5.294872284499491,5.127990504809522,0.44067321190796743,True,0.00019489385706739082,0.6863359313415076,0.686530825198575,forward,0.391239722150407,0.006058734096129081,0.04734495782052886
Dortmund_Stuttgart,1,9,Serhou Guirassy,Borussia Dortmund,17,1,2869832,2870058,4.52,9.61441421508789,6.531257152557373,36.42658615112305,2.886671543121338,27.058742915960075,6.834039498006716,6.200515889362125,-0.1351022284161185,True,0.0009390817550618547,0.40893082002247855,0.4098699017775404,forward,0.26960645023758567,0.2875773213620766,0.038659402166348604
Dortmund_Stuttgart,1,26,Julian Ryerson,Borussia Dortmund,17,1,2869873,2870118,4.9,15.766185760498047,-23.48241424560547,41.82652282714844,-10.584261894226074,29.07754291728973,6.428471044542187,5.933828376275045,0.4595867711353495,True,0.001977077114318826,0.586758530600402,0.5887356077147208,diagonal,0.4131700613305662,0.0075504508419214165,0.027338102399967968
Dortmund_Stuttgart,1,8,Felix Nmecha,Borussia Dortmund,17,1,2869875,2870026,3.02,5.295090198516846,1.018471360206604,21.017351150512695,1.7989095449447632,15.741619141716358,5.4395405486901165,5.250821626835401,0.049598344914760804,True,6.478489676703392e-05,0.39620653173739995,0.396271316634167,forward,0.31455308985092534,0.13211529670689395,0.026844396510989143
Dortmund_Stuttgart,1,7,Jobe Bellingham,Borussia Dortmund,17,1,2869876,2870013,2.74,-9.166766166687012,1.4550666809082031,5.434237957000732,2.1133999824523926,14.61583812704111,5.560034871275705,5.3364716204087195,0.04505770427101983,True,0.002011788741305698,0.7598464512193142,0.7618582399606199,forward,0.09842995359292873,0.003960386445924323,0.05750303186502725
Dortmund_Stuttgart,1,4,Nico Schlotterbeck,Borussia Dortmund,17,1,2869877,2870092,4.3,-5.4166998863220215,13.424419403076172,19.735612869262695,14.036385536193848,25.159756348240588,6.479037418616633,5.879985462490499,0.024325612795607365,True,0.0014600593694900077,0.6532508479403127,0.6547109073098027,forward,0.13401512111004155,0.020341818387000967,0.05172975691673825
Dortmund_Stuttgart,0,24,Julian Chabot,VfB Stuttgart,33,1,2872468,2872662,3.88,23.538280487060547,-22.488962173461914,13.051589965820312,-4.824057102203369,20.543114400325127,6.027413370906528,5.60873479992677,2.106530262188333,False,2.249932367248686e-05,0.627377693895424,0.6274001932190965,forward,-3.0880520095324577,0.08392258544152684,0.14940637542071905
Dortmund_Stuttgart,0,29,Finn Jeltsch,VfB Stuttgart,33,1,2872519,2872613,1.88,27.38319969177246,23.458133697509766,17.592449188232422,24.070837020874023,9.809903199574965,5.419054026830112,5.216949005768707,3.0790943427945017,False,0.0014938694464092794,0.5205828918144715,0.5220767612608808,forward,-3.1097896358852513,0.11249087002106627,0.16533387641209385
Dortmund_Stuttgart,0,30,José Andrés Baixauli,VfB Stuttgart,33,1,2872525,2872632,2.14,16.289724349975586,10.068305015563965,7.041290760040283,17.808338165283203,12.059918616068531,6.073814828528742,5.624402932411708,2.4447519350565723,False,0.002143261326848167,0.6440539692419133,0.6461972305687614,diagonal,2.401209087885647,0.1675855149123983,0.048632770351511416
Dortmund_Stuttgart,0,22,Lorenz Assignon,VfB Stuttgart,24,1,2873990,2874051,1.22,-8.941376686096191,29.751190185546875,-15.683233261108398,28.940876007080078,6.790378424348649,6.134176722402708,5.564087188029196,-3.0219749029409133,False,0.012529958680163489,0.5823928545708026,0.5949228132509661,forward,-3.005611200398408,0.014379124740386613,0.33892008783423366
Dortmund_Stuttgart,0,11,Bilal El Khannouss,VfB Stuttgart,18,1,2874311,2874372,1.22,-0.630809485912323,-19.433551788330078,-5.176847457885742,-14.610709190368652,6.627689791121452,5.687414179612596,5.438420738028731,2.3266579704446966,False,-0.0050801265383659255,0.488141758441881,0.4830616319035151,diagonal,2.236015839841193,0.39965287718436604,0.19227854793547786
Dortmund_Stuttgart,1,14,Maximilian Beier,Borussia Dortmund,3,1,2874468,2874544,1.52,-16.20663833618164,15.051304817199707,-8.037643432617188,15.595561981201172,8.187105324534974,5.6686500220504,5.378374181814957,0.06652642281273363,True,0.009110517663555195,0.4571643188164955,0.4662748364800507,forward,0.1812824484570523,0.10688718127728286,0.2617432248348371
Dortmund_Stuttgart,1,9,Serhou Guirassy,Borussia Dortmund,10,1,2876301,2876372,1.42,11.950613975524902,25.062381744384766,11.646981239318848,17.01919937133789,8.048911449667461,6.208584552451179,5.663149625371692,-1.6085287330721045,True,0.005384614159684442,0.3997609383531729,0.40514555251285733,sideways,-1.5121362122266655,0.6642352889579161,0.09455932522306693
Dortmund_Stuttgart,0,8,Tiago Barreiros de Melo Tomás,VfB Stuttgart,26,1,2876490,2876580,1.8,-14.222261428833008,25.774694442749023,-25.369638442993164,22.70734214782715,11.56168951308539,7.263263153651383,6.432371972686095,-2.873074359338868,False,0.032026959848240666,0.5781648296748405,0.6101917895230812,forward,-3.017906209383776,0.13777844863043623,0.13126323850686764
Dortmund_Stuttgart,1,3,Waldemar Anton,Borussia Dortmund,9,1,2876983,2877248,5.3,-15.309375762939453,-3.748509407043457,10.651695251464844,-27.36786651611328,35.097738366748224,7.899932123247311,6.667816277774271,-0.7382026252294331,True,0.0012826394314922052,0.5958542625274489,0.5971369019589411,diagonal,-0.6633832041525531,0.31351802516439814,0.08484407987542784
Dortmund_Stuttgart,1,10,Julian Brandt,Borussia Dortmund,9,1,2877076,2877185,2.18,12.338990211486816,5.253971576690674,20.20293426513672,-4.390095233917236,12.443859559091974,6.037157778457598,5.7088726646469965,-0.8867247150915791,True,0.0005180558255385437,0.3678937841614532,0.36841183998699173,diagonal,-1.0533448425891654,0.20100188477208014,0.04512456298241364
Dortmund_Stuttgart,1,26,Julian Ryerson,Borussia Dortmund,3,1,2877119,2877194,1.5,12.229999542236328,-30.527175903320312,20.15977668762207,-32.67604446411133,8.215777605743604,5.887100255064285,5.485619049743234,-0.26463178221815725,True,0.0033725337634551433,0.575747628731597,0.5791201624950522,forward,-0.34960867200464574,0.2913286627475443,0.08368051245166536
Dortmund_Stuttgart,1,8,Felix Nmecha,Borussia Dortmund,3,1,2877208,2877303,1.9,4.305000305175781,4.962399959564209,13.978909492492676,3.1674141883850098,9.839029062015724,5.346252872005815,5.1844945240239975,-0.1834627057530994,True,0.0033442528684238804,0.6380953985957565,0.6414396514641804,forward,-0.14049176240370265,0.030426333444106293,0.10084351947311196
Dortmund_Stuttgart,1,8,Felix Nmecha,Borussia Dortmund,23,1,2877589,2877696,2.14,25.09719467163086,8.036280632019043,20.485105514526367,18.9032039642334,11.80514248543005,5.887789573809283,5.503913937350499,1.9721716730548149,True,0.003967774533976232,0.3982011959985831,0.40216897053255934,sideways,1.805289600685584,0.12047995269321123,0.11726403103434647
Dortmund_Stuttgart,1,10,Julian Brandt,Borussia Dortmund,26,1,2878121,2878300,3.58,18.690900802612305,-12.258081436157227,35.964908599853516,-18.001123428344727,18.203677559855294,6.447738494251372,5.655371422666137,-0.32097088340547714,True,0.003843763347859852,0.5251256066573969,0.5289693700052568,sideways,-1.1995900944267526,0.6084087370714314,0.03767276847108112
Dortmund_Stuttgart,1,9,Serhou Guirassy,Borussia Dortmund,26,1,2878195,2878332,2.74,26.378271102905273,-7.763452529907227,41.943519592285156,-9.281390190124512,15.639088697121986,7.016842652665967,6.016352303919773,-0.0972135397183816,True,-0.003536452114777433,0.4105998567729415,0.40706340465816404,forward,-0.37992394758121734,0.5231004169551038,0.050247103843446356
Dortmund_Stuttgart,1,14,Maximilian Beier,Borussia Dortmund,26,1,2878210,2878265,1.1,27.34282875061035,20.758094787597656,32.673343658447266,18.191743850708008,5.916125954875028,5.7235337903424846,5.365282830607448,-0.4486939085664138,True,0.0009984193048901968,0.5926914101188117,0.5936898294237019,diagonal,-0.5338875452009316,0.05478220707860611,0.11899109618147423
Dortmund_Stuttgart,0,29,Finn Jeltsch,VfB Stuttgart,33,1,2879848,2880086,4.76,40.71147537231445,24.226804733276367,9.542490005493164,32.518611907958984,32.25305745226703,8.270026770193983,6.96218386433562,2.8815870915057498,False,-0.000639165398781838,0.5799199514911708,0.579280786092389,diagonal,2.4369548231278304,0.46675912209107584,0.14761358854633533
Dortmund_Stuttgart,0,22,Lorenz Assignon,VfB Stuttgart,29,1,2879926,2880171,4.9,19.099533081054688,33.186767578125,-15.540970802307129,25.748027801513672,35.430204046227914,8.77747598110688,7.269479232507897,-2.9300639714801977,False,-0.0005902998872837628,0.4789833751145091,0.47839307522722535,forward,-3.0519847711841934,0.513960707775523,0.12773585110732102
Dortmund_Stuttgart,0,11,Bilal El Khannouss,VfB Stuttgart,29,1,2879968,2880094,2.52,13.24059009552002,-3.670604705810547,3.7141380310058594,6.186695098876953,13.708378765447733,5.9184572660783035,5.495564610185834,2.33912784490444,False,0.0010976182446690852,0.472699883517402,0.4737975017620711,diagonal,2.1012471966373503,0.08173340468871676,0.08231629562244941
Dortmund_Stuttgart,1,26,Julian Ryerson,Borussia Dortmund,17,1,2880322,2880640,6.36,-2.41792368888855,-13.021610260009766,42.352577209472656,-18.866832733154297,45.15046374568832,8.47045552702449,7.150857783226254,-0.12982534766326187,True,8.786060917176375e-05,0.6223892275823519,0.6224770881915237,forward,-0.3499744310003715,0.06913931119067508,0.15847509380516359
Dortmund_Stuttgart,1,9,Serhou Guirassy,Borussia Dortmund,17,1,2880380,2880627,4.94,19.89167594909668,3.0347237586975098,44.14231872558594,-4.86969518661499,25.506342621706974,7.18568777442353,5.970597597272965,-0.3150879914712152,True,-0.009276698959749419,0.45008985431825904,0.4408131553585096,diagonal,-0.6750750325346739,0.46153709358894496,0.056823570169411156
Dortmund_Stuttgart,1,14,Maximilian Beier,Borussia Dortmund,10,1,2880470,2880680,4.2,8.163400650024414,28.52895164489746,33.171607971191406,19.351947784423828,26.63884068936969,7.259715318322903,6.36830014408708,-0.35170306117538275,True,0.0014581530940603882,0.5594735033623692,0.5609316564564296,forward,-0.10863926114351512,0.01878408813218729,0.16935391668326308
Dortmund_Stuttgart,1,10,Julian Brandt,Borussia Dortmund,23,1,2894491,2894557,1.32,-9.382076263427734,-29.20768165588379,-2.347904920578003,-28.707185745239258,7.051954526026121,5.623890079474196,5.328012759545049,0.07103236984490872,True,0.06092031249199037,0.5854818780339724,0.6464021905259628,forward,0.09745364113110706,0.18927371353603428,0.30646504846630135
Dortmund_Stuttgart,1,26,Julian Ryerson,Borussia Dortmund,9,1,2894576,2894963,7.74,-12.322047233581543,-31.632038116455078,37.821285247802734,-17.16756248474121,52.18788027539624,8.20095181029528,6.89682389308497,0.28083869672448253,True,0.013511581486795765,0.6038507031288588,0.6173622846156546,forward,-0.0921868439407558,0.18970061412155542,0.18858424344029406
Dortmund_Stuttgart,1,14,Maximilian Beier,Borussia Dortmund,9,1,2894585,2894671,1.72,-16.91535758972168,9.504938125610352,-8.925066947937012,13.550566673278809,8.956107127870995,5.471473893857266,5.212536556755677,0.46868928183510106,True,0.03329028301002218,0.49743997717125504,0.5307302601812772,forward,0.29120638654079867,0.10094973952798676,0.21162723360695895
Dortmund_Stuttgart,1,9,Serhou Guirassy,Borussia Dortmund,8,1,2894659,2895069,8.2,-8.473437309265137,-9.746252059936523,49.72328186035156,-3.5983428955078125,58.52055116966431,8.968883235798295,7.262536474252768,0.10524976814196776,True,0.04540803032312102,0.5839759722254582,0.6293840025485792,diagonal,1.0534608112698345,0.08909778057352863,0.24245927854266022
Dortmund_Stuttgart,1,10,Julian Brandt,Borussia Dortmund,8,1,2894663,2894724,1.22,3.7295000553131104,-31.748390197753906,10.574223518371582,-31.416372299194336,6.852771349658989,5.928889717629142,5.576512111639121,0.04846913993021701,True,0.010254299347842166,0.7030994980296393,0.7133537973774815,forward,-0.03003961245571903,0.3932432080422989,0.0895276265736845
Dortmund_Stuttgart,1,14,Maximilian Beier,Borussia Dortmund,10,1,2894769,2895052,5.66,0.6690523624420166,14.934542655944824,39.75735092163086,11.625542640686035,39.22810937775701,8.220880978673646,6.926172794715335,-0.0844531338460627,True,0.0004743410750898125,0.6325130805558198,0.6329874216309096,forward,-0.03457835879547119,0.0,0.07268317446512845
Dortmund_Stuttgart,1,17,Carney Chukwuemeka,Borussia Dortmund,10,1,2894811,2895037,4.52,4.8907856941223145,-0.5260904431343079,30.874343872070312,-0.5112904906272888,25.983562392893752,6.263612701593257,5.759644290496963,0.0005695890764897213,True,0.00965941013222138,0.6275054842317631,0.6371648943639845,forward,-0.012653177289627362,0.014125790322196595,0.09343736593028798
Dortmund_Stuttgart,1,8,Felix Nmecha,Borussia Dortmund,10,1,2894812,2895078,5.32,-4.244175910949707,-8.456937789916992,26.93131446838379,-3.1719954013824463,31.62027540111004,6.779739743339334,5.960857406238485,0.16792588680053874,True,-0.0009296756422212948,0.4414666235032158,0.4405369478609945,forward,-0.028695532106218502,0.07743049880456519,0.08529216185074764
Dortmund_Stuttgart,1,7,Jobe Bellingham,Borussia Dortmund,10,1,2894854,2894991,2.74,3.9596619606018066,-20.354623794555664,17.222532272338867,-13.700499534606934,14.83850055001497,5.78014707717707,5.425562501024004,0.4650152510942068,True,0.0026477463699247084,0.5273049223287386,0.5299526686986633,forward,0.21583105036586114,0.08585921622682718,0.06471667440235652
Dortmund_Stuttgart,0,30,José Andrés Baixauli,VfB Stuttgart,7,1,2896907,2897027,2.4,9.746156692504883,-5.184076309204102,0.8417999744415283,-16.057804107666016,14.054377424758572,6.428646735654111,5.895774660975332,-2.25694823377718,False,0.00310955376025146,0.3854468248406361,0.38855637860088754,diagonal,-2.109421596176223,0.29932039776840536,0.10140947145444835
Dortmund_Stuttgart,0,11,Bilal El Khannouss,VfB Stuttgart,6,1,2897760,2897841,1.62,-0.9830571413040161,-14.52642822265625,-6.12238073348999,-7.620709419250488,8.608228573691061,5.5801254611170945,5.304437017639231,2.2105832589104164,False,0.01366170608954026,0.4724153009436378,0.4860770070331781,diagonal,2.114186022636435,0.44987979527476757,0.1839873606249837
Dortmund_Stuttgart,0,11,Bilal El Khannouss,VfB Stuttgart,29,1,2898070,2898290,4.4,-13.9263334274292,9.706314086914062,-30.812108993530273,31.208391189575195,27.339874472965676,7.300087373923591,6.2776983855011155,2.2365149539329394,False,0.0012560255550340127,0.5269154109348027,0.5281714364898367,diagonal,1.9909946549466084,0.30190246442602264,0.03828955739389161
Dortmund_Stuttgart,1,10,Julian Brandt,Borussia Dortmund,8,1,2898660,2898891,4.62,-20.66209602355957,5.1008806228637695,-1.5650619268417358,24.702299118041992,27.366262410389886,6.676097430010801,5.926293396840931,0.7984311351673545,True,0.00446615798150285,0.4511048521521575,0.45557101013366036,diagonal,0.8386215889089201,0.188630525265574,0.20820219698203968
Dortmund_Stuttgart,1,9,Serhou Guirassy,Borussia Dortmund,8,1,2898703,2898798,1.9,-12.761338233947754,18.538833618164062,-14.20417594909668,29.14073371887207,10.699629265430117,6.047575275939424,5.64571154055573,1.706057717240541,True,0.000324687231320564,0.4170653138866636,0.4173900011179842,sideways,1.5652342304230331,0.6164058900670523,0.07033513388382562
Dortmund_Stuttgart,1,17,Carney Chukwuemeka,Borussia Dortmund,8,1,2898729,2898894,3.3,-29.403385162353516,28.906461715698242,-7.391414165496826,32.18899154663086,22.255378434379015,8.018232549844788,6.7289925673455215,0.14803385474364536,True,0.006313282994314551,0.5002713275499394,0.506584610544254,forward,0.18325928340225442,0.11467822392116314,0.07965441242121632
Dortmund_Stuttgart,0,26,Deniz Undav,VfB Stuttgart,11,1,2900128,2900363,4.7,-18.13825225830078,-6.312718868255615,-46.4218864440918,-6.178100109100342,28.28395454963755,7.564641141074432,6.2795863321274625,3.1368330904536204,False,0.008495695465834008,0.41165460363530926,0.42015029910114327,diagonal,-2.510260714586585,0.3688391946094585,0.12420551579696092
Dortmund_Stuttgart,0,8,Tiago Barreiros de Melo Tomás,VfB Stuttgart,11,1,2900141,2900300,3.18,-20.46917152404785,6.759904861450195,-37.3409423828125,14.006571769714355,18.36221209958078,7.032468051978999,5.806863236415928,2.735904572614274,False,0.03501090679260799,0.5702838665002408,0.6052947732928488,diagonal,2.435771307076024,0.2561197065507569,0.13923482363800088
Dortmund_Stuttgart,0,6,Angelo Stiller,VfB Stuttgart,11,1,2900217,2900316,1.98,-14.152423858642578,3.7036333084106445,-24.555143356323242,6.50308084487915,10.772812049639827,5.77370454188772,5.478125509886312,2.8787130696295544,False,0.003172454395339974,0.5932038144371226,0.5963762688324625,diagonal,2.598157675118471,0.14435825468082764,0.06368359752410492
Dortmund_Stuttgart,1,10,Julian Brandt,Borussia Dortmund,1,1,2901278,2901463,3.7,-1.6877952814102173,-11.365904808044434,15.858561515808105,3.802976131439209,23.194171375833193,7.162486941928115,6.2772201355263935,0.7128538711688933,True,0.009170949447563914,0.4446014394767688,0.4537723889243327,diagonal,0.9325522617353503,0.0979104739275123,0.29446146626903874
Dortmund_Stuttgart,1,3,Waldemar Anton,Borussia Dortmund,1,1,2901336,2901463,2.54,-29.5732421875,-18.332157135009766,-16.25370979309082,-10.823747634887695,15.290067247309244,6.507960307302756,6.01427564675745,0.513311338663491,True,0.0464984343802215,0.5294252193988296,0.5759236537790511,diagonal,0.4345948501576516,0.1945198938825337,0.19054649062982462
Dortmund_Stuttgart,0,26,Deniz Undav,VfB Stuttgart,7,1,2903199,2903332,2.66,4.880828380584717,12.014776229858398,-6.356466770172119,3.945366621017456,13.834456033414456,5.398262014801186,5.203577055763926,-2.518827449424498,False,0.003545984521874934,0.6160769473759268,0.6196229318978017,diagonal,-2.3659601305695532,0.03986459173552389,0.0807164817893204
Dortmund_Stuttgart,1,3,Waldemar Anton,Borussia Dortmund,26,1,2904450,2904539,1.78,-20.844547271728516,-25.013309478759766,-30.63387680053711,-21.823843002319336,10.295808323193532,6.266817430491052,5.835649174256821,2.826627847896158,True,0.0008435608384655957,0.4907265067226562,0.4915700675611218,sideways,3.0817102441469713,0.5732605999002063,0.03228383856929979
Dortmund_Stuttgart,1,4,Nico Schlotterbeck,Borussia Dortmund,26,1,2904495,2904635,2.8,-20.71388053894043,1.0641523599624634,-34.48557662963867,11.25252914428711,17.130751142723387,6.726674182205641,6.103754906296127,2.50464800170371,True,-0.0002097967208980478,0.5142550698655886,0.5140452731446905,sideways,2.662552205454485,0.22571366165356013,0.07810894770479164
Dortmund_Stuttgart,1,3,Waldemar Anton,Borussia Dortmund,1,1,2904617,2904669,1.04,-37.26842498779297,-21.019624710083008,-42.20027160644531,-23.747947692871094,5.636209485844386,5.702847621916354,5.395743095593456,-2.63629200047963,True,0.004398977119268399,0.5793777159470404,0.5837766930663087,sideways,-2.793187963094065,0.3529799867785645,0.06786130327005767
Dortmund_Stuttgart,1,4,Nico Schlotterbeck,Borussia Dortmund,1,1,2904764,2904840,1.52,-34.38761901855469,6.403590202331543,-26.93132972717285,3.6395857334136963,7.952104796905865,5.4164566177993505,5.2182256911994225,-0.35499053926788027,True,0.00030937790162355316,0.4266039907156229,0.42691336861724644,diagonal,-0.43582324451744353,0.06715802487993161,0.10613849973048094
Dortmund_Stuttgart,1,3,Waldemar Anton,Borussia Dortmund,1,1,2904764,2904887,2.46,-39.892677307128906,-26.02741813659668,-27.41288185119629,-21.902971267700195,13.143681242188826,5.596881746071032,5.344826868821515,0.3191893224751591,True,0.00446151853068788,0.5087893265256925,0.5132508450563804,forward,0.1885374223841954,0.16560775819325416,0.16259673336717748
Dortmund_Stuttgart,1,17,Carney Chukwuemeka,Borussia Dortmund,1,1,2904798,2904871,1.46,-1.1700904369354248,-1.9252475500106812,4.4820332527160645,-7.937447547912598,8.251851369110533,6.223036175954573,5.612233184287365,-0.8162582462488098,True,0.004962886739549421,0.43226895726683573,0.43723184400638515,diagonal,-0.8176640451873703,0.19851666650353572,0.11330456273070656
Dortmund_Stuttgart,1,10,Julian Brandt,Borussia Dortmund,1,1,2904812,2904898,1.72,2.6344428062438965,-23.866596221923828,8.05334758758545,-15.383890151977539,10.065824918919956,6.6060587291656505,5.867891386174257,1.002322167120323,True,0.016082344252746072,0.45139421814787944,0.4674765624006255,diagonal,0.7361373135755149,0.35401637212350656,0.1430409153688335
Dortmund_Stuttgart,1,10,Julian Brandt,Borussia Dortmund,4,1,2905129,2905257,2.56,7.94521427154541,1.2933523654937744,18.150514602661133,10.164937973022461,13.522321769577177,6.438680085507152,5.711901952150121,0.7155991346747099,True,0.007350301370674328,0.4657257593739237,0.473076060744598,sideways,1.501743638673742,0.22217968447223016,0.06288884953329736
Dortmund_Stuttgart,1,8,Felix Nmecha,Borussia Dortmund,4,1,2905261,2905323,1.24,3.8588380813598633,4.878399848937988,7.314799785614014,10.497613906860352,6.59691124163601,5.5826799194607535,5.290923393705155,1.019401631896422,True,0.010439765418931879,0.6687353514833597,0.6791751169022916,diagonal,0.9919512769524982,0.19507616860799845,0.09529697668909094
Dortmund_Stuttgart,0,18,Jamie Leweling,VfB Stuttgart,7,1,2905942,2906188,4.92,-1.0749762058258057,-29.592348098754883,-28.175247192382812,-29.299604415893555,27.101852084473464,5.94318561394616,5.546538204832522,3.130790831821907,False,0.003386462588369721,0.5393416730941503,0.54272813568252,forward,-2.9723497298433053,0.3962627814868853,0.06094532097877898
Dortmund_Stuttgart,0,8,Tiago Barreiros de Melo Tomás,VfB Stuttgart,7,1,2906034,2906236,4.04,-14.287628173828125,13.330219268798828,-36.10246276855469,6.242066383361816,22.937500293680824,6.502897865264044,5.741793673658554,-2.8274299279173043,False,0.00707319668195272,0.5079839570660222,0.5150571537479749,diagonal,-2.599919232253724,0.04401153798549258,0.07504326000486204
Dortmund_Stuttgart,0,30,José Andrés Baixauli,VfB Stuttgart,7,1,2906045,2906243,3.96,1.0498285293579102,4.900300025939941,-21.21780014038086,2.523871421813965,22.39407733048808,6.242790413060968,5.657063468024394,-3.035273846682812,False,0.0005462902837538586,0.5581710326502233,0.5587173229339771,forward,-2.8787625579885945,0.07274449302391843,0.056700193575642294
Dortmund_Stuttgart,0,22,Lorenz Assignon,VfB Stuttgart,7,1,2906049,2906242,3.86,-2.0371475219726562,24.516599655151367,-21.335491180419922,18.188575744628906,20.30935633080664,5.495760196220942,5.2612722840730255,-2.824735504201328,False,0.00018847904045948827,0.6235999103126697,0.6237883893531292,forward,-2.8980010889482433,0.0,0.06824145915037477
Dortmund_Stuttgart,0,26,Deniz Undav,VfB Stuttgart,7,1,2906051,2906236,3.7,-15.436699867248535,2.489323854446411,-36.830055236816406,-1.4321333169937134,21.749792649955484,7.117099488561684,5.929273033743193,-2.9603026354763853,False,0.0013126685137203609,0.4334155947439368,0.4347282632576572,diagonal,-2.6651318411275158,0.14995754777739456,0.05530853445214757
Dortmund_Stuttgart,1,10,Julian Brandt,Borussia Dortmund,7,1,2907719,2907867,2.96,-15.022113800048828,-23.433822631835938,2.2112715244293213,-23.26835823059082,17.234179650044798,6.580101986589622,5.954101165337449,0.009601091943092924,True,0.009430152189529473,0.5490048610185834,0.5584350132081128,forward,-0.35600551717028467,0.5145432683278459,0.08517089577289723
Dortmund_Stuttgart,1,14,Maximilian Beier,Borussia Dortmund,7,1,2907754,2907864,2.2,-23.937795639038086,13.430156707763672,-9.654014587402344,15.561338424682617,14.441895188706981,7.419518432968724,6.535988034389343,0.14811030772704364,True,0.0020744473492907423,0.5446713466970644,0.5467457940463551,forward,0.18124339342435053,0.024345693250549486,0.17659591098322067
Dortmund_Stuttgart,1,3,Waldemar Anton,Borussia Dortmund,8,1,2908611,2908717,2.12,-14.913423538208008,-18.857872009277344,-3.4983713626861572,-16.30417251586914,11.697213226769847,5.836134317748559,5.516416159921121,0.22008944765239766,True,0.00038138509648910635,0.629359083352176,0.6297404684486652,forward,0.039141407609754465,0.2090005546439753,0.16501557940929795
Dortmund_Stuttgart,1,14,Maximilian Beier,Borussia Dortmund,8,1,2908649,2908734,1.7,5.597057342529297,32.412330627441406,15.217257499694824,30.75155258178711,9.762501461247263,6.142466342305992,5.723518291930448,-0.17094949878987137,True,0.0007185133216306427,0.6241843370987209,0.6249028504203515,forward,-0.16899519678780092,0.08697830878055367,0.15971090344168967
Dortmund_Stuttgart,1,3,Waldemar Anton,Borussia Dortmund,4,1,2909187,2909258,1.42,5.085971355438232,-12.889723777770996,-1.1508904695510864,-17.965038299560547,8.040974003135254,6.077801023372379,5.64297109221885,-2.458517038262104,True,-0.001963325978520225,0.5543291457811091,0.5523658198025889,sideways,-2.546842529944256,0.3325640410851559,0.01664161117405358
Dortmund_Stuttgart,0,18,Jamie Leweling,VfB Stuttgart,26,1,2909650,2909893,4.86,11.081709861755371,-23.215351104736328,-25.003252029418945,-32.49795913696289,37.25978108587676,8.925741805751239,7.834833428011807,-2.889808643587778,False,0.002165292381605677,0.6836396090564878,0.6858049014380935,diagonal,-2.742032365546955,0.189817216288807,0.0888262874583426
Dortmund_Stuttgart,0,22,Lorenz Assignon,VfB Stuttgart,18,1,2909775,2909891,2.32,-3.0434951782226562,9.416218757629395,-17.024333953857422,7.792923927307129,14.074762483837644,6.928610913696934,6.040149065641826,-3.026001690305671,False,-0.002562731347405478,0.5360088498695642,0.5334461185221587,forward,-3.0773474658530735,0.06011263492198224,0.08711335677117173
Dortmund_Stuttgart,0,26,Deniz Undav,VfB Stuttgart,18,1,2909809,2909891,1.64,-9.389413833618164,-13.81259536743164,-18.2782039642334,-10.65066146850586,9.434427166887176,6.661086812648113,5.75589396332295,2.7998298363762935,False,0.0005022626401102737,0.48023002715005,0.48073228979016025,forward,2.947180243958223,0.2038439864740215,0.07400825103116473
Dortmund_Stuttgart,0,8,Tiago Barreiros de Melo Tomás,VfB Stuttgart,18,1,2909843,2909890,0.94,-19.600828170776367,3.4783332347869873,-24.712976455688477,2.2691094875335693,5.253216363129489,6.061393214934357,5.569556214757782,-2.9093224956097683,False,0.003019279453692403,0.5906757079343227,0.5936949873880151,forward,-2.866130481502309,0.10139957581901501,0.05686140871676492
Dortmund_Stuttgart,0,26,Deniz Undav,VfB Stuttgart,18,1,2909951,2910027,1.52,-25.57869529724121,-6.985599994659424,-33.59393310546875,-3.0071332454681396,8.948309046789838,6.603146091491221,5.857406854105219,2.6808589489704344,False,-0.0015201507627242705,0.5378864061235091,0.5363662553607849,diagonal,2.6559226574037518,0.18474127948919836,0.11023871748056532
Dortmund_Stuttgart,0,22,Lorenz Assignon,VfB Stuttgart,18,1,2909951,2910042,1.82,-25.169710159301758,7.05983829498291,-36.32197570800781,6.115914344787598,11.192140961076584,6.742934376976964,6.109908093315189,-3.0571542464025163,False,-0.0015050682662104409,0.5010643305732381,0.49955926230702763,forward,-3.0781453674028048,0.10932400415061333,0.0680854825837007
Dortmund_Stuttgart,0,6,Angelo Stiller,VfB Stuttgart,18,1,2909952,2910085,2.66,-28.371681213378906,-9.0429048538208,-46.01207733154297,-7.895871162414551,17.677648641574443,7.326638793094849,6.642459962314941,3.076660935682939,False,0.004586577930525193,0.4966146035936645,0.5012011815241897,forward,3.06537993966028,0.1946332919622374,0.06940108231612502
Dortmund_Stuttgart,0,8,Tiago Barreiros de Melo Tomás,VfB Stuttgart,18,1,2909952,2910012,1.2,-32.538543701171875,1.0147905349731445,-39.6005973815918,0.3688381016254425,7.091534159212686,6.48987219597284,5.872325746474601,-3.0503783952704393,False,0.008500385033687774,0.5661556451602109,0.5746560301938987,forward,-3.050791961161734,0.10334666489655552,0.07116189956620776
Dortmund_Stuttgart,1,3,Waldemar Anton,Borussia Dortmund,7,1,2912244,2912646,8.04,-12.327780723571777,-17.228214263916016,45.50538635253906,-19.759029388427734,57.88851560756942,8.850420264174524,7.327386363229141,-0.043732716180199034,True,0.025243989033116088,0.5645753716075856,0.5898193606407017,forward,-0.02770099306033317,0.32871492872416996,0.2438325854053921
Dortmund_Stuttgart,1,9,Serhou Guirassy,Borussia Dortmund,7,1,2912311,2912590,5.58,-2.8290855884552,-1.0207476615905762,36.34953308105469,-12.354480743408203,40.7850176709629,8.843666224932235,7.59977977343956,-0.28159649973847184,True,0.016017173134601992,0.44352991439293094,0.4595470875275329,forward,-0.31185421684327697,0.3617567873833846,0.16087573868664348
Dortmund_Stuttgart,1,17,Carney Chukwuemeka,Borussia Dortmund,7,1,2912362,2912441,1.58,-0.6399952173233032,-1.6361953020095825,4.597057342529297,-7.814376354217529,8.09917530545672,5.252952883558377,5.155829665715284,-0.8676570852284711,True,0.003514021846312776,0.6116503513905099,0.6151643732368227,diagonal,-0.6978522149306021,0.12378329798569844,0.050430542793559054
Dortmund_Stuttgart,1,4,Nico Schlotterbeck,Borussia Dortmund,7,1,2912391,2912454,1.26,-14.272847175598145,12.937738418579102,-8.23116683959961,10.480547904968262,6.522245510755516,5.300432316846077,5.167982847098739,-0.38627441807246743,True,0.003673492995692307,0.6226738121912955,0.6263473051869878,forward,-0.38366220797486056,0.011840713444110963,0.06301537657207257
Dortmund_Stuttgart,1,8,Felix Nmecha,Borussia Dortmund,26,1,2912422,2912635,4.26,0.6271047592163086,16.33937644958496,21.739986419677734,7.410585880279541,22.923286698010077,5.785123769512678,5.396798301652227,-0.400096728687518,True,-0.00037788856862597253,0.48324721718771857,0.4828693286190926,diagonal,-0.5111993621357412,0.0018091721011893576,0.044483222976946526
Dortmund_Stuttgart,1,14,Maximilian Beier,Borussia Dortmund,26,1,2912425,2912687,5.24,9.192428588867188,29.02662467956543,39.4559326171875,14.674480438232422,33.49423413658219,7.628154281585105,6.389899938680173,-0.442827524942979,True,8.261315131052882e-05,0.626765966412716,0.6268485795640265,diagonal,-0.4213142909666177,0.0,0.05761482827348536
Dortmund_Stuttgart,1,17,Carney Chukwuemeka,Borussia Dortmund,26,1,2912523,2912699,3.52,9.913032531738281,-13.41201400756836,29.26072883605957,-10.777604103088379,19.526225130041645,6.011183197138067,5.603047175612433,0.13532918900026078,True,0.0020926236550931065,0.5100123715803633,0.5121049952354564,forward,-0.31974968643123297,0.14922302847935273,0.04499371059154437
Dortmund_Stuttgart,1,10,Julian Brandt,Borussia Dortmund,26,1,2912555,2912695,2.8,21.035547256469727,7.372028827667236,36.12998580932617,1.750590443611145,16.10722337126105,6.39502349768671,5.774766632190374,-0.3565049497917554,True,0.00235660555738737,0.5769092327040399,0.5792658382614273,diagonal,-0.447745092717697,0.056306699839359854,0.0627297761572156
Dortmund_Stuttgart,0,30,José Andrés Baixauli,VfB Stuttgart,22,1,2917268,2917349,1.62,0.9449714422225952,5.2779998779296875,-5.468605041503906,11.309219360351562,8.803952053353925,5.713148187230562,5.444863747845341,2.386909076277971,False,0.015774943556613907,0.6012194661379557,0.6169944096945696,diagonal,2.4733202378705426,0.17613748589036884,0.15492592585937792
Dortmund_Stuttgart,0,30,José Andrés Baixauli,VfB Stuttgart,22,1,2917782,2917978,3.92,7.411067008972168,13.951628684997559,23.259952545166016,2.1630048751831055,19.75243843348711,6.512166166730892,5.55869261273245,-0.6395303342361665,False,0.027558087613400617,0.5879914594681516,0.6155495470815522,sideways,-1.0739100355585123,0.12053985528932704,0.08619386947941926
Dortmund_Stuttgart,1,3,Waldemar Anton,Borussia Dortmund,23,1,2918701,2918792,1.82,-1.8981761932373047,3.405738115310669,-7.591604709625244,-5.658228397369385,10.703766496621869,6.419269508334621,5.86494085471276,-2.1316495312119943,True,0.00022229555191299877,0.5935778597933233,0.5938001553452363,sideways,-2.180716300089646,0.3606828685371036,0.03675261172253558
Dortmund_Stuttgart,1,10,Julian Brandt,Borussia Dortmund,23,1,2918770,2918835,1.3,13.954042434692383,4.2816572189331055,17.952760696411133,10.544157028198242,7.430252458540618,6.191623767285494,5.70912695273457,1.0025352723978467,True,0.01187458470724212,0.5490343913369607,0.5609089760442029,diagonal,0.9785956242210964,0.09552613185035352,0.31433574771469935
Dortmund_Stuttgart,1,9,Serhou Guirassy,Borussia Dortmund,7,1,2919021,2919147,2.52,12.522724151611328,6.814380645751953,25.149751663208008,-3.4407618045806885,16.26683037519092,7.617833063954839,6.5930811948637364,-0.6821105653405601,True,0.023277622814662724,0.387618583103326,0.4108962059179887,diagonal,-0.9956735679772182,0.2123838558382628,0.14904562170635774
Dortmund_Stuttgart,1,10,Julian Brandt,Borussia Dortmund,7,1,2919055,2919115,1.2,18.202880859375,7.369957447052002,23.867433547973633,3.766528606414795,6.7135576687361525,5.993378420404505,5.659926668382068,-0.5665675482305638,True,0.012106071734550916,0.4370053480910078,0.4491114198255587,diagonal,-1.020091336367377,0.19434806882412195,0.13786970109085622
Dortmund_Stuttgart,0,8,Tiago Barreiros de Melo Tomás,VfB Stuttgart,26,1,2919236,2919427,3.82,1.4498523473739624,12.452342987060547,-23.603633880615234,3.463209629058838,26.617319374872885,8.563594990019846,7.121271380203908,-2.7971018353279034,False,0.03552628589619278,0.5322436767518359,0.5677699626480287,forward,-3.120798156745071,0.37320315653988895,0.11538358912664005
Dortmund_Stuttgart,0,11,Bilal El Khannouss,VfB Stuttgart,26,1,2919279,2919466,3.74,5.606566429138184,-10.685976028442383,-14.247161865234375,-26.40643310546875,25.323966867325463,8.852264043828868,7.51047848014778,-2.471863235478995,False,0.0002087925615436026,0.6411132569973205,0.6413220495588641,forward,-2.940770167331472,0.20778000619392306,0.03744663744436762
Dortmund_Stuttgart,1,9,Serhou Guirassy,Borussia Dortmund,14,1,2920826,2920940,2.28,-13.076695442199707,-13.459524154663086,-3.766228675842285,-5.629347801208496,12.165379284413842,5.643436520672194,5.335653144492371,0.6992504829510673,True,0.011007492361612359,0.566057692555589,0.5770651849172014,diagonal,0.8795232293492604,0.1594507351427479,0.11967155415807845
Dortmund_Stuttgart,1,17,Carney Chukwuemeka,Borussia Dortmund,4,1,2920977,2921099,2.44,-6.2258381843566895,4.718838214874268,-8.962885856628418,20.19725227355957,15.718547379843816,7.345924808878433,6.474404766466096,1.745817043497647,True,0.0024434285256068056,0.4283391308486696,0.4307825593742764,sideways,1.8960158238561946,0.45279670380584763,0.05679583477456687
Dortmund_Stuttgart,1,10,Julian Brandt,Borussia Dortmund,17,1,2921341,2921567,4.52,10.595561981201172,30.601224899291992,35.85452651977539,21.299938201904297,26.917080521259194,7.290808213077283,6.0987876516296575,-0.352828369906928,True,0.008527562735730854,0.6085108571587925,0.6170384198945233,forward,-0.027893013023923437,0.34385465827410183,0.12443786564392445
Dortmund_Stuttgart,1,9,Serhou Guirassy,Borussia Dortmund,8,1,2921405,2921541,2.72,17.715280532836914,3.370176315307617,35.68964385986328,4.030890464782715,17.986502722854908,7.717173173157564,6.613736708692621,0.03674215283506135,True,0.003883963189181827,0.3688682123632698,0.3727521755524516,forward,0.0835763507953032,0.2854087222026773,0.05664837344441301
Dortmund_Stuttgart,1,26,Julian Ryerson,Borussia Dortmund,8,1,2921420,2921740,6.4,14.765519142150879,-22.91834259033203,48.654563903808594,-4.91938591003418,38.37225294971457,7.463465631091416,6.547229464884908,0.4882281226446033,True,0.000921515968448583,0.6119172862033924,0.612838802171841,forward,0.38511166948931563,0.0,0.06125652996384509
Dortmund_Stuttgart,1,17,Carney Chukwuemeka,Borussia Dortmund,8,1,2921442,2921721,5.58,10.459285736083984,19.81747055053711,41.93659210205078,5.902447700500488,34.41582015547465,7.001004337538536,6.23375248730116,-0.4162358141789695,True,0.0008387507375099967,0.4353105333383516,0.4361492840758616,forward,-0.31009339883364595,0.1347222675905212,0.06886080479856184
Dortmund_Stuttgart,1,7,Jobe Bellingham,Borussia Dortmund,8,1,2921442,2921590,2.96,5.464219093322754,6.302971363067627,20.678176879882812,2.398042917251587,15.70709959534779,5.523015429573242,5.303267778270057,-0.2512440418829634,True,0.0010752601675874107,0.5456547965189552,0.5467300566865426,forward,-0.2995912303366272,0.06843237820779946,0.07155216956873472
Dortmund_Stuttgart,1,23,Emre Can,Borussia Dortmund,8,1,2921447,2921615,3.36,-11.50387191772461,2.7316761016845703,7.0908331871032715,4.553704738616943,18.68375889079373,5.989268442282083,5.557729093545716,0.09767461683907357,True,0.0007766637668279452,0.6451556737945121,0.64593233756134,forward,0.12454752062204857,0.0,0.056584462831704825
Dortmund_Stuttgart,1,4,Nico Schlotterbeck,Borussia Dortmund,8,1,2921451,2921625,3.48,-8.52376651763916,19.274248123168945,11.156128883361816,14.462433815002441,20.259611050822652,6.250600158004713,5.81589482068648,-0.23979936143947567,True,0.00025183989339938595,0.6479019044444319,0.6481537443378312,forward,-0.1807560241531257,0.008007635875327684,0.060549382879134625
Dortmund_Stuttgart,1,26,Julian Ryerson,Borussia Dortmund,9,1,2923086,2923163,1.54,38.58848571777344,-28.959447860717773,47.52174377441406,-33.53277587890625,10.035857146675733,7.450512547980151,6.504626462393949,-0.47315710228819247,True,-0.0023345820887322732,0.5624970390422958,0.5601624569535635,forward,-0.27486751924544706,0.5932068487790276,0.05240792684949771
Dortmund_Stuttgart,1,3,Waldemar Anton,Borussia Dortmund,26,1,2923186,2923275,1.78,25.97921371459961,-20.715267181396484,32.960941314697266,-27.966047286987305,10.065700791380449,6.03451947397034,5.64725396922417,-0.8042999948948867,True,0.0003336285707303821,0.5455902551407984,0.5459238837115288,diagonal,-0.9701510283628149,0.1959004638147045,0.04638164541108045
Dortmund_Stuttgart,0,11,Bilal El Khannouss,VfB Stuttgart,33,1,2924634,2924704,1.4,31.382442474365234,-13.14747142791748,27.149967193603516,-19.477371215820312,7.614557001372523,5.864795473783121,5.45587801835671,-2.1601694174193335,False,0.0007920584041558598,0.5101753466006882,0.510967405004844,sideways,-1.9594588636871353,0.28613975560455995,0.217948164690499
Dortmund_Stuttgart,0,18,Jamie Leweling,VfB Stuttgart,7,1,2925058,2925199,2.82,16.209980010986328,-27.296632766723633,-1.6427667140960693,-29.472108840942383,17.984806414844684,7.265395063031144,6.431609583892695,-3.0203338286458217,False,0.005851886436400777,0.5750329528366154,0.5808848392730162,diagonal,-2.6720104870664283,0.46023269973522607,0.05056542510419924
Dortmund_Stuttgart,0,6,Angelo Stiller,VfB Stuttgart,18,1,2925815,2925917,2.04,-6.737390518188477,-32.92425537109375,-18.547971725463867,-32.6850471496582,11.813003387235991,6.108199594667249,5.808339490123693,3.121341700948788,False,0.012874563278596651,0.43836206693779445,0.4512366302163911,forward,-3.047789640040439,0.18950779630584622,0.08821156169172699
Dortmund_Stuttgart,0,8,Tiago Barreiros de Melo Tomás,VfB Stuttgart,26,1,2926830,2926885,1.1,-21.151695251464844,7.975881099700928,-27.064075469970703,9.30253791809082,6.059394207506208,5.911600372428314,5.485618814992408,2.9208624652491633,False,0.011945867429305923,0.39086450382573423,0.40281037125504016,forward,2.972551351885853,0.487146113121188,0.12077301768290298
Dortmund_Stuttgart,0,26,Deniz Undav,VfB Stuttgart,8,1,2926895,2926991,1.92,-25.001699447631836,3.457704782485962,-36.09828567504883,2.3844809532165527,11.148364691299445,6.302440623843175,5.799395835539705,-3.045175961312135,False,0.019620722797206613,0.3853314471964717,0.40495216999367833,forward,-3.033819338429072,0.41256573901332383,0.11761537829330546
Dortmund_Stuttgart,0,18,Jamie Leweling,VfB Stuttgart,8,1,2926926,2926991,1.3,-31.771114349365234,-12.66512393951416,-36.65170669555664,-7.6670427322387695,6.985771067263911,5.813268808364285,5.365968674548382,2.3443018690417867,False,0.004088292180506881,0.5291959850562561,0.533284277236763,diagonal,2.3379447898080934,0.04355893971878235,0.10635820411365766
Dortmund_Stuttgart,1,9,Serhou Guirassy,Borussia Dortmund,7,1,2927139,2927200,1.22,-8.112014770507812,-6.555881023406982,-9.945747375488281,-13.13532829284668,6.830205094863985,6.132862340099592,5.70441913231071,-1.8426048669724853,True,-0.0008910890336716326,0.42153726113176687,0.42064617209809524,sideways,-1.6114889966089405,0.1440533063698308,0.14932511946640353
Dortmund_Stuttgart,1,10,Julian Brandt,Borussia Dortmund,7,1,2927181,2927400,4.38,-14.79873275756836,0.6340523958206177,0.0949428603053093,-15.959866523742676,22.297527183961122,6.8266677384385375,5.769735212663946,-0.8393430183074984,True,0.026999969427459303,0.46866426019305396,0.49566422962051326,diagonal,0.4671627796301992,0.2964103711419064,0.18458094071388906
Dortmund_Stuttgart,1,14,Maximilian Beier,Borussia Dortmund,26,1,2927401,2927832,8.62,-20.098346710205078,17.163480758666992,30.62525177001953,16.170061111450195,50.73332558958185,6.595851130450646,5.901144606879713,-0.01958245650266848,True,0.004530412767955405,0.6147341693645066,0.619264582132462,forward,0.1604834944214773,0.028152365780828727,0.1174815177039604
Dortmund_Stuttgart,1,17,Carney Chukwuemeka,Borussia Dortmund,26,1,2927411,2927811,8.0,-5.818995475769043,7.581252574920654,41.76633834838867,-0.18090476095676422,48.214262222535815,6.764967560069221,6.270116708475326,-0.16169666586823356,True,0.0005852782614619301,0.5564211947309259,0.5570064729923878,forward,-0.01559021572001101,0.08015076894904499,0.07699981143329207
Dortmund_Stuttgart,1,8,Felix Nmecha,Borussia Dortmund,10,1,2927497,2927853,7.12,-14.752952575683594,-2.84859037399292,23.19247055053711,-7.203404903411865,38.1944962764737,5.99429214513756,5.55899452871458,-0.11426529713676407,True,0.0032618529160501897,0.6015179856620266,0.6047798385780768,forward,0.03779550457143033,0.09472430434729522,0.05800963265231518
Dortmund_Stuttgart,0,29,Finn Jeltsch,VfB Stuttgart,6,1,2931313,2931372,1.18,18.829071044921875,24.465795516967773,24.771604537963867,26.60894203186035,6.317181436386172,5.631070647330006,5.339943347212066,0.3461266885875642,False,-0.0003357442269876221,0.49233550298115536,0.49199975875416774,sideways,0.3496686445819047,0.16525632184831918,0.04874604748398517
Dortmund_Stuttgart,1,26,Julian Ryerson,Borussia Dortmund,14,1,2931824,2931977,3.06,-0.06186666712164879,-18.53118133544922,17.022750854492188,-23.17129135131836,17.703524418013597,6.290560395316608,5.810622942449044,-0.2651985880223244,True,-0.0003089209493986056,0.5563385061431526,0.556029585193754,forward,-0.2647939354146231,0.11774197182327817,0.2808112645852056
Dortmund_Stuttgart,1,10,Julian Brandt,Borussia Dortmund,3,1,2932412,2932503,1.82,4.386390209197998,-14.478133201599121,13.48867130279541,-18.821800231933594,10.085582004885767,6.480925302275724,5.914153252200657,-0.4452470420725939,True,0.0020687306496989244,0.5118284907137164,0.5138972213634153,sideways,-1.2843271671076855,0.20265086975483995,0.16557567074347637
Dortmund_Stuttgart,1,7,Jobe Bellingham,Borussia Dortmund,9,1,2932521,2932591,1.4,-10.619757652282715,-3.7559618949890137,-8.528485298156738,-11.04340934753418,7.581577041271732,5.681087567398306,5.392019469702377,-1.2913369265118952,True,0.010345349908883805,0.536643644178974,0.5469889940878578,sideways,-1.2970690195877457,0.26612433248913486,0.1133390755629145
Dortmund_Stuttgart,0,6,Angelo Stiller,VfB Stuttgart,26,1,2933215,2933340,2.5,-5.399428367614746,-3.9758856296539307,-19.005081176757812,-4.4106621742248535,13.612597805218945,5.939095038990049,5.454173403706805,-3.109647942868718,False,0.011275878673243922,0.49548998242988823,0.5067658611031322,forward,3.131106422403854,0.5432809364386727,0.08907562990711565
Dortmund_Stuttgart,0,8,Tiago Barreiros de Melo Tomás,VfB Stuttgart,11,1,2933255,2933418,3.26,-7.076204776763916,10.597076416015625,-25.63949966430664,7.3356428146362305,18.847622296143257,6.288444073366645,5.778846568579401,-2.967675043823377,False,0.0033490971537600833,0.5928083203508849,0.596157417504645,forward,-2.984117275342056,0.07994491854436893,0.11685562509619912
Dortmund_Stuttgart,0,22,Lorenz Assignon,VfB Stuttgart,11,1,2933273,2933611,6.76,12.254362106323242,16.027732849121094,-30.962751388549805,12.150209426879883,43.39071429140994,6.9902147674867425,6.42632721590093,-3.0521103084179235,False,0.010648182780505278,0.48324680644703155,0.49389498922753683,forward,-3.1399835964478053,0.04814832160885087,0.1170094642531983
Dortmund_Stuttgart,0,18,Jamie Leweling,VfB Stuttgart,11,1,2933404,2933594,3.8,9.223880767822266,-14.259380340576172,-10.076781272888184,-24.852128982543945,22.016400228048894,6.342135609457208,5.80521179745008,-2.6396495010819843,False,0.0035659561443093235,0.5798949757768928,0.5834609319212021,diagonal,-2.467649176765102,0.031508665512947065,0.05107323717050961
Dortmund_Stuttgart,1,4,Nico Schlotterbeck,Borussia Dortmund,1,1,2933877,2934123,4.92,-42.40036392211914,0.46833333373069763,-8.761161804199219,10.468199729919434,35.094062846468674,8.055253087491863,7.120681511317079,0.2889487118309803,True,0.002943170314182453,0.6475149326832524,0.6504581029974349,forward,0.3602552108739574,0.0835380343395311,0.09073903303369216
Dortmund_Stuttgart,1,8,Felix Nmecha,Borussia Dortmund,1,1,2933917,2934123,4.12,-30.68695640563965,-0.09705238044261932,-3.5390522480010986,7.400661945343018,28.164240097389804,7.4407734114923185,6.831782794417281,0.26946312688452057,True,0.00047829547255984206,0.7343950078751591,0.7348733033477189,forward,0.31807897644444166,0.12219018208112599,0.06637601758185994
Dortmund_Stuttgart,1,26,Julian Ryerson,Borussia Dortmund,1,1,2933947,2934120,3.46,-16.10498046875,-24.986766815185547,2.651423931121826,-22.406776428222656,18.93301498463338,5.760915723230642,5.461927061825761,0.1366946916675643,True,0.0018495552740581678,0.6263275367142457,0.6281770919883038,forward,0.06085944752059456,0.024001696405682817,0.0867774828156504
Dortmund_Stuttgart,1,10,Julian Brandt,Borussia Dortmund,17,1,2934030,2934119,1.78,-17.314781188964844,-14.426614761352539,-8.522509574890137,-12.0613431930542,9.104864069686288,5.218078268603714,5.1132868698517715,0.26279550943262725,True,0.0014574204524198109,0.5953501872522265,0.5968076077046464,forward,0.3046170300048017,0.08612622108701062,0.03488192960093568
Dortmund_Stuttgart,1,4,Nico Schlotterbeck,Borussia Dortmund,17,1,2934234,2934377,2.86,8.896076202392578,15.083662033081055,23.949167251586914,23.955060958862305,17.47275791155155,8.27076860421266,6.1977444300082,0.5325448960710095,True,0.011869255867770101,0.6931456500265515,0.7050149058943216,diagonal,0.43646917348601033,0.4971938527444612,0.04616552888946983
Dortmund_Stuttgart,1,14,Maximilian Beier,Borussia Dortmund,23,2,2984270,2984374,2.08,-14.72266674041748,-32.698387145996094,-25.730966567993164,-31.01218032836914,11.136694236873636,5.661842773401065,5.355249194604914,2.9895980958690433,False,0.007109989507831482,0.6916649566670325,0.698774946174864,forward,3.1378233037970884,0.05630273225225733,0.24783273702328681
Dortmund_Stuttgart,1,4,Nico Schlotterbeck,Borussia Dortmund,23,2,2984294,2984361,1.34,8.223847389221191,-19.616914749145508,1.3473142385482788,-19.065534591674805,6.898603355053539,5.357646091131591,5.1444623438509085,3.061580964342107,False,0.0019779663019561244,0.5851295864428054,0.5871075527447616,forward,3.0790778887807875,0.2206643988331895,0.14537056658077546
Dortmund_Stuttgart,1,17,Carney Chukwuemeka,Borussia Dortmund,23,2,2984337,2984421,1.68,-18.892044067382812,-17.949804306030273,-28.145341873168945,-15.160004615783691,9.664703957921649,6.474151699888101,5.735572159524212,2.8487671758083084,False,0.006944811333992884,0.40096854680777916,0.40791335814177204,forward,3.0511522931778,0.5848066667989976,0.09260790295752987
Dortmund_Stuttgart,0,7,Maximilian Mittelstädt,VfB Stuttgart,8,2,2984853,2985156,6.06,0.5257571339607239,6.282871723175049,39.72345733642578,15.763643264770508,40.32796461744946,7.601324558783442,6.665800592923643,0.23731295664907442,True,0.003661238567342462,0.6287218848403401,0.6323831234076825,forward,0.16719120981730762,0.19003353102321532,0.13014460066241582
Dortmund_Stuttgart,0,26,Deniz Undav,VfB Stuttgart,8,2,2984873,2985005,2.64,18.409143447875977,-3.7457714080810547,32.625,-4.039961814880371,14.218900291725104,6.052281861159459,5.568465599202497,-0.02069157208469901,True,0.006648189130806281,0.3423426752049345,0.3489908643357408,diagonal,-0.7435792616594258,0.4859215174274247,0.14964115699126102
Dortmund_Stuttgart,0,18,Jamie Leweling,VfB Stuttgart,8,2,2984897,2985067,3.4,16.100500106811523,15.854714393615723,36.14496994018555,17.350366592407227,20.10019269561342,6.849906702620563,5.898612246732899,0.07447868116164244,True,0.0028129895100140745,0.5989523267494506,0.6017653162594647,forward,0.15336937493292108,0.09609285071275829,0.08508260974393737
Dortmund_Stuttgart,0,6,Angelo Stiller,VfB Stuttgart,8,2,2984915,2985143,4.56,7.569328784942627,-12.508423805236816,34.2401008605957,-5.155190467834473,27.665865676420125,6.94507315338802,6.117202883118857,0.2690204147878552,True,0.005500367383212357,0.6064191247904939,0.6119194921737062,diagonal,0.5567086855594512,0.13802370675912304,0.0641352793929629
Dortmund_Stuttgart,0,22,Lorenz Assignon,VfB Stuttgart,8,2,2984951,2985214,5.26,3.8325047492980957,-25.9161376953125,35.717037200927734,-13.949233055114746,34.056280130492965,7.211602210546494,6.4729768828509435,0.35905124149089745,True,0.003645207326696598,0.5901150225281236,0.5937602298548202,forward,0.32727862734789265,0.026240126936514306,0.08076673683004118
Dortmund_Stuttgart,0,30,José Andrés Baixauli,VfB Stuttgart,8,2,2984959,2985035,1.52,5.333733081817627,-5.9621381759643555,12.992728233337402,-3.6854095458984375,7.99022527754789,5.452830694578518,5.251628123532551,0.2889430283930286,True,0.0012685606934500493,0.7723057528786439,0.7735743135720939,diagonal,0.4425527291333114,0.11903541340472938,0.06222917567396669
Dortmund_Stuttgart,0,11,Bilal El Khannouss,VfB Stuttgart,8,2,2984974,2985031,1.14,8.549190521240234,-10.734657287597656,14.383829116821289,-9.805628776550293,5.908138582953428,5.271317366889728,5.158204470509884,0.15790088314889286,True,0.0017912602954563983,0.8052227974545842,0.8070140577500406,forward,0.224373503786165,0.12480875674957909,0.07985652714858128
Dortmund_Stuttgart,1,10,Julian Brandt,Borussia Dortmund,1,2,2987175,2987624,8.98,4.870090484619141,11.841204643249512,-38.0562858581543,-10.570576667785645,48.42480487782149,7.664452824949853,6.397631762033219,-2.6604232204897755,False,0.008320501694089266,0.5547617690666811,0.5630822707607703,diagonal,-2.0705888903097636,0.45293848833785544,0.14124641251316114
Dortmund_Stuttgart,1,3,Waldemar Anton,Borussia Dortmund,1,2,2987194,2987450,5.12,39.304107666015625,17.357662200927734,13.0015287399292,9.21119499206543,27.535260778646613,5.923794935873912,5.4044428003699805,-2.84124132870477,False,0.0031999394013093596,0.5439657650210373,0.5471657044223467,forward,-2.7865524495224876,0.07346690979085009,0.1591728950065302
Dortmund_Stuttgart,1,8,Felix Nmecha,Borussia Dortmund,1,2,2987211,2987374,3.26,28.141691207885742,-0.5419142842292786,9.181161880493164,1.7518857717514038,19.098774596076343,6.625518326057195,5.875726800511692,3.0212000793172336,False,0.003489532554357855,0.387321822104786,0.39081135465914385,diagonal,2.7179540243751648,0.0750558027209385,0.10523713124601625
Dortmund_Stuttgart,1,7,Jobe Bellingham,Borussia Dortmund,1,2,2987214,2987333,2.38,22.59956169128418,11.963623046875,9.154156684875488,10.821004867553711,13.493868685076025,6.116645348966198,5.668709013414239,-3.0568142930398317,False,0.0008683951420124236,0.456870821955996,0.4577392170980084,forward,-3.020416730809843,0.24439875749634962,0.09549515932551285
Dortmund_Stuttgart,1,17,Carney Chukwuemeka,Borussia Dortmund,1,2,2987241,2987297,1.12,6.392942905426025,-6.312681198120117,3.260552406311035,-1.3422428369522095,5.875127891468863,5.325564125177646,5.227347267368983,2.1331291470637392,False,0.00850701060265835,0.5478191289593833,0.5563261395620417,diagonal,2.307606823062106,0.19898671450248703,0.11129999843048086
Dortmund_Stuttgart,0,8,Tiago Barreiros de Melo Tomás,VfB Stuttgart,11,2,2987816,2987925,2.18,-11.051457405090332,-22.569780349731445,2.973409414291382,-23.060009002685547,14.033431990556386,7.603577219934605,6.427373103381052,-0.03494002130755316,True,0.014203139222453975,0.5063753681522422,0.5205785073746961,forward,-0.034821705306836946,0.38398138875386306,0.13037963655736065
Dortmund_Stuttgart,0,26,Deniz Undav,VfB Stuttgart,11,2,2987875,2987934,1.18,3.5030858516693115,-0.5194619297981262,9.806632995605469,0.7711856961250305,6.434320312987749,5.87201704454223,5.438495844794404,0.20195811160385357,True,0.015189218983135577,0.475747759818041,0.4909369788011766,forward,0.27735607305245413,0.11453569781315039,0.07488355611189028
Dortmund_Stuttgart,0,30,José Andrés Baixauli,VfB Stuttgart,8,2,2987895,2987950,1.1,-13.685832977294922,-12.61332893371582,-8.067899703979492,-11.755156517028809,5.683100752246704,5.313039357214899,5.137286752136775,0.1515841022242384,True,0.005844418092460613,0.5238554452397842,0.5296998633322448,forward,0.17366742580134656,0.1617081730335239,0.07399225458608755
Dortmund_Stuttgart,0,22,Lorenz Assignon,VfB Stuttgart,8,2,2987912,2988129,4.34,-13.191800117492676,-27.704946517944336,14.162528991699219,-30.113243103027344,27.460138627758337,7.156645834918799,6.396579543509736,-0.08781436294258631,True,9.714168638674803e-05,0.6012490927221588,0.6013462344085455,forward,0.05453687007646463,0.12956964236155322,0.03861472012444552
Dortmund_Stuttgart,0,11,Bilal El Khannouss,VfB Stuttgart,8,2,2987929,2988082,3.06,-8.476675987243652,-20.31476593017578,12.028190612792969,-23.419057846069336,20.738519295850885,7.985854906577249,6.902297187219135,-0.1502519510943477,True,0.003042283034785931,0.5946341268646901,0.597676409899476,diagonal,-0.8030130324676086,0.16481353796218723,0.07814668070869871
Dortmund_Stuttgart,0,26,Deniz Undav,VfB Stuttgart,7,2,2988501,2988657,3.12,26.450828552246094,1.6548285484313965,44.24298095703125,11.78337574005127,20.473108103264952,8.130819790104123,6.746941668239439,0.5175177351577055,True,0.006145082479671549,0.43782174717608574,0.4439668296557573,diagonal,1.0739965140354497,0.2622279201096173,0.06537597853317954
Dortmund_Stuttgart,1,26,Julian Ryerson,Borussia Dortmund,7,2,2988957,2989117,3.2,29.282609939575195,24.46734619140625,10.902485847473145,29.343494415283203,19.01593497943997,6.617771809299818,5.94022391619913,2.882271645761194,False,0.004493938522632024,0.5479590906506067,0.5524530291732387,forward,2.925804764930894,0.41990614846280105,0.13926524768130763
Dortmund_Stuttgart,0,22,Lorenz Assignon,VfB Stuttgart,18,2,2989347,2989466,2.38,19.044172286987305,-15.550700187683105,32.122432708740234,-12.010214805603027,13.549019610285898,6.426377680296643,5.701473187320452,0.2643784255400555,True,-0.0004688018354817025,0.42431552621851903,0.42384672438303733,forward,0.13451102280586294,0.07590403341091605,0.13730759000402773
Dortmund_Stuttgart,0,7,Maximilian Mittelstädt,VfB Stuttgart,6,2,2989488,2989546,1.16,37.328250885009766,23.135534286499023,43.6057014465332,23.692028045654297,6.302068775913961,5.836421546663135,5.429984823634207,0.08841850774623695,True,0.007375098276759862,0.6192968727091318,0.6266719709858917,forward,-0.030805281843750153,0.6487860883621597,0.0714690644153919
Dortmund_Stuttgart,1,9,Serhou Guirassy,Borussia Dortmund,23,2,2992101,2992255,3.08,-11.54649543762207,-24.3209285736084,-27.75579071044922,-18.526233673095703,17.213940345886073,6.164126511897872,5.59107890180483,2.7982590174948947,False,0.054701598840444454,0.5117313726253976,0.566432971465842,forward,2.9363725637927796,0.23459488531116912,0.25011207190600426
Dortmund_Stuttgart,0,18,Jamie Leweling,VfB Stuttgart,24,2,2992586,2992680,1.88,-12.852842330932617,16.78900909423828,-1.1388428211212158,20.30426597595215,12.230078309655195,7.568395342025014,6.581324990249366,0.2915395780803994,True,0.0050854705335859895,0.44933017068456,0.454415641218146,diagonal,0.6706704729999937,0.33065783379812547,0.11137332968106564
Dortmund_Stuttgart,0,7,Maximilian Mittelstädt,VfB Stuttgart,24,2,2992672,2992783,2.22,-16.996028900146484,28.08405303955078,-5.845600128173828,32.5636100769043,12.01659240590855,5.7841715195362085,5.461821624695538,0.382004224217007,True,-0.0005338273660261406,0.5355605823600346,0.5350267549940084,diagonal,0.6689699564425254,0.37837078537487373,0.06520019842945703
Dortmund_Stuttgart,0,26,Deniz Undav,VfB Stuttgart,7,2,2992891,2992974,1.66,12.457666397094727,19.783367156982422,18.30082893371582,27.572338104248047,9.737074347396153,6.403378770421923,5.912800178570704,0.9271773734726277,True,-0.003371346121619878,0.4823614026572962,0.47899005653567633,sideways,1.243830392700843,0.37495203666718574,0.06427284259248707
Dortmund_Stuttgart,0,26,Deniz Undav,VfB Stuttgart,18,2,2993181,2993268,1.74,23.404285430908203,27.971385955810547,27.449567794799805,19.042795181274414,9.802246815028898,6.135733778589753,5.667590466479511,-1.1453917877743822,True,0.00984873102162942,0.3717794032506906,0.38162813427232,diagonal,-1.06374769536477,0.07705393509663201,0.20800212986403926
Dortmund_Stuttgart,0,22,Lorenz Assignon,VfB Stuttgart,8,2,2994223,2994452,4.58,11.402080535888672,-25.833694458007812,41.59748077392578,-12.779708862304688,32.896333161434214,8.591165044392206,7.444349536635197,0.4080518732358575,True,0.006809650621142582,0.45207610167587053,0.4588857522970131,diagonal,1.0707617722590717,0.22686880814788835,0.26193951584118397
Dortmund_Stuttgart,0,8,Tiago Barreiros de Melo Tomás,VfB Stuttgart,11,2,2994252,2994497,4.9,2.6269571781158447,-20.813718795776367,30.621427536010742,-18.414833068847656,28.09706431906932,6.486363185973256,5.735418924250616,0.0854825879433103,True,0.0033188644411640267,0.42961296574727,0.432931830188434,forward,-0.021059961410669445,0.41583488987376,0.0904265019969307
Dortmund_Stuttgart,0,26,Deniz Undav,VfB Stuttgart,11,2,2994298,2994457,3.18,16.048200607299805,3.1894381046295166,36.37537384033203,1.8247952461242676,20.372928649974977,7.5398762384177695,6.449335381962885,-0.06703333696174663,True,0.0009345993044410084,0.3917932075621403,0.3927278068665813,forward,-0.14549675615330712,0.07848538783004656,0.05596681508169019
Dortmund_Stuttgart,1,4,Nico Schlotterbeck,Borussia Dortmund,23,2,2996800,2996899,1.98,11.905281066894531,-22.771671295166016,10.77487564086914,-34.88556671142578,12.166522863302687,7.23457634531427,6.222298831621507,-1.6638416574942956,False,-0.00011305516517495784,0.471789960464482,0.47167690529930706,sideways,-0.9497301280679146,0.39391748740696786,0.043524039548267744
Dortmund_Stuttgart,0,26,Deniz Undav,VfB Stuttgart,11,2,2997203,2997257,1.08,28.627334594726562,-2.52877140045166,34.31098556518555,0.30962857604026794,6.352983769894957,6.2203820424517,5.866792284598509,0.4631653366721449,True,0.010503452777788691,0.3725960422560605,0.3830994950338492,diagonal,0.49683289204794945,0.1290428143164362,0.12516479750795165
Dortmund_Stuttgart,1,10,Julian Brandt,Borussia Dortmund,26,2,2997530,2997674,2.88,23.917652130126953,9.399728775024414,27.81889533996582,25.855918884277344,16.912300006036666,6.339252297439185,5.896194262677915,1.3380250890446397,False,0.000854081915703242,0.44720916121893606,0.4480632431346393,sideways,1.198167496680244,0.2624908088008903,0.020285018846284877
Dortmund_Stuttgart,1,9,Serhou Guirassy,Borussia Dortmund,26,2,2997659,2997773,2.28,1.6721380949020386,4.3157806396484375,8.525613784790039,16.26036262512207,13.771099006237193,6.745771315503754,6.069853306772851,1.0498848447524154,False,0.00041061067238390425,0.39860960815254215,0.39902021882492605,sideways,1.337387371532339,0.12220578287552311,0.0742320473669023
Dortmund_Stuttgart,0,18,Jamie Leweling,VfB Stuttgart,7,2,2997866,2997914,0.96,33.44818115234375,26.723495483398438,34.22746276855469,21.618980407714844,5.16365703695021,5.544338269851991,5.349968201738379,-1.419300889277258,True,0.007593070667011315,0.48092245673030753,0.48851552739731885,sideways,-1.5032292544397228,0.3629883698248132,0.2009971166439413
Dortmund_Stuttgart,1,14,Maximilian Beier,Borussia Dortmund,1,2,2999957,3000102,2.9,1.5116000175476074,-31.018905639648438,14.937705039978027,-17.572484970092773,19.001750574512474,7.744061988942379,6.59659267576946,0.7861541639121644,False,0.002510704518923934,0.46503765939633496,0.4675483639152589,sideways,0.9359506652722439,0.5130877322585722,0.15034424111636066
Dortmund_Stuttgart,1,8,Felix Nmecha,Borussia Dortmund,1,2,2999981,3000045,1.28,30.78663444519043,-4.093714237213135,26.441486358642578,-9.16116714477539,6.675282081260058,5.514844322524427,5.268016968811268,-2.2796065215377443,False,0.0026107263274200987,0.5567879324499968,0.5593986587774169,sideways,-1.933190309822146,0.19944559639681536,0.1181847359027285
Dortmund_Stuttgart,1,9,Serhou Guirassy,Borussia Dortmund,1,2,3000485,3000575,1.8,11.800495147705078,4.434628486633301,4.262400150299072,13.60598087310791,11.87167135608171,7.533151532317476,6.567030301840512,2.258759453146056,False,-0.000217514428743959,0.5385687692096581,0.5383512547809142,sideways,1.866718445267637,0.3037543686797001,0.13640401187892312
Dortmund_Stuttgart,1,3,Waldemar Anton,Borussia Dortmund,1,2,3001272,3001435,3.26,37.34735107421875,21.099605560302734,20.43785858154297,14.906657218933105,18.007874541953345,5.807998863158588,5.5474143909410465,-2.7905231888587125,False,-0.003037794215403955,0.5310495845933917,0.5280117903779877,forward,-2.9059979897185735,0.11148904974787173,0.16532810642217016
Dortmund_Stuttgart,1,9,Serhou Guirassy,Borussia Dortmund,1,2,3001328,3001389,1.22,-0.9341524243354797,17.038043975830078,-5.92418098449707,12.952123641967773,6.449428657322895,5.467910053131994,5.280503007792617,-2.4554827667171772,False,0.03197637643759693,0.473400884011188,0.505377260448785,diagonal,-2.442020304578893,0.4108684300797444,0.12598709241727765
Dortmund_Stuttgart,1,8,Felix Nmecha,Borussia Dortmund,1,2,3001358,3001407,0.98,10.568900108337402,-0.5163428783416748,5.4681477546691895,0.41327619552612305,5.184772530781909,5.580046707792355,5.258654704398768,2.9613198654392,False,0.006040615830282092,0.4223392756147967,0.4283798914450788,forward,2.9366131472918715,0.19431669625134687,0.08219602446182148
Dortmund_Stuttgart,0,22,Lorenz Assignon,VfB Stuttgart,30,2,3001910,3002118,4.16,3.442876100540161,-12.29448127746582,30.166595458984375,-15.458623886108398,26.910387860391634,8.203576589729716,6.521394257498021,-0.11785334313642093,True,0.003129622019007461,0.6693056473707147,0.6724352693897222,forward,-0.19019011682561196,0.12254432699608878,0.18759759905146794
Dortmund_Stuttgart,1,17,Carney Chukwuemeka,Borussia Dortmund,4,2,3002124,3002241,2.34,18.292110443115234,-7.6987762451171875,20.65347671508789,-20.09575653076172,12.619872062468351,5.797536991747403,5.418842856185281,-1.3825719652258024,False,-0.004668601939826156,0.4364082395145287,0.4317396375747025,sideways,-1.5342889426600614,0.46928345937801447,0.07348564135211005
Dortmund_Stuttgart,1,10,Julian Brandt,Borussia Dortmund,4,2,3002129,3002188,1.18,9.096085548400879,8.49486255645752,6.835504531860352,2.7873809337615967,6.138857630353964,5.452061852485966,5.208464458300694,-1.9479130311835544,False,0.004593065585284051,0.5256315238022727,0.5302245893875568,sideways,-1.853532106177037,0.09431634230440665,0.13316577805326565
Dortmund_Stuttgart,1,10,Julian Brandt,Borussia Dortmund,17,2,3002194,3002310,2.32,6.570756912231445,2.268357038497925,1.1056952476501465,-8.828385353088379,12.369502443627416,5.72782763659512,5.329757238821491,-2.028419864818947,False,0.005025185607872851,0.47763946377531274,0.4826646493831856,diagonal,-2.0310213381391624,0.1500708203783509,0.10217210015975335
Dortmund_Stuttgart,1,17,Carney Chukwuemeka,Borussia Dortmund,8,2,3002331,3002742,8.22,17.067718505859375,-26.314348220825195,-26.912710189819336,-17.310129165649414,44.89269505219385,5.8814938485843555,5.509946593499848,2.9396508705632263,False,0.003515868430047142,0.5035254591034862,0.5070413275335334,forward,-2.7620004000758462,0.10919786046554741,0.22151552027642515
Dortmund_Stuttgart,1,26,Julian Ryerson,Borussia Dortmund,8,2,3002428,3002684,5.12,15.986666679382324,17.191072463989258,-15.78335189819336,23.928081512451172,32.47647412110129,7.256328645271465,6.3872503482343195,2.9326325378635207,False,0.0006501479032141599,0.5843374007667065,0.5849875486699206,diagonal,2.6193881493677647,0.3207233908224603,0.07740030516541752
Dortmund_Stuttgart,1,10,Julian Brandt,Borussia Dortmund,26,2,3002519,3002795,5.52,-7.565528392791748,-9.266009330749512,-39.72410202026367,2.3376095294952393,34.187977834428295,7.81729884377621,6.623077029167602,2.7953068759616504,False,-0.002060304611319008,0.4400776453892378,0.4380173407779188,diagonal,2.3121756490027456,0.11018255728424618,0.03976599744032063
Dortmund_Stuttgart,1,3,Waldemar Anton,Borussia Dortmund,26,2,3002540,3002651,2.22,19.518842697143555,8.211318969726562,7.618542671203613,10.141257286071777,12.0557788057132,5.707436689883034,5.428165130487504,2.980816817875414,False,0.0025615797827116538,0.5803520912851012,0.5829136710678129,forward,2.925004044957433,0.12550588877230523,0.04905091406360008
Dortmund_Stuttgart,1,8,Felix Nmecha,Borussia Dortmund,26,2,3002544,3002643,1.98,3.357100009918213,0.9189857244491577,-6.844371318817139,2.471590518951416,10.318943692012319,5.4124795076551875,5.215116862174634,2.990557480354425,False,0.006170773034627874,0.5506293544951828,0.5568001275298107,forward,3.045281898507719,0.16264935900026448,0.047815714372839734
Dortmund_Stuttgart,1,10,Julian Brandt,Borussia Dortmund,7,2,3004819,3005037,4.36,-2.322209596633911,3.1100809574127197,-24.998157501220703,-11.924562454223633,27.207335699891573,8.482896426398199,6.991645969532999,-2.5561178002911853,False,0.000416294617650359,0.4851330109661719,0.48554930558382225,sideways,-1.5430394988401237,0.10783043831692117,0.07239715923689734
Dortmund_Stuttgart,1,14,Maximilian Beier,Borussia Dortmund,4,2,3006168,3006292,2.48,-15.869871139526367,-31.632041931152344,-30.923357009887695,-30.341781616210938,15.108679906910492,6.827740175271619,6.097106287170533,3.0560898970881065,False,0.032098674787483794,0.44057437482585543,0.4726730496133392,forward,2.849211306372311,0.10578369388236383,0.3542677875952406
Dortmund_Stuttgart,0,29,Finn Jeltsch,VfB Stuttgart,6,2,3016550,3016619,1.38,-17.523700714111328,-15.10876178741455,-25.052242279052734,-16.818952560424805,7.720342646226254,5.937480756371949,5.581108020947262,-2.9182223272148256,True,0.0007227894456699469,0.4018087454316701,0.40253153487734006,sideways,-2.8231022770417655,0.40388485843773003,0.030101498467144296
Dortmund_Stuttgart,0,8,Tiago Barreiros de Melo Tomás,VfB Stuttgart,33,2,3017188,3017241,1.06,2.2895667552948,-1.920199990272522,4.306981086730957,3.2920570373535156,5.589059304276616,5.550310782232938,5.24217740819543,1.2015016383785067,True,0.005162677438967034,0.46520378150803715,0.4703664589470042,diagonal,1.1450836573588805,0.19337615684092285,0.1356462867584405
Dortmund_Stuttgart,0,7,Maximilian Mittelstädt,VfB Stuttgart,6,2,3017625,3017759,2.68,-11.297432899475098,19.6925048828125,-1.0655475854873657,30.457965850830078,14.852158999031346,6.1624439450438695,5.588089495262944,0.8108042713650155,True,0.0029064769664971513,0.5542381314352148,0.557144608401712,diagonal,0.564512014880351,0.32340948691473076,0.10439864381110323
Dortmund_Stuttgart,0,8,Tiago Barreiros de Melo Tomás,VfB Stuttgart,6,2,3017690,3017837,2.94,5.379223823547363,10.875123977661133,20.1907958984375,19.096637725830078,16.94036468441563,6.268527413305819,5.823041266447235,0.5067301997911452,True,0.001296574443787335,0.38211529262292393,0.38341186706671126,diagonal,0.4538419722144519,0.28544491203334393,0.05695041067135669
Dortmund_Stuttgart,0,11,Bilal El Khannouss,VfB Stuttgart,7,2,3018409,3018513,2.08,20.429290771484375,10.547204971313477,26.859485626220703,19.64931297302246,11.14431585807995,5.870724460158739,5.428814355827435,0.9557538267971399,True,0.0067036476131550615,0.488198075181413,0.49490172279456807,diagonal,0.8362780560222365,0.14108525111357487,0.103193414529524
Dortmund_Stuttgart,0,8,Tiago Barreiros de Melo Tomás,VfB Stuttgart,26,2,3018848,3018941,1.86,35.25348663330078,9.40451431274414,40.91722869873047,0.8817380666732788,10.23306841198218,5.941144202874049,5.642142390941611,-0.9842661466029299,True,0.003495931550655973,0.4028084925337755,0.40630442408443146,diagonal,-1.0711310235889555,0.06846813722956804,0.0927768416815768
Dortmund_Stuttgart,0,7,Maximilian Mittelstädt,VfB Stuttgart,11,2,3020587,3020758,3.42,7.182352066040039,9.810929298400879,27.014118194580078,17.377971649169922,21.226376933321433,6.962024818024426,6.223501355225267,0.3645109449593238,True,-0.0009150720613253505,0.47073589012170236,0.469820818060377,forward,0.22314859800431058,0.2557500227920995,0.1583927723512971
Dortmund_Stuttgart,0,29,Finn Jeltsch,VfB Stuttgart,22,2,3020933,3021012,1.58,14.718709945678711,-18.626798629760742,15.285252571105957,-27.877351760864258,9.267885615273586,6.57207617842975,5.864076102872516,-1.509628538410895,True,0.0023587662315627256,0.6860971725411412,0.688455938772704,sideways,-1.4420292524506304,0.32596817843756004,0.0807117954758375
Dortmund_Stuttgart,0,18,Jamie Leweling,VfB Stuttgart,6,2,3022160,3022282,2.44,35.7007942199707,33.2779426574707,49.09716033935547,32.6484489440918,13.41114788300329,7.026302582278976,5.730064059681333,-0.04695534616573745,True,0.00720631668200894,0.4967470473043543,0.5039533639863633,diagonal,-0.4339769045849468,0.4241496136824228,0.17525717435130733
Dortmund_Stuttgart,1,4,Nico Schlotterbeck,Borussia Dortmund,1,2,3023596,3023717,2.42,34.839290618896484,-26.87576675415039,25.677871704101562,-17.66185188293457,12.99337615042273,5.671705188083811,5.408443801263602,2.353337627061912,False,0.0036353759992611145,0.6125609666020267,0.6161963426012879,diagonal,2.530750747615343,0.16864548755171888,0.17330177015804243
Dortmund_Stuttgart,1,23,Emre Can,Borussia Dortmund,1,2,3023620,3023694,1.48,41.48023986816406,-11.459419250488281,34.15287399291992,-9.346590042114258,7.625899155735718,5.3223716227695546,5.136471105053624,2.8608600117601846,False,0.0006735288495950398,0.6485012840627953,0.6491748129123903,forward,2.861762731618593,0.18867325856754863,0.13549111066929106
Dortmund_Stuttgart,1,3,Waldemar Anton,Borussia Dortmund,1,2,3023621,3023714,1.86,41.05411911010742,16.48247528076172,32.63035202026367,10.022371292114258,10.615686295669889,6.131970956060315,5.685561854825948,-2.48736919346797,False,0.0031682221650188858,0.4899636671993005,0.4931318893643194,diagonal,-2.520385680001832,0.08992114115432069,0.1821751504466618
Dortmund_Stuttgart,1,10,Julian Brandt,Borussia Dortmund,26,2,3024388,3024438,1.0,0.20799046754837036,9.131357192993164,-0.45864760875701904,14.416051864624023,5.326575269077097,5.563825176549483,5.301027371153733,1.6962785963505407,False,-0.0003203575405041903,0.47123150977546097,0.4709111522349568,sideways,1.669795871113666,0.0934838974722381,0.05108955006856964
Dortmund_Stuttgart,1,9,Serhou Guirassy,Borussia Dortmund,17,2,3024959,3025131,3.44,-7.517166614532471,24.939876556396484,-30.348562240600586,28.57148551940918,23.118417114808626,7.695877483577974,6.762017081804329,2.9838520469984924,False,0.005901017541651399,0.5278626963582469,0.5337637138998983,forward,-2.9763390401354246,0.4385062089210209,0.07014533504962725
Dortmund_Stuttgart,1,14,Maximilian Beier,Borussia Dortmund,17,2,3024990,3025163,3.46,-11.704471588134766,-16.673524856567383,-32.30217742919922,-11.852313995361328,21.154421761968155,6.94089240584981,6.113214492406394,2.911666537403774,False,5.316806626443071e-05,0.6311656944550432,0.6312188625213077,forward,2.979972354578871,0.06521215129308756,0.10683156753483525
Dortmund_Stuttgart,1,8,Felix Nmecha,Borussia Dortmund,17,2,3024990,3025152,3.24,-0.668404757976532,5.548861980438232,-18.72078514099121,0.8028857111930847,18.665817106178107,6.176889008432433,5.757391949796266,-2.8845098623941117,False,0.005566037446716687,0.6664384223670297,0.6720044598137463,diagonal,-2.7136001875007203,0.13541795630466547,0.12843001408878374
Dortmund_Stuttgart,1,10,Julian Brandt,Borussia Dortmund,9,2,3025228,3025330,2.04,-17.873695373535156,19.67129898071289,-26.138277053833008,10.516157150268555,12.333690943341598,6.382485756839595,6.024697950764771,-2.3051152925629936,False,0.0014905018144945048,0.5166982362899963,0.5181887381044908,diagonal,-2.332900891388551,0.2851330902023705,0.1960575916264882
Dortmund_Stuttgart,1,9,Serhou Guirassy,Borussia Dortmund,17,2,3025429,3025512,1.66,-33.86174011230469,17.66773796081543,-42.22920608520508,13.566014289855957,9.318724369813452,6.44601901677538,5.744233664341396,-2.6858165210123124,False,0.01327708201569866,0.37613107655380335,0.389408158569502,forward,-2.7870131198833232,0.3842649849134364,0.09306145615114714
Dortmund_Stuttgart,0,11,Bilal El Khannouss,VfB Stuttgart,24,2,3025943,3026000,1.14,-14.716876029968262,8.56460952758789,-8.772137641906738,10.739581108093262,6.330119736505649,6.01326938744663,5.638742213263842,0.3507379315717738,True,0.006338649487683035,0.5143765178320093,0.5207151673196924,diagonal,0.6986649138774141,0.1649327658703462,0.2900295756515393
Dortmund_Stuttgart,1,17,Carney Chukwuemeka,Borussia Dortmund,23,2,3027282,3027393,2.22,-28.06797218322754,-19.080671310424805,-41.41026306152344,-22.982500076293945,13.901114832962925,6.986797051299455,6.248836494045465,-2.8570853519309956,False,0.00657803944098212,0.4084481271086848,0.4150261665496669,diagonal,-2.593101387124182,0.4645306425585808,0.09245087896257406
Dortmund_Stuttgart,0,26,Deniz Undav,VfB Stuttgart,29,2,3029134,3029205,1.42,-5.362243175506592,-23.031105041503906,-13.52680492401123,-22.01244354248047,8.22786362276003,6.292304947863106,5.767600658584255,3.0174678500471126,True,0.009485512575740429,0.49381144122633774,0.5032969538020782,sideways,2.9194002626080473,0.5557889764927056,0.1263794370220111
Dortmund_Stuttgart,0,8,Tiago Barreiros de Melo Tomás,VfB Stuttgart,6,2,3029272,3029420,2.96,-14.032333374023438,-26.483766555786133,3.2173047065734863,-25.610227584838867,17.27174236275377,6.361848222952501,5.89397129491164,0.05059777951805314,True,0.0003900187350214246,0.47964200643597116,0.4800320251709926,forward,-0.19970955782402394,0.4978040719460543,0.07072262182354755
Dortmund_Stuttgart,0,11,Bilal El Khannouss,VfB Stuttgart,26,2,3030402,3030589,3.74,36.39263916015625,-0.6763476133346558,45.58352279663086,20.959442138671875,23.50701470225957,7.608890789706429,6.3899939143166495,1.1690950874836417,True,0.02465029895000387,0.4050733161778209,0.42972361512782475,diagonal,0.7021414303684318,0.26916271734963604,0.09480707880882075
Dortmund_Stuttgart,1,10,Julian Brandt,Borussia Dortmund,17,2,3031638,3032130,9.84,25.233652114868164,2.992619037628174,-26.44878578186035,28.379308700561523,57.580885708638476,7.889701025881171,6.623839870632653,2.685005490511313,False,0.025417076940616123,0.5644553199735323,0.5898723969141484,diagonal,-2.732812857128515,0.17516681965958744,0.18515213218602958
Dortmund_Stuttgart,1,9,Serhou Guirassy,Borussia Dortmund,17,2,3031706,3031898,3.84,18.27988624572754,-4.302457332611084,-6.738862037658691,-6.9828667640686035,25.161922827711077,7.789280348651601,6.64479019934745,-3.034863728044148,False,0.007043922396270164,0.5495848580872038,0.556628780483474,forward,2.9292979196761597,0.29699576486736046,0.1897826812163426
Dortmund_Stuttgart,1,14,Maximilian Beier,Borussia Dortmund,17,2,3031823,3032132,6.18,28.107681274414062,-15.962152481079102,-11.199666023254395,-18.835084915161133,39.41219725351943,7.12629221900068,6.442033368025994,-3.068633442727664,False,0.0009513850413642722,0.5428576777582149,0.5438090627995792,diagonal,-2.6913862205657813,0.148215824031979,0.10497183666143099
Dortmund_Stuttgart,1,26,Julian Ryerson,Borussia Dortmund,17,2,3031857,3032129,5.44,22.218637466430664,18.25084686279297,-6.400776386260986,24.26848602294922,29.245218931194287,5.752626500556791,5.437127817445961,2.9343473983972097,False,0.005390453971651277,0.559884467078285,0.5652749210499363,forward,2.9510241301731917,0.1249771819639757,0.07304599651189453
Dortmund_Stuttgart,1,9,Serhou Guirassy,Borussia Dortmund,10,2,3032007,3032129,2.44,-15.683509826660156,-2.7474379539489746,-28.164979934692383,-0.43816664814949036,12.693298626499372,5.434247069331771,5.213082211013558,2.958645445363065,False,0.000369006852205811,0.40213569710507147,0.4025047039572773,forward,2.7820351417733766,0.16762109375344914,0.03973456776835563
Dortmund_Stuttgart,1,14,Maximilian Beier,Borussia Dortmund,10,2,3032203,3032295,1.84,-21.236133575439453,-17.278366088867188,-32.8758430480957,-14.589123725891113,11.946332537422052,7.250100255125746,6.418304425371678,2.9145364251675936,False,0.001046223115058198,0.5463692912886663,0.5474155144037245,forward,2.930241107766024,0.015831933185448843,0.11315040472117287
Dortmund_Stuttgart,1,17,Carney Chukwuemeka,Borussia Dortmund,10,2,3032207,3032258,1.02,-22.980838775634766,2.877861976623535,-28.43739128112793,1.6723713874816895,5.588127844431736,5.825780325938728,5.479264274865342,-2.9241599214865825,False,0.005812392482297646,0.42069238241520285,0.4265047748975005,forward,-2.949375742818262,0.2458441516865512,0.12344218089921406
Dortmund_Stuttgart,1,8,Felix Nmecha,Borussia Dortmund,10,2,3032207,3032308,2.02,-27.58579444885254,3.5587096214294434,-37.15487289428711,-2.2470571994781494,11.192595350213995,6.316325109767587,5.871311224300935,-2.59624543501782,False,0.015751379750738814,0.43478273421961083,0.45053411397034965,forward,2.792709437199606,0.1918293923216421,0.09514674311791614
Dortmund_Stuttgart,0,11,Bilal El Khannouss,VfB Stuttgart,8,2,3033039,3033250,4.22,-15.213743209838867,1.7215285301208496,4.4859619140625,-13.931780815124512,25.161567427857342,6.99849475917924,6.098449735661972,-0.6714371993873669,True,0.016441976176094386,0.47349377678171867,0.48993575295781305,diagonal,-0.9233780209024078,0.15026180991893176,0.0840126805902281
Dortmund_Stuttgart,0,26,Deniz Undav,VfB Stuttgart,8,2,3033078,3033311,4.66,-17.853105545043945,10.884671211242676,2.603761911392212,26.963119506835938,26.019222235191094,6.929130816483359,6.174057629908545,0.6661262426505329,True,-0.0006357756696948602,0.5550153811224523,0.5543796054527574,forward,0.1568839554531296,0.15433271015211722,0.11031194488294119
Dortmund_Stuttgart,0,18,Jamie Leweling,VfB Stuttgart,26,2,3033228,3033353,2.5,-24.405033111572266,20.019224166870117,-6.1601762771606445,21.164813995361328,18.28078709911909,8.035784234305398,6.759639946079783,0.06270741801796595,True,0.001081313146253704,0.5327364806099121,0.5338177937561658,forward,0.27141882949897106,0.045294347664614196,0.048138213463356554
Dortmund_Stuttgart,0,18,Jamie Leweling,VfB Stuttgart,26,2,3033373,3033563,3.8,-4.955771446228027,21.160903930664062,21.141857147216797,27.797208786010742,26.928177813110317,8.304978422083531,6.837445631009595,0.2490100170495101,True,0.0031882841435236786,0.5123567477787152,0.5155450319222389,forward,0.004834996651860704,0.15131587191507534,0.09834392091633261
Dortmund_Stuttgart,1,9,Serhou Guirassy,Borussia Dortmund,14,2,3037086,3037211,2.5,-4.91938591003418,-2.174152374267578,-9.780990600585938,-17.128576278686523,15.72482096814624,7.2668904886537184,6.403325058864396,-1.8851139210190102,False,0.0002893414935112304,0.4114276776063325,0.4117170190998437,sideways,-1.4380583942389704,0.10688750174962584,0.0730402345235136
Dortmund_Stuttgart,0,30,José Andrés Baixauli,VfB Stuttgart,24,2,3039025,3039100,1.5,0.4870142936706543,3.0593619346618652,-4.215471267700195,9.8869047164917,8.290278095010926,6.171497070075423,5.574453969893248,2.173933520893703,True,0.0012256324131860175,0.48836168736254165,0.48958731977572767,sideways,2.2414069941013066,0.3419654254654746,0.06859255616028458
Dortmund_Stuttgart,0,6,Angelo Stiller,VfB Stuttgart,24,2,3039044,3039178,2.68,-12.222485542297363,1.7021428346633911,-8.424580574035645,16.20808982849121,14.99488513912959,6.115277738284669,5.596240830876811,1.314726981206678,True,0.008502089159316883,0.4244726884626572,0.43297477762197406,sideways,1.377681000725076,0.25488695029816166,0.10614824360375259
Dortmund_Stuttgart,0,7,Maximilian Mittelstädt,VfB Stuttgart,30,2,3039121,3039289,3.36,-17.667390823364258,18.342466354370117,2.3167333602905273,29.207380294799805,22.74668271024765,8.231465718394956,6.772305031400148,0.4979759456908874,True,-0.0003651200967526025,0.5824476737458235,0.5820825536490709,diagonal,0.4996084222872643,0.40485662384888477,0.10475484802116673
Dortmund_Stuttgart,0,26,Deniz Undav,VfB Stuttgart,30,2,3039126,3039210,1.68,6.944900035858154,4.687166690826416,11.480490684509277,13.101552963256836,9.558947581914916,6.440157233871188,5.811884396247353,1.0764158462884,True,0.0006530267979749649,0.4823783260722852,0.48303135287026017,sideways,1.5228661074372452,0.21273333056490928,0.04930351495713991
Dortmund_Stuttgart,1,10,Julian Brandt,Borussia Dortmund,9,2,3039623,3039904,5.62,-13.359971046447754,6.592161655426025,-40.213809967041016,-16.157148361206055,35.19459860555318,7.407127409502438,6.554829599621174,-2.4387537474046908,False,0.0043561793330151866,0.42199824885496934,0.4263544281879845,sideways,-1.8347997498892312,0.26084227137819793,0.10245171691715584
Dortmund_Stuttgart,1,17,Carney Chukwuemeka,Borussia Dortmund,9,2,3039627,3039932,6.1,-6.551852703094482,-3.3453285694122314,-36.85548782348633,-8.132128715515137,30.679370220859763,5.643327688898102,5.317305173672949,-2.9849258799760716,False,0.015432056665367178,0.4241350392475733,0.43956709591294046,diagonal,2.064870901431326,0.549808819189507,0.1406144367028242
Dortmund_Stuttgart,1,8,Felix Nmecha,Borussia Dortmund,9,2,3039751,3039848,1.94,-8.316800117492676,1.603785753250122,-17.330856323242188,-2.842061758041382,10.050809389002865,5.357354560203542,5.174263012694888,-2.68338956680674,False,0.006528588805908786,0.5537772184389648,0.5603058072448736,diagonal,-2.643934180220128,0.06815622163992777,0.06876071452049809
Dortmund_Stuttgart,1,26,Julian Ryerson,Borussia Dortmund,14,2,3039782,3039967,3.7,-16.863927841186523,22.367542266845703,-35.033695220947266,14.282471656799316,19.887403385159498,5.950952533293539,5.3711116338234195,-2.7229263636991785,False,0.00014786363641483558,0.6238625170402956,0.6240103806767104,diagonal,-2.6489282769428812,0.045871367241329404,0.07751659858285119
Dortmund_Stuttgart,0,8,Tiago Barreiros de Melo Tomás,VfB Stuttgart,7,2,3041778,3041874,1.92,7.009042739868164,-2.8358190059661865,13.250943183898926,5.850452423095703,10.696384084938625,6.266150416248767,5.667086148066369,0.9477000244903189,True,0.001026947153872526,0.47331056983213304,0.47433751698600557,diagonal,1.1416811147329609,0.1524428116074582,0.09684105049681618
Dortmund_Stuttgart,0,11,Bilal El Khannouss,VfB Stuttgart,24,2,3042612,3042698,1.72,6.278138160705566,2.1763477325439453,-2.6321380138397217,-0.7147762179374695,9.3675834238995,5.736963346600289,5.4675932977518045,-2.827839521800037,True,0.0015368398730814525,0.48873652436067555,0.490273364233757,sideways,-2.6609876566389983,0.2942982542680095,0.04155549239574184
Dortmund_Stuttgart,1,3,Waldemar Anton,Borussia Dortmund,7,2,3043112,3043183,1.42,14.267457008361816,15.746809959411621,21.834489822387695,18.959585189819336,8.220821752700015,6.318999934531884,5.791114617288,0.4015108680972717,False,0.017534867982785807,0.714994334236413,0.7325292022191988,sideways,0.41455039695984747,0.27378991376071954,0.09959906221767628
Dortmund_Stuttgart,1,4,Nico Schlotterbeck,Borussia Dortmund,7,2,3043133,3043251,2.36,21.727371215820312,-5.245471477508545,31.904966354370117,-14.644790649414062,13.853903554579238,6.42042829683941,5.8681055574526475,-0.7456643046388695,False,-0.0003615402227326592,0.49669854030573424,0.4963370000830016,sideways,-0.6985662184141196,0.2847555580638687,0.0709954122858328
Dortmund_Stuttgart,1,9,Serhou Guirassy,Borussia Dortmund,8,2,3043687,3043880,3.86,-2.8496475219726562,2.8348381519317627,-13.128133773803711,-17.212369918823242,22.528600290768722,6.734020804491904,5.8333339469052365,-2.0445634049544847,False,-0.0008317160164918458,0.4041246154204173,0.40329289940392543,diagonal,-1.9657701965162029,0.1719060870795867,0.07144186495987431
Dortmund_Stuttgart,0,22,Lorenz Assignon,VfB Stuttgart,29,2,3045735,3045785,1.0,16.413232803344727,-23.451404571533203,18.91164779663086,-18.900667190551758,5.191463010495097,5.443045520927561,5.257938107457744,1.0687110343881117,True,0.006528782368608765,0.4577138359295679,0.46424261829817665,sideways,1.4432731025016405,0.49596956458141717,0.16139759784665844
Dortmund_Stuttgart,1,8,Felix Nmecha,Borussia Dortmund,1,2,3047356,3047446,1.8,30.12550926208496,0.2413666695356369,22.55934715270996,-5.8160905838012695,9.692244190142231,5.660624212290585,5.437525322659843,-2.4664869418707775,False,-0.00016100632908400137,0.4424192260079875,0.4422582196789035,diagonal,-2.1689904076369033,0.1631167688778494,0.09990419362767076
Dortmund_Stuttgart,1,17,Carney Chukwuemeka,Borussia Dortmund,14,2,3047394,3047478,1.68,6.992218971252441,-11.803333282470703,10.034137725830078,-21.31447982788086,9.985748760995277,6.5500160551860285,6.015966635620295,-1.26125057910706,False,0.004119143442465278,0.43872473648724575,0.442843879929711,sideways,-0.9299915609911443,0.3057573344348195,0.1300782788225507
Dortmund_Stuttgart,0,26,Deniz Undav,VfB Stuttgart,6,2,3049659,3049911,5.04,18.207775115966797,-2.2925047874450684,43.02676773071289,-24.599084854125977,33.37013498147808,7.474494073712096,6.6611818910342,-0.7321354416933041,True,0.0291792885267394,0.43364051869272496,0.46281980721946436,diagonal,-0.7873248774236591,0.15433078987810778,0.22031799395847776
Dortmund_Stuttgart,0,8,Tiago Barreiros de Melo Tomás,VfB Stuttgart,30,2,3062487,3062607,2.4,4.19683313369751,-24.55976676940918,14.795733451843262,-15.5950288772583,13.881758297454827,6.491230980727525,5.800800110032808,0.7020610291065933,True,0.02195630667147974,0.4522664944421634,0.4742228011136431,diagonal,0.6424735829982968,0.13636415875830898,0.2185876515317298
Dortmund_Stuttgart,0,11,Bilal El Khannouss,VfB Stuttgart,6,2,3062844,3062931,1.74,15.32083797454834,-19.671823501586914,21.149066925048828,-28.104990005493164,10.251173102726263,6.518951068960039,5.913462115694359,-0.9660631014298916,True,0.0038448505682598944,0.48950753570603867,0.49335238627429856,diagonal,-1.0160883899130995,0.2873665454368418,0.06861597703662448
Dortmund_Stuttgart,1,10,Julian Brandt,Borussia Dortmund,9,2,3063495,3063551,1.12,-11.122900009155273,12.476957321166992,-15.983647346496582,9.346037864685059,5.781826815155202,5.5386445460284595,5.2399244824229045,-2.5693599491735357,False,0.008469130376438205,0.41691449984152695,0.42538363021796516,diagonal,-2.746280253995556,0.37929933498394686,0.14147719065913014
Dortmund_Stuttgart,1,14,Maximilian Beier,Borussia Dortmund,8,2,3063793,3063859,1.32,-17.08977699279785,-24.1855525970459,-24.26528549194336,-25.732866287231445,7.340442893800416,5.951733354126909,5.54224473633118,-2.9292065772216795,False,0.0023950701154832332,0.5896312630611054,0.5920263331765886,forward,-2.8072636130423674,0.3615090717207441,0.07820778053399288
Dortmund_Stuttgart,1,9,Serhou Guirassy,Borussia Dortmund,23,2,3067385,3067513,2.56,-4.058362007141113,-27.402875900268555,-21.4346866607666,-27.86102867126465,17.382363545552842,7.883301702151883,6.805721974055569,-3.115232266319423,False,0.012431892386687793,0.4338746126735985,0.4463065050602863,diagonal,-2.700250044612547,0.46874862204670364,0.08810314718837223
Dortmund_Stuttgart,0,24,Julian Chabot,VfB Stuttgart,29,2,3067450,3067534,1.68,-12.051385879516602,-15.264881134033203,-20.817190170288086,-14.404695510864258,8.807908047340998,5.545367879131458,5.239935960115377,3.0437761379334196,True,0.00027147285124107245,0.5656444488214367,0.5659159216726778,sideways,2.9841731170578507,0.4031487795258378,0.016113933024863244
Dortmund_Stuttgart,0,30,José Andrés Baixauli,VfB Stuttgart,29,2,3067500,3067630,2.6,-0.2785952389240265,-21.915119171142578,-15.560428619384766,-15.228605270385742,16.680644460367187,7.539772124614423,6.4068594250547655,2.7291431177076606,True,0.0005594586308916849,0.5043916534213184,0.5049511120522101,sideways,2.679134028554579,0.2772639858572695,0.0373388783465381
Dortmund_Stuttgart,1,24,Daniel Svensson,Borussia Dortmund,17,2,3067664,3067843,3.58,-12.567656517028809,-24.90901756286621,-31.791004180908203,-13.797295570373535,22.203771324818288,6.529937963384871,6.207574116241463,2.6174822669827797,False,0.0003155033876969249,0.7572313502224381,0.7575468536101351,diagonal,2.729780443156106,0.20977107109117424,0.0847970089446167
Dortmund_Stuttgart,1,26,Julian Ryerson,Borussia Dortmund,17,2,3067664,3067845,3.62,-10.19590950012207,10.46883773803711,-36.32639694213867,12.361580848693848,26.198947506347004,8.088675470591982,7.2456733065450765,3.0692846546553127,False,-0.00013360732764999828,0.5140242526937548,0.5138906453661048,forward,3.131542621053438,0.12263656921013873,0.12339588329325914
Dortmund_Stuttgart,1,14,Maximilian Beier,Borussia Dortmund,17,2,3067664,3067718,1.08,-29.681804656982422,-3.3188095092773438,-32.11690902709961,2.2063190937042236,6.03794496272108,5.9408283890245475,5.576944892062848,1.985916820506005,False,0.05988761242147722,0.5548165419516907,0.6147041543731679,diagonal,2.207910168098548,0.3435136795793929,0.12655676014293668
Dortmund_Stuttgart,1,9,Serhou Guirassy,Borussia Dortmund,17,2,3067664,3067852,3.76,-30.585529327392578,-19.554319381713867,-40.175289154052734,0.6717857122421265,22.384343206910888,6.835573208662552,6.326377448786272,2.013532830825723,False,0.028394986746649253,0.4989814283016591,0.5273764150483083,diagonal,2.4420607723800036,0.357996032838011,0.07928561445148885
Dortmund_Stuttgart,1,7,Jobe Bellingham,Borussia Dortmund,17,2,3067665,3067779,2.28,-14.045537948608398,-9.426823616027832,-24.061386108398438,-1.7529475688934326,12.61766967180361,6.046700271822816,5.5186531622013675,2.4878206925961055,False,0.0025870723279706187,0.5138011554798624,0.516388227807833,diagonal,2.532945102305405,0.21207896539377116,0.11543610887452854
Dortmund_Stuttgart,0,22,Lorenz Assignon,VfB Stuttgart,18,2,3067963,3068096,2.66,-1.8097476959228516,-12.993104934692383,10.717042922973633,-1.3688619136810303,17.089280529653788,7.670782640156593,6.39047386154008,0.7480445743039759,True,0.0003529108094389999,0.7262799134925805,0.7266328243020195,diagonal,0.6757596261223972,0.09201506261253395,0.06383574940400844
Dortmund_Stuttgart,0,6,Angelo Stiller,VfB Stuttgart,18,2,3067980,3068142,3.24,-21.9287052154541,1.0349571704864502,-5.1596808433532715,0.39335715770721436,16.781294019488186,5.344917951467676,5.177593941573222,-0.03824236834481871,True,0.004080388962679704,0.6049581548098236,0.6090385437725033,forward,0.04566459605094153,0.18079043128942443,0.07248303461975272
Dortmund_Stuttgart,0,11,Bilal El Khannouss,VfB Stuttgart,18,2,3067983,3068369,7.72,-5.742452144622803,-2.126333236694336,47.68889617919922,10.673775672912598,54.943168563520224,8.769546825260473,7.255710800554618,0.23513058623570268,True,0.00015867069451486193,0.4787069518306166,0.4788656225251315,diagonal,0.6157810956896832,0.21734677945025888,0.037721787927160993
Dortmund_Stuttgart,0,30,José Andrés Baixauli,VfB Stuttgart,18,2,3067995,3068255,5.2,-24.789600372314453,4.309028625488281,2.828885793685913,2.311800003051758,27.690606715488077,5.6457247832034625,5.331900427939647,-0.07218925852697536,True,0.004423299189702634,0.6736297453692421,0.6780530445589448,forward,-0.17593391176461776,0.1376632550509107,0.08282216045544095
Dortmund_Stuttgart,0,26,Deniz Undav,VfB Stuttgart,18,2,3068085,3068373,5.76,7.5218000411987305,-16.64139175415039,45.556060791015625,-6.5248236656188965,39.35670134392561,8.07939665003365,6.858776431198728,0.259966492860021,True,1.1832545548373652e-05,0.6241575411132212,0.6241693736587696,diagonal,0.39841191343991916,0.12171199908118838,0.06311407197083026
Dortmund_Stuttgart,0,30,José Andrés Baixauli,VfB Stuttgart,29,2,3073224,3073312,1.76,10.691157341003418,15.23952865600586,13.339076042175293,5.555047512054443,10.039952613213186,6.236144018616622,5.737445241423862,-1.3039007875673643,True,0.009613520183636592,0.48931771967830284,0.49893123986193944,sideways,-1.3246359164413979,0.22465204109844733,0.15013460567353043
Dortmund_Stuttgart,0,18,Jamie Leweling,VfB Stuttgart,6,2,3073451,3073500,0.98,23.79385757446289,30.203428268432617,28.880842208862305,27.624500274658203,5.703357105046909,6.288910432519533,5.78468977185345,-0.4692048264803553,True,0.04519176772900613,0.5477357974080527,0.5929275651370588,diagonal,-0.45030157443538005,0.38753783989399737,0.14646318350034762
Dortmund_Stuttgart,0,10,Chris Führich,VfB Stuttgart,18,2,3073511,3073581,1.4,22.72208023071289,17.14626121520996,30.126747131347656,16.198543548583984,7.465069369067581,5.564790814438834,5.32924503358774,-0.12729715232494265,True,0.002009829657283413,0.4622237319770326,0.464233561634316,forward,-0.024045654250864593,0.2651003415635539,0.048837180669935365
Dortmund_Stuttgart,0,22,Lorenz Assignon,VfB Stuttgart,18,2,3073530,3073615,1.7,26.49576187133789,-19.23223304748535,34.62946701049805,-14.499861717224121,9.41023366863325,6.03992822912768,5.521432901410014,0.5269463313031955,True,0.0009890294484802276,0.6075777550578975,0.6085667845063777,diagonal,0.5464331915845873,0.0,0.08310665847559398
Dortmund_Stuttgart,0,11,Bilal El Khannouss,VfB Stuttgart,33,2,3074577,3074701,2.48,4.2422380447387695,-5.485595226287842,17.120399475097656,-9.536561965942383,13.50027308435539,6.068302686981454,5.643041088018109,-0.3047613598467484,True,0.02083538298628984,0.5097674464912549,0.5306028294775448,diagonal,-1.013340716173637,0.13152311983966816,0.16291874157409603
Dortmund_Stuttgart,0,26,Deniz Undav,VfB Stuttgart,33,2,3074636,3074698,1.24,6.075324058532715,1.360557198524475,12.139023780822754,-1.9412809610366821,6.90438915140467,5.929502889104261,5.561321440908915,-0.49863030356088334,True,0.006151003352137807,0.515163637809681,0.5213146411618188,diagonal,-0.5508218070533537,0.28309132386593955,0.06190180757393165
Dortmund_Stuttgart,0,30,José Andrés Baixauli,VfB Stuttgart,33,2,3074660,3074825,3.3,-9.563885688781738,-1.0976523160934448,6.225904941558838,-4.4975810050964355,16.151687318676544,6.436600531935086,5.728814506293725,-0.21208629699741047,True,0.002409345314239364,0.48813337240839444,0.4905427177226338,diagonal,-0.6502418619495229,0.18931317503580194,0.09562047290163758
Dortmund_Stuttgart,0,22,Lorenz Assignon,VfB Stuttgart,11,2,3075998,3076151,3.06,23.02863883972168,-29.88144302368164,36.388519287109375,-16.87324333190918,18.646706540017227,7.059801728820611,6.202855194955591,0.7720615873921794,True,0.011518965860537467,0.616295735417854,0.6278147012783915,forward,0.2193798880990156,0.2691907014624959,0.10994180723921736
Dortmund_Stuttgart,0,10,Chris Führich,VfB Stuttgart,11,2,3076000,3076135,2.7,17.598947525024414,-2.9671237468719482,33.718448638916016,-2.4215476512908936,16.12873117876363,6.4893667123585965,5.985191161081846,0.033832803491805036,True,0.017535939225935715,0.3584200448067921,0.37595598403272784,forward,0.12462068784191237,0.20521035185162945,0.12425479666112128
Dortmund_Stuttgart,0,18,Jamie Leweling,VfB Stuttgart,6,2,3077411,3077528,2.34,7.608947277069092,21.590280532836914,18.438457489013672,12.999942779541016,13.82288660686735,7.382616063000175,6.0413869126870985,-0.6706018106723559,True,0.006929076631549513,0.43311320888405214,0.44004228551560165,sideways,-1.387899431046087,0.03720762019544513,0.3798603576812326
Dortmund_Stuttgart,1,8,Felix Nmecha,Borussia Dortmund,1,2,3077851,3077949,1.96,7.1449713706970215,-8.491347312927246,16.88351821899414,-5.025895118713379,10.336762240994975,5.623845140141842,5.298425169425019,0.34187598060852115,False,0.0036129815679435406,0.5598824446919264,0.5634954262598699,sideways,0.19355487091902865,0.23614706077095907,0.08024879546128992
Dortmund_Stuttgart,1,14,Maximilian Beier,Borussia Dortmund,3,2,3078088,3078181,1.86,1.8580762147903442,16.324909210205078,-1.170547604560852,25.864219665527344,10.008546657840094,5.626643152734213,5.409050753076996,1.8782196355123153,False,0.00034442854479660445,0.4080269861635379,0.4083714147083345,sideways,1.4571267379662243,0.2769815779232862,0.025794541855082995
Dortmund_Stuttgart,1,14,Maximilian Beier,Borussia Dortmund,26,2,3078365,3078503,2.76,-0.6566428542137146,34.05222702026367,-18.194299697875977,32.39577865600586,17.61570971461287,7.353443174147692,6.407178075033528,-3.047421073996458,False,0.01762307745813607,0.5171327316599412,0.5347558091180773,forward,-3.079347583272289,0.0,0.14987947619106934
Dortmund_Stuttgart,0,24,Julian Chabot,VfB Stuttgart,7,2,3081158,3081242,1.68,-37.50181198120117,20.856237411499023,-45.0820198059082,14.925881385803223,9.624379110220888,6.383982268198415,5.739857790610383,-2.4777085458370465,True,-0.00023086812734879336,0.49227998233795767,0.4920491142106089,sideways,-2.5798874112591332,0.4732282553271175,0.014210007537227738
Dortmund_Stuttgart,0,29,Finn Jeltsch,VfB Stuttgart,24,2,3081233,3081299,1.32,-35.84457778930664,-2.1775476932525635,-37.56455612182617,-8.676228523254395,6.722438396487539,5.232705427888065,5.1037063714195785,-1.8295297278367664,True,-2.0118809769265056e-06,0.5030897659279401,0.5030877540469632,sideways,-2.0097071792862584,0.5068317571265882,0.012060420195127729
Dortmund_Stuttgart,0,30,José Andrés Baixauli,VfB Stuttgart,29,2,3081470,3081560,1.8,-30.29526138305664,-1.9594762325286865,-30.477371215820312,-12.282737731933594,10.32486764933502,6.142926841889461,5.752632150946121,-1.5884352237394375,True,0.0017888553520193362,0.5188962937850027,0.520685149137022,sideways,-1.8316139179458562,0.228559729507986,0.04053525748894438
Dortmund_Stuttgart,0,11,Bilal El Khannouss,VfB Stuttgart,29,2,3081480,3081576,1.92,-16.47570037841797,-10.259185791015625,-22.554609298706055,-18.95762825012207,10.61207024456321,5.904834008348308,5.532057368684805,-2.1807502480194962,True,0.0013028156620423226,0.4691678968378191,0.47047071249986144,sideways,-2.2098502705229337,0.35253677525944627,0.07490646391178978
Dortmund_Stuttgart,0,22,Lorenz Assignon,VfB Stuttgart,11,2,3081601,3081798,3.94,-22.050046920776367,-32.3021240234375,3.2999191284179688,-27.944843292236328,25.72171600157739,7.921306768390071,6.658889828502821,0.17022170794885935,True,0.009578491004858358,0.4443478989746011,0.45392638997945944,forward,-0.340972152071328,0.37647364491101243,0.11965976861880931
Dortmund_Stuttgart,0,30,José Andrés Baixauli,VfB Stuttgart,11,2,3081645,3081934,5.78,-24.642595291137695,-15.026671409606934,8.062847137451172,-10.941790580749512,32.959554242066254,6.775597075586293,5.7667974341527195,0.12425566080738538,True,0.009817968598162086,0.47635796786442935,0.48617593646259144,forward,0.015307648561123382,0.1322660322169469,0.13723725083094623
Dortmund_Stuttgart,0,26,Deniz Undav,VfB Stuttgart,11,2,3081650,3081839,3.78,-0.6716952323913574,-9.507604598999023,20.392162322998047,-20.318994522094727,23.676406973672137,7.3837408260191015,6.433568560689842,-0.47420505088695614,True,0.01885153308186749,0.43100299390614066,0.44985452698800815,diagonal,-0.7907945511146129,0.342289917727671,0.04876876834044071
Dortmund_Stuttgart,0,10,Chris Führich,VfB Stuttgart,11,2,3081668,3081937,5.38,1.7826285362243652,10.806890487670898,38.520206451416016,-5.5943474769592285,40.232452545764616,8.756300640507343,7.571582995456611,-0.41989206668225915,True,0.0009686939013825446,0.5146885889713985,0.515657282872781,diagonal,-0.764705039908359,0.09916573427164455,0.04371815432700989
Dortmund_Stuttgart,1,9,Serhou Guirassy,Borussia Dortmund,1,2,3081984,3082167,3.66,-4.29280948638916,-9.636300086975098,10.36827564239502,2.6210713386535645,19.10996000569532,6.247104386841328,5.565988235307683,0.6963382582234792,False,-0.0014780619021071972,0.44148616519587347,0.4400081032937663,sideways,0.1253306672522043,0.16391165248666162,0.14111122053424108
Dortmund_Stuttgart,1,8,Felix Nmecha,Borussia Dortmund,1,2,3082003,3082080,1.54,3.695209503173828,-14.876928329467773,6.799699783325195,-6.267381191253662,9.152167056205055,6.8259500016009005,5.965512676096595,1.2247212412344273,False,-0.004836395970909124,0.4800153048633836,0.4751789088924745,sideways,1.2926837811989986,0.47204850565353956,0.12068437618927934
Dortmund_Stuttgart,1,27,Karim Adeyemi,Borussia Dortmund,7,2,3082565,3082866,6.02,-3.8453333377838135,29.448196411132812,-36.31854248046875,8.703766822814941,38.533630389170895,7.790742177139494,6.757358900429907,-2.5731193434267654,False,-0.00041573535788586025,0.5117682970268043,0.5113525616689184,forward,-2.8504288580949426,0.5699370214752313,0.08114631940983769
Dortmund_Stuttgart,1,9,Serhou Guirassy,Borussia Dortmund,7,2,3082588,3082892,6.08,0.9048095345497131,14.876543045043945,-37.06237030029297,-0.2031238079071045,40.85221042988097,7.4858831438029965,6.789188259902901,-2.763522803565665,False,0.006678674285292063,0.4471436869439855,0.45382236122927755,forward,2.9478819173124955,0.3030925658921651,0.06356818854429859
Dortmund_Stuttgart,1,8,Felix Nmecha,Borussia Dortmund,27,2,3082628,3082839,4.22,3.2142999172210693,-2.112290620803833,-23.106651306152344,-0.1452571451663971,26.394349660438323,6.859223870446249,6.253403884697785,3.0669987020047698,False,0.0036380964241663483,0.6377725231532937,0.64141061957746,forward,3.0115299682038046,0.003189205648431651,0.027180277127030274
Dortmund_Stuttgart,1,24,Daniel Svensson,Borussia Dortmund,27,2,3082630,3082881,5.02,2.517209529876709,-16.32358169555664,-28.370548248291016,-8.187652587890625,31.941304341052323,7.071781781857196,6.362671806497678,2.884039690223981,False,0.00136469912399384,0.6507084012540545,0.6520731003780483,forward,2.81390304364282,0.0,0.022066879836264795
Dortmund_Stuttgart,1,14,Maximilian Beier,Borussia Dortmund,27,2,3082635,3082854,4.38,-8.421380996704102,-11.237971305847168,-35.75034713745117,-9.81981372833252,27.36573699421892,6.828390907091795,6.294625837716597,3.0897470517788035,False,0.001315976693332943,0.5188052635267719,0.5201212402201049,forward,2.875583123264016,0.03977346520147231,0.01798594198736683
Dortmund_Stuttgart,1,7,Jobe Bellingham,Borussia Dortmund,27,2,3082660,3082752,1.84,8.605161666870117,8.77587604522705,-0.8991666436195374,8.24022388458252,9.519410689258988,5.337217358106134,5.16557440672247,-3.085293450833077,False,0.002039861177232094,0.5075967062628631,0.5096365674400952,forward,-3.117493235532978,0.052259665535478964,0.0272927689783115
Dortmund_Stuttgart,1,4,Nico Schlotterbeck,Borussia Dortmund,27,2,3082667,3082740,1.46,10.759262084960938,-7.3316330909729,3.296133279800415,-6.744085788726807,7.4862209020836,5.336094058013852,5.116379916210901,3.063028024644811,False,0.0008246273390905001,0.6502484969569209,0.6510731242960114,forward,3.0703051001468817,0.0,0.021102755674731785
Dortmund_Stuttgart,1,3,Waldemar Anton,Borussia Dortmund,27,2,3082668,3082745,1.54,17.312904357910156,13.881562232971191,8.951786041259766,13.72799015045166,8.362528558370133,5.690742057707548,5.405975240482365,-3.12322730933582,False,0.001665717628842045,0.49247258261898313,0.4941383002478252,forward,-3.1341387932266276,0.0,0.025006584845213068
Dortmund_Stuttgart,0,11,Bilal El Khannouss,VfB Stuttgart,33,2,3084288,3084430,2.84,-12.881614685058594,-13.754352569580078,2.551795244216919,-21.485923767089844,17.26173036596339,6.690913113296959,6.0796476148543315,-0.46441791208986705,True,0.02130626392105961,0.4290100551119175,0.4503163190329771,diagonal,-0.699757986817259,0.27044066058493926,0.18612274086311772
Dortmund_Stuttgart,0,10,Chris Führich,VfB Stuttgart,33,2,3084372,3084829,9.14,1.7269333600997925,0.09723809361457825,39.52827835083008,-14.74413776397705,40.61044349000037,7.8835518260504704,6.297467269841494,-0.37412384896718653,True,0.0013979636819203556,0.421032242505139,0.42243020618705934,diagonal,-1.1112434454656916,0.23518130432899495,0.10333539657534478
Dortmund_Stuttgart,0,30,José Andrés Baixauli,VfB Stuttgart,33,2,3084419,3084611,3.84,-23.93198013305664,-6.593943119049072,-5.3625288009643555,-17.706737518310547,21.64067286696976,6.336128671063015,5.675113716993167,-0.5392752976725438,True,0.005146568966403975,0.585335738167232,0.5904823071336359,diagonal,-0.6608560949650092,0.08874808967788361,0.06527500104985273
Dortmund_Stuttgart,0,24,Julian Chabot,VfB Stuttgart,33,2,3084428,3084487,1.18,-34.91822814941406,6.631852626800537,-30.038923263549805,2.894209623336792,6.146347809110733,5.348979228107731,5.194885696191497,-0.6536750449207203,True,0.0005939724924562961,0.6080006145631578,0.6085945870556141,diagonal,-0.6333295098141525,0.03224417416323694,0.080660068400971
Dortmund_Stuttgart,1,7,Jobe Bellingham,Borussia Dortmund,3,2,3084764,3084857,1.86,9.622300148010254,-8.725680351257324,20.2907772064209,-9.122795104980469,10.675865439085435,6.140781352546116,5.740998688915771,-0.03720601303445425,False,0.0004382502898979679,0.519956446928105,0.520394697218003,sideways,0.13527625148141822,0.21563722270138488,0.03216806348765109
Dortmund_Stuttgart,1,14,Maximilian Beier,Borussia Dortmund,1,2,3085391,3085516,2.5,5.788081169128418,-20.206928253173828,0.8679428696632385,-5.032990455627441,15.951681703496687,7.3190453176588655,6.501543727335583,1.8843490692164508,False,0.007214053835554346,0.48066868417827074,0.4878827380138251,sideways,1.8454170986253644,0.5194765026210686,0.10842754751663182
Dortmund_Stuttgart,0,28,Nikolas Nartey,VfB Stuttgart,11,2,3088559,3088683,2.48,17.3564510345459,-15.184576034545898,29.709604263305664,-24.63475227355957,15.553334872034242,7.144220857375829,6.263849532086384,-0.6530329101764468,True,0.01282665607800959,0.41512578730699184,0.42795244338500144,diagonal,-0.6945604124089649,0.306607893477785,0.18443340798222704
Dortmund_Stuttgart,1,27,Karim Adeyemi,Borussia Dortmund,9,2,3088920,3089118,3.96,5.719914436340332,8.128752708435059,-18.71407127380371,2.910966634750366,24.984894420314472,7.023231323423145,6.3269326247669895,-2.9312064253119914,False,0.014455227678402793,0.5890436796811545,0.6034989073595572,forward,3.0045746283677044,0.39711352341028455,0.08247199293455953
Dortmund_Stuttgart,1,26,Julian Ryerson,Borussia Dortmund,9,2,3088923,3089122,3.98,13.827476501464844,15.317776679992676,-7.689433574676514,15.998943328857422,21.527689314654257,6.026138917767397,5.489269011596714,3.1099459519016386,False,0.013780366821997458,0.4476448539683483,0.46142522079034576,forward,2.84559874145249,0.23516012502740583,0.09952648683175455
Dortmund_Stuttgart,1,24,Daniel Svensson,Borussia Dortmund,7,2,3088935,3089168,4.66,14.460647583007812,-24.57503890991211,-10.969123840332031,-22.656347274780273,25.502051922032404,6.118596234177406,5.53961279831588,3.0662847365898833,False,0.05524582604144146,0.5368347564857997,0.5920805825272412,forward,3.0335034902780604,0.10198530402023978,0.14542341865306982
Dortmund_Stuttgart,0,10,Chris Führich,VfB Stuttgart,6,2,3092067,3092534,9.34,-5.409328460693359,-5.76167631149292,48.73606491088867,13.204414367675781,57.37103989831289,9.62915640287028,7.265962983299059,0.3369249364829408,True,0.006677467145782989,0.49402750514605787,0.5007049722918409,sideways,1.4822542863211359,0.3079759767989083,0.08398600838031033
Dortmund_Stuttgart,0,3,Ramon Hendriks,VfB Stuttgart,6,2,3092077,3092201,2.48,-23.502914428710938,-6.591290473937988,-16.794984817504883,5.400833606719971,13.740719036309255,5.907718673194352,5.528197694595855,1.0607943903692632,True,0.00011005620781345815,0.5788670064747992,0.5789770626826126,diagonal,1.0750193881805785,0.0924804410895011,0.10177536993366904
Dortmund_Stuttgart,0,11,Bilal El Khannouss,VfB Stuttgart,6,2,3092173,3092562,7.78,-14.388705253601074,-17.7995662689209,31.11719512939453,-9.553638458251953,46.24697065890785,7.305673611880318,5.959053300706868,0.17926053817488372,True,0.001784570154725773,0.709638820795071,0.7114233909497968,forward,0.35880463432602905,0.11955139920691565,0.10807677363698076
Dortmund_Stuttgart,0,26,Deniz Undav,VfB Stuttgart,6,2,3092287,3092555,5.36,10.358656883239746,-9.324980735778809,41.067134857177734,2.4482617378234863,32.88798956789648,6.7454512909080355,6.164929422847947,0.3661036247923029,True,0.0023290550152554323,0.4611344328840719,0.46346348789932734,diagonal,0.6383895246401525,0.09403740844757312,0.05599916757487462
Dortmund_Stuttgart,0,28,Nikolas Nartey,VfB Stuttgart,10,2,3092335,3092535,4.0,1.0526714324951172,2.25602388381958,25.498361587524414,0.9728190302848816,24.47934602582004,6.603453755227616,6.143178884138693,-0.052443935998247475,True,0.0019730992124029623,0.6344674666491182,0.6364405658615212,diagonal,0.4173237773111516,0.058450465035109846,0.06306946595542161
Dortmund_Stuttgart,1,24,Daniel Svensson,Borussia Dortmund,23,2,3093526,3093582,1.12,2.8038761615753174,-30.107929229736328,-2.365995168685913,-26.7896671295166,6.143161477383747,5.827240514678429,5.604464285084244,2.570970849875318,False,0.003999084180379142,0.4304250693382744,0.43442415351865354,diagonal,2.1401772521814153,0.25689818334337944,0.27689127895134086
Dortmund_Stuttgart,1,4,Nico Schlotterbeck,Borussia Dortmund,23,2,3093537,3093877,6.8,30.377166748046875,-30.202165603637695,-20.744171142578125,-30.880558013916016,51.12583890744263,8.613434303145784,7.5603042224787,-3.12832319271479,False,0.008564213856987246,0.6114058734793424,0.6199700873363296,forward,-2.8208197764196807,0.46373068685337454,0.10999530307956293
Dortmund_Stuttgart,1,24,Daniel Svensson,Borussia Dortmund,4,2,3093719,3093889,3.4,-6.659428596496582,-20.235523223876953,-26.712448120117188,-16.82804298400879,20.340464930767958,6.520656089785768,5.997937737026448,2.9732768012847215,False,0.0013670078930433927,0.3891886592122556,0.390555667105299,forward,2.8162962989393434,0.2757897812750167,0.07182457846691102
Dortmund_Stuttgart,1,14,Maximilian Beier,Borussia Dortmund,4,2,3093729,3093888,3.18,3.421600103378296,-12.559814453125,-13.764938354492188,-12.782171249389648,17.187976806730518,5.738135224178545,5.403047355645951,-3.1286555289067013,False,0.0014686590736027738,0.4858533302344558,0.4873219893080586,forward,-3.117298085591633,0.17308432349019512,0.05532162880654045
Dortmund_Stuttgart,1,9,Serhou Guirassy,Borussia Dortmund,4,2,3093745,3093882,2.74,-0.42446190118789673,-0.5446809530258179,-15.374018669128418,-2.10996675491333,15.031279626148496,5.8160534966122395,5.491142258192712,-3.0372682868403738,False,0.0007341506702753797,0.6063871768799847,0.60712132755026,forward,-2.8311025354632275,0.044079685165840404,0.052927778926581716
Dortmund_Stuttgart,1,8,Felix Nmecha,Borussia Dortmund,4,2,3093751,3093896,2.9,14.243200302124023,-16.131542205810547,-1.235376238822937,-16.17743682861328,15.478644580529517,5.581677760771465,5.333589906204679,-3.1386276207143036,False,0.0020134250112366914,0.8126661973151162,0.8146796223263529,forward,-3.1086644280462385,0.037775347496837294,0.04906422062847589
Dortmund_Stuttgart,1,27,Karim Adeyemi,Borussia Dortmund,4,2,3093753,3093887,2.68,-6.304152488708496,15.04271411895752,-20.846860885620117,8.666966438293457,15.878933402628054,6.5856185347480105,5.925797246684154,-2.7284141137280393,False,0.0028724408388056677,0.5592857550193598,0.5621581958581655,forward,-2.7626740828429237,0.03601622020675802,0.06564555881010664
Dortmund_Stuttgart,1,7,Jobe Bellingham,Borussia Dortmund,4,2,3093754,3093867,2.26,12.352032661437988,-1.3026286363601685,0.6741285920143127,-2.3841381072998047,11.727877309658137,5.3716814246934605,5.180362093289137,-3.0492444653790267,False,0.0001176423137806415,0.6377221630005557,0.6378398053143364,forward,-2.977138096206536,0.05016086239237749,0.0524319540433896
Dortmund_Stuttgart,1,26,Julian Ryerson,Borussia Dortmund,4,2,3093770,3093881,2.22,7.165571689605713,17.01362419128418,-3.959362030029297,14.180581092834473,11.479994924386752,5.422931910182613,5.175079598388714,-2.8922356852208755,False,0.0007504260990668921,0.4539784017728086,0.4547288278718755,forward,-2.80970015052019,0.0,0.04620585380856693
Dortmund_Stuttgart,1,27,Karim Adeyemi,Borussia Dortmund,14,2,3094306,3094421,2.3,-29.524799346923828,14.931852340698242,-37.21000289916992,2.405566692352295,14.69592412144992,7.388935909200549,6.391995864008083,-2.121102190585001,False,0.01513315850851088,0.4897561074558529,0.5048892659643638,diagonal,-2.0496752472219213,0.5731572591881836,0.12416081173472827
Dortmund_Stuttgart,0,10,Chris Führich,VfB Stuttgart,33,2,3095136,3095277,2.82,-4.881909370422363,19.113828659057617,10.932353019714355,16.13652992248535,16.092085095191596,6.7513690629012215,5.940485733022266,-0.1860884924805718,True,0.027412028348284267,0.50832935646464,0.5357413848129242,forward,0.023506211278352417,0.12066978855018039,0.30769190960014714
Dortmund_Stuttgart,0,3,Ramon Hendriks,VfB Stuttgart,33,2,3095245,3095336,1.82,-29.040342330932617,21.359317779541016,-18.204065322875977,18.366214752197266,11.242044526136306,7.085615135142234,6.139751991014502,-0.2694920721608243,True,0.004739231667495014,0.5878402842518716,0.5925795159193666,forward,-0.2532245985313511,0.1049068702745783,0.10718761810938915
Dortmund_Stuttgart,1,14,Maximilian Beier,Borussia Dortmund,27,2,3096114,3096186,1.44,-24.53329086303711,-9.596257209777832,-32.063873291015625,-10.672480583190918,7.6070972423165095,5.52139724736379,5.37256816838533,-2.9996401766159906,False,0.01031494397553101,0.4743962690755775,0.48471121305110854,forward,2.8356599813659233,0.37096531258048987,0.07788328204147112
Dortmund_Stuttgart,1,3,Waldemar Anton,Borussia Dortmund,1,2,3103919,3104047,2.56,43.7332649230957,20.53426170349121,29.624513626098633,17.850194931030273,14.36179228367913,6.1826636359944205,5.689788949714542,-2.9535978532393155,False,0.00717080231579964,0.4302892423403567,0.43746004465615634,forward,-3.00394416531435,0.2255165146221005,0.2188439317805189
Dortmund_Stuttgart,1,14,Maximilian Beier,Borussia Dortmund,9,2,3104059,3104187,2.56,-3.6150667667388916,-2.4571666717529297,4.7761664390563965,9.324129104614258,14.464153099448609,6.801381080110085,5.794889690124117,0.9518958142537,False,0.0015037507029290187,0.4156491890898017,0.4171529397927307,sideways,1.3740924966726213,0.49758941944073737,0.11247318052787982
Dortmund_Stuttgart,1,24,Daniel Svensson,Borussia Dortmund,27,2,3104202,3104438,4.72,-4.263247489929199,-14.352442741394043,-40.09397888183594,-4.699585437774658,37.10820618411794,8.709297057239729,7.814371738999379,2.878438619381822,False,0.0001563666849385692,0.6407258547870194,0.640882221471958,forward,2.9306725126975786,0.05301244753831697,0.0787413696392445
Dortmund_Stuttgart,1,8,Felix Nmecha,Borussia Dortmund,27,2,3104205,3104436,4.62,3.598904848098755,0.809490442276001,-30.05418586730957,-2.119995355606079,33.78035526366611,8.129719118870245,7.308090726435345,-3.054762003385229,False,0.034673469769515686,0.5747521560594566,0.6094256258289723,forward,-2.860377897211843,0.16700855764998324,0.10759300229255536
Dortmund_Stuttgart,1,7,Jobe Bellingham,Borussia Dortmund,27,2,3104245,3104433,3.76,10.304790496826172,10.465557098388672,-11.903752326965332,5.293980598449707,22.802731806757322,6.619693059496788,6.063764362177066,-2.9128055939567377,False,0.002063912307123106,0.6027553237501311,0.6048192360572542,forward,-3.0012002935643887,0.08306749850480376,0.04624748569431421
Dortmund_Stuttgart,0,28,Nikolas Nartey,VfB Stuttgart,22,2,3105811,3105919,2.16,-32.6420783996582,-24.869808197021484,-20.406452178955078,-18.734962463378906,13.687471687216393,7.186913479687483,6.331093259098781,0.46476063008308655,True,0.010866822827934719,0.3801041450263305,0.3909709678542652,diagonal,0.6503228393035977,0.4996264884077722,0.1334997271014189
Dortmund_Stuttgart,1,4,Nico Schlotterbeck,Borussia Dortmund,23,2,3106037,3106137,2.0,-9.678686141967773,-25.303495407104492,0.6114142537117004,-28.029903411865234,10.64516165972064,5.621842225702087,5.317029669927377,-0.2590031792154041,False,0.0009846461612147417,0.5208317985126377,0.5218164446738525,sideways,-0.2876593787425475,0.2503707122269189,0.06850414057775217
Dortmund_Stuttgart,1,23,Emre Can,Borussia Dortmund,4,2,3106370,3106482,2.24,6.588771343231201,-3.310814142227173,14.608247756958008,6.039804935455322,12.318525848746692,5.822808101507232,5.500641322433035,0.8618828301650117,False,-6.416282583099342e-05,0.6124612802647705,0.6123971174389395,sideways,0.8995603600023907,0.4008230641723745,0.017751530998294872
Dortmund_Stuttgart,1,24,Daniel Svensson,Borussia Dortmund,1,2,3106629,3106767,2.76,-9.302628517150879,-25.871152877807617,-24.84744644165039,-21.811796188354492,16.066105347533643,6.277073870173324,5.864641008334727,2.8861581037690374,False,0.017152510072005522,0.4616349968646259,0.4787875069366314,diagonal,2.726298494534277,0.0263525248225668,0.2995784217099857
Dortmund_Stuttgart,0,6,Angelo Stiller,VfB Stuttgart,28,2,3108827,3108962,2.7,-14.725261688232422,-9.094328880310059,-3.143028497695923,0.6175618767738342,15.115189306042344,6.080093810208256,5.593757619210699,0.6977892611014279,True,0.003732282145838095,0.4363856366829455,0.4401179188287836,diagonal,0.7794996330906755,0.06881492774253294,0.10708889540257821
Dortmund_Stuttgart,0,3,Ramon Hendriks,VfB Stuttgart,28,2,3108839,3108971,2.64,-20.931537628173828,20.71535301208496,-11.029728889465332,31.844823837280273,14.89667537227141,6.3213255817843,5.718930667130249,0.843705150274363,True,-0.00011155052690986489,0.462712845984029,0.46260129545711914,diagonal,1.162809095941643,0.36793761292968746,0.02742321300322821
Dortmund_Stuttgart,0,18,Jamie Leweling,VfB Stuttgart,3,2,3108906,3108951,0.9,-1.4368666410446167,31.353599548339844,3.57621431350708,31.476171493530273,5.014579198560605,6.167943978324311,5.62888886478497,0.02444555147036463,True,-0.0043073812865476735,0.46845618488837953,0.46414880360183186,diagonal,0.4122195967475969,0.3825817010838977,0.10105190785505326
Dortmund_Stuttgart,1,9,Serhou Guirassy,Borussia Dortmund,27,2,3110117,3110326,4.18,-15.746395111083984,19.465057373046875,-42.65718078613281,10.488842964172363,28.36834169919877,7.884716992237163,6.84661212871118,-2.8196430373749393,False,0.01809415593272834,0.4733272569117812,0.4914214128445095,diagonal,-2.492879235857131,0.31671372109727397,0.1268846123821351
Dortmund_Stuttgart,1,14,Maximilian Beier,Borussia Dortmund,27,2,3110133,3110287,3.08,-16.775985717773438,7.089076042175293,-31.67089080810547,-0.2882523834705353,16.621768027193767,5.87051909045941,5.421709097742524,-2.681718473985078,False,0.043097798337607185,0.4894439949275743,0.5325417932651815,forward,-2.8418896418721005,0.11364243208141168,0.11337508988070803
Dortmund_Stuttgart,1,24,Daniel Svensson,Borussia Dortmund,27,2,3110225,3110279,1.08,-17.685794830322266,-4.579823970794678,-23.199047088623047,-6.4969329833984375,5.837058970908656,5.638662918473788,5.404168572909448,-2.8069438325185434,False,0.000756886559001746,0.6911574000223364,0.6919142865813381,forward,-2.9043748295679173,0.05233568544882456,0.127155986125796
Dortmund_Stuttgart,0,10,Chris Führich,VfB Stuttgart,33,2,3111105,3111266,3.22,5.807742595672607,15.203704833984375,16.2252197265625,-2.374338150024414,20.433096312607017,7.190276171567013,6.390905352199309,-1.0358050838718875,True,0.010332318266452312,0.5822623806103814,0.5925946988768337,diagonal,-0.6503483199540655,0.1660789375326516,0.10312538341010696
Dortmund_Stuttgart,0,28,Nikolas Nartey,VfB Stuttgart,33,2,3111128,3111294,3.32,-23.429014205932617,-3.86283802986145,-6.647509574890137,-9.0390043258667,17.561651266484052,5.524390164600748,5.286217648507486,-0.2991861140129104,True,0.004023660036102328,0.6379763796992288,0.6420000397353312,forward,-0.25910011889599827,0.11750359628420202,0.07194140813126038
Dortmund_Stuttgart,0,26,Deniz Undav,VfB Stuttgart,33,2,3111136,3111203,1.34,9.27428150177002,-2.031057119369507,9.454166412353516,-9.343814849853516,7.314969870464899,5.891418535811346,5.457579653575121,-1.5462025076643882,True,-0.0002398179493423025,0.3794755585263699,0.3792357405770276,sideways,-1.4802012340531485,0.48986938435276134,0.07974989568725999
Dortmund_Stuttgart,1,14,Maximilian Beier,Borussia Dortmund,24,2,3111439,3111605,3.32,-4.546438217163086,-19.979415893554688,-16.656871795654297,-34.4064826965332,18.836211349330632,7.931818269297658,6.4171806476516755,-2.269118647746822,False,0.0041370030050155715,0.45880266373903106,0.46293966674404663,sideways,-1.5679151025646059,0.2860569501989367,0.049047914542892236
Dortmund_Stuttgart,0,22,Lorenz Assignon,VfB Stuttgart,11,2,3112353,3112466,2.26,1.531823754310608,-31.003820419311523,15.160566329956055,-33.23856735229492,13.810746469604371,6.937947339017932,6.259457945010083,-0.16252675373713454,True,0.009126609361107763,0.41650485822049016,0.4256314675815979,forward,-0.018897282202964223,0.40077293644429657,0.081830812907861
Dortmund_Stuttgart,0,26,Deniz Undav,VfB Stuttgart,11,2,3112423,3112488,1.3,16.096784591674805,-17.610271453857422,21.627527236938477,-13.223309516906738,7.059358982541707,5.81766680950459,5.478345103222551,0.6705782583376058,True,0.015358346643148835,0.4245145039533116,0.4398728505964604,diagonal,0.8495778097240448,0.1731153691356128,0.1523950989952917
Dortmund_Stuttgart,0,3,Ramon Hendriks,VfB Stuttgart,10,2,3112714,3112788,1.48,2.809128522872925,5.327000141143799,10.4854097366333,8.151938438415527,8.179582486662932,5.999903465642345,5.550707570582399,0.3526272709007268,True,0.016032495587518403,0.5981233103037905,0.6141558058913089,diagonal,0.5482861545663635,0.27962337262371056,0.14129163041551793
Dortmund_Stuttgart,1,23,Emre Can,Borussia Dortmund,27,2,3113966,3114018,1.04,24.043453216552734,-1.6898761987686157,18.542518615722656,-2.229918956756592,5.527379818961678,5.583545519880657,5.305069352092302,-3.0437333263406776,False,7.06992527937933e-05,0.580393483980997,0.5804641832337908,forward,-2.988308995559149,0.0027739179650545136,0.07017292674871943
Dortmund_Stuttgart,1,8,Felix Nmecha,Borussia Dortmund,27,2,3114037,3114279,4.84,-0.21325239539146423,3.3754286766052246,-37.99544906616211,1.2784905433654785,37.84034268876839,8.594648076348335,7.697331030717566,-3.086148841335714,False,0.004138232236423789,0.4764727979200692,0.480611030156493,forward,-3.0896213056685844,0.3182453769689006,0.05386689680669168
Dortmund_Stuttgart,1,14,Maximilian Beier,Borussia Dortmund,27,2,3114040,3114268,4.56,-9.782395362854004,-5.2094950675964355,-40.45106887817383,-8.77515697479248,30.87525676048231,7.547495807349591,6.744837364816889,-3.025848328765961,False,0.002224991160675205,0.6697894551650652,0.6720144463257404,forward,-3.0571059455744067,0.28795911557009307,0.0610966026459876
Dortmund_Stuttgart,1,26,Julian Ryerson,Borussia Dortmund,27,2,3114042,3114217,3.5,-11.382295608520508,22.858760833740234,-31.322795867919922,14.29273796081543,21.70254129024016,7.227910300752857,6.199755665714781,-2.73584983897803,False,0.001838555413631815,0.4480964195866242,0.44993497500025603,forward,-2.9148371130563944,0.24892824941778183,0.037310969167580275
Dortmund_Stuttgart,1,14,Maximilian Beier,Borussia Dortmund,4,2,3124591,3124702,2.22,-13.108752250671387,-15.769914627075195,-25.171510696411133,-10.755218505859375,13.063587505291284,6.570921734305778,5.879104564227291,2.7476108226510823,False,0.024068920726725673,0.40162541847076244,0.4256943391974881,forward,2.8521133630947695,0.1347085530630179,0.304189826114071
Dortmund_Stuttgart,1,9,Serhou Guirassy,Borussia Dortmund,24,2,3124841,3124942,2.02,-27.344932556152344,-1.076552391052246,-38.910621643066406,-0.4088904857635498,11.584944388081317,6.231824306413549,5.777238423956936,3.083928841378506,False,0.04396528586806331,0.4426381259202923,0.4866034117883556,forward,2.982555724839109,0.12266691221418814,0.15268708632936978
Dortmund_Stuttgart,1,26,Julian Ryerson,Borussia Dortmund,24,2,3124887,3124949,1.24,-26.307472229003906,19.914676666259766,-32.583988189697266,17.107847213745117,6.875532283419384,5.974036849263557,5.531460935364684,-2.721073429960367,False,0.0013333587454936735,0.6129353023046641,0.6142686610501578,diagonal,-2.711428902222197,0.002040905884072742,0.15441450296640483
Dortmund_Stuttgart,0,18,Jamie Leweling,VfB Stuttgart,11,2,3125208,3125410,4.04,-29.398889541625977,9.99976634979248,-4.632128715515137,10.867995262145996,24.781974563420587,6.697166239342326,6.120989436160428,0.03504186574474046,True,0.00040711885170263695,0.5295894666656582,0.5299965855173608,forward,0.11670264560055489,0.104225320565569,0.08882005911325418
Dortmund_Stuttgart,0,10,Chris Führich,VfB Stuttgart,11,2,3125253,3125407,3.08,-17.620691299438477,-3.7616665363311768,0.059842854738235474,0.28757619857788086,18.13829249690342,6.343684950151347,5.913618746235107,0.22513994153007266,True,0.030894616665973484,0.5640483642733554,0.5949429809393288,diagonal,0.4358990670651298,0.29696738116951577,0.11915428642009357
Dortmund_Stuttgart,0,28,Nikolas Nartey,VfB Stuttgart,11,2,3125293,3125410,2.34,-15.832290649414062,-19.489376068115234,-3.156409502029419,-27.53520965576172,15.013773708922141,7.219387038881569,6.408056447156447,-0.5655696157055582,True,0.027796677182898133,0.5069358470301798,0.5347325242130779,diagonal,-0.5466123188224743,0.2563855327746341,0.1588996716765094
Dortmund_Stuttgart,1,24,Daniel Svensson,Borussia Dortmund,4,2,3129020,3129074,1.08,23.247900009155273,-28.588823318481445,18.51728057861328,-25.563053131103516,5.61551826846343,5.3101049570760495,5.1741046348867545,2.572553381395439,False,0.0033137893808157237,0.5414971560837688,0.5448109454645845,diagonal,2.5078323532886,0.16458767612178854,0.10558466525414287
Dortmund_Stuttgart,1,3,Waldemar Anton,Borussia Dortmund,4,2,3129036,3129083,0.94,12.7236328125,9.622304916381836,8.595818519592285,6.369723796844482,5.255295879006631,5.985185824508944,5.548140392066791,-2.4742321429511103,False,0.025206092248642453,0.5940036898728394,0.6192097821214818,diagonal,-2.3719214973653777,0.12041353911473344,0.21353797987623116
Dortmund_Stuttgart,0,4,Josha Vagnoman,VfB Stuttgart,26,2,3129196,3129563,7.34,-4.486757278442383,14.590609550476074,34.64726257324219,22.469066619873047,39.91918831271965,7.777904798028564,6.021352373082704,0.19866437433506584,True,0.024355079794583068,0.5313036937742188,0.5556587735688019,diagonal,0.4605306862473772,0.15350161309621752,0.1217153797739185
Dortmund_Stuttgart,0,26,Deniz Undav,VfB Stuttgart,10,2,3129446,3129692,4.92,17.085315704345703,14.551280975341797,43.62672424316406,4.94917631149292,28.22493190780039,6.263708764766477,5.809058181826978,-0.3471289284519421,True,0.004817378566120023,0.44713759196439623,0.45195497053051625,diagonal,-0.45032484408526846,0.06827806290209137,0.14466946942067024
Dortmund_Stuttgart,0,16,Atakan Karazor,VfB Stuttgart,4,2,3129488,3129557,1.38,14.409856796264648,10.496538162231445,21.755067825317383,9.447285652160645,7.419774652319827,5.604656999377592,5.370173426178586,-0.14188860225708821,True,0.004405830708661407,0.5691132333962247,0.5735190641048861,forward,0.029266254484463475,0.1429131054158065,0.07753002640831043
Dortmund_Stuttgart,0,22,Lorenz Assignon,VfB Stuttgart,4,2,3129574,3129679,2.1,35.1489143371582,-11.208514213562012,44.11542510986328,-3.4008476734161377,11.889405882513628,6.124496905538014,5.658532932355653,0.7164227464672073,True,0.045152155764195956,0.5349219055173146,0.5800740612815105,diagonal,0.5975695669161047,0.009002087766898304,0.10806201941678915
Dortmund_Stuttgart,1,23,Emre Can,Borussia Dortmund,4,2,3131756,3131921,3.3,30.613975524902344,-5.389123916625977,17.128643035888672,7.052995204925537,18.34831110958514,5.8941347175830225,5.552612321862825,2.39640866041107,False,0.0037855065483998196,0.7441236431811814,0.7479091497295812,diagonal,2.3429436132467045,0.38085714403937965,0.11718013145665084
Dortmund_Stuttgart,1,3,Waldemar Anton,Borussia Dortmund,7,2,3131826,3131894,1.36,16.109376907348633,12.99059009552002,11.85969066619873,18.56357192993164,7.008420626282408,5.375776507852264,5.169861503877328,2.222282185632935,False,0.0008819590153940071,0.6307579120372732,0.6316398710526672,sideways,1.9294139484596495,0.3476660952341323,0.038497934188781655
Dortmund_Stuttgart,1,24,Daniel Svensson,Borussia Dortmund,7,2,3131845,3132053,4.16,12.698328971862793,-30.6734676361084,-9.554004669189453,-24.010690689086914,23.22840823471265,5.974253698182399,5.581074119434116,2.850668746631005,False,0.010862292505412485,0.5864960343362069,0.5973583268416194,forward,2.851165393001846,0.006952595183039695,0.2581636169650002
Dortmund_Stuttgart,1,27,Karim Adeyemi,Borussia Dortmund,3,2,3131977,3132087,2.2,-6.232566833496094,13.342133522033691,-9.637243270874023,24.206066131591797,11.384939762170745,5.5512722898900835,5.2533901943062755,1.8744942049733964,False,0.013866660166067746,0.534009151810286,0.5478758119763537,diagonal,2.265950882000921,0.34907759096391217,0.041030237766533965
Dortmund_Stuttgart,1,26,Julian Ryerson,Borussia Dortmund,23,2,3132343,3132399,1.12,-14.083247184753418,29.0889949798584,-19.9412899017334,30.81001853942871,6.1056192615129765,5.808559506328798,5.495224213951402,2.855844497868808,False,0.0183099335748117,0.46449221982193156,0.48280215339674326,diagonal,2.543246466261838,0.301074356290407,0.13452532165513165
Dortmund_Stuttgart,1,27,Karim Adeyemi,Borussia Dortmund,23,2,3132407,3132567,3.2,-9.503695487976074,26.54225730895996,-19.589876174926758,8.569881439208984,20.6091565876293,7.254553691293188,6.474792858242268,-2.0822012283016864,False,0.01116708250338716,0.49963526750601694,0.5108023500094041,sideways,-1.8576376706656208,0.47090164527026596,0.18426278671156496
Dortmund_Stuttgart,0,11,Bilal El Khannouss,VfB Stuttgart,24,2,3132849,3132990,2.82,-18.012985229492188,-4.7348713874816895,-2.3321142196655273,-8.839309692382812,16.209137220270602,6.271182666461698,5.7537427124953435,-0.256004777982533,True,0.00015707186523983285,0.5782291474023858,0.5783862192676257,forward,-0.13849634120666934,0.1251188142435689,0.16560271859157608
Dortmund_Stuttgart,1,4,Nico Schlotterbeck,Borussia Dortmund,24,2,3136760,3136902,2.84,-38.45177459716797,-24.449600219726562,-47.26973342895508,-12.46321964263916,14.88051468524763,5.894695347064876,5.469780759358881,2.205059634420812,False,0.0011084163203045616,0.3653172921952181,0.36642570851552264,diagonal,2.7143303485806536,0.6113860956858912,0.12031054856644113
Dortmund_Stuttgart,1,4,Nico Schlotterbeck,Borussia Dortmund,7,2,3140696,3140766,1.4,28.939823150634766,-17.242666244506836,35.19329071044922,-21.414138793945312,7.5171164519628455,5.628519482628782,5.370106367589988,-0.5882786775055754,False,0.0012700067809042759,0.6651103711758863,0.6663803779567906,sideways,-0.5316788684871042,0.46559497721951115,0.06326682912237604
Frankfurt_Bayern,0,7,Serge Gnabry,FC Bayern München,14,1,3332084,3332232,2.96,3.5702476501464844,-15.38173770904541,19.613666534423828,-19.252033233642578,16.503650412684575,5.990025906900267,5.582267470365128,-0.23671600616928692,True,0.04352039858719747,0.5610487240892269,0.6045691226764244,forward,-0.17691397928242128,0.23967009610623033,0.29758194364480134
Frankfurt_Bayern,0,9,Harry Kane,FC Bayern München,14,1,3332085,3332159,1.48,5.283233165740967,-18.815486907958984,12.778885841369629,-20.535871505737305,7.690548237800215,5.337607549764513,5.201088498392093,-0.22561022539486542,True,0.046424616825085585,0.5486585166680132,0.5950831334930988,forward,-0.1320824640258553,0.2430775837840497,0.2971390208954526
Frankfurt_Bayern,0,8,Leon Goretzka,FC Bayern München,14,1,3332116,3332177,1.22,5.912809371948242,-25.842443466186523,12.182361602783203,-23.236019134521484,6.789752055256744,5.908802758751687,5.571508954419432,0.39399048797430725,True,0.02301942051933603,0.5806580432992412,0.6036774638185772,diagonal,0.4766485260202991,0.34430517555381474,0.24435228585758476
Frankfurt_Bayern,0,17,Michael Olise,FC Bayern München,9,1,3332517,3332582,1.3,36.68886184692383,-18.75448989868164,43.25545120239258,-15.778018951416016,7.209679262163596,6.175972631736323,5.709330846157373,0.4255740982522659,True,0.02112284014256105,0.31205721211185616,0.3331800522544172,diagonal,0.9661562978127681,0.473536255572573,0.13346297062457382
Frankfurt_Bayern,0,14,Luis Díaz Marulanda,FC Bayern München,7,1,3332710,3332769,1.18,42.170379638671875,3.452704668045044,49.14561080932617,4.115338325500488,7.00663494468351,6.596790202281966,5.938532910982599,0.09471385576200704,True,0.013906763455278748,0.4122361265565979,0.42614289001187666,forward,0.382089843930081,0.02965340858203561,0.12425142915797628
Frankfurt_Bayern,1,9,Jonathan Burkardt,Eintracht Frankfurt,42,1,3335901,3336035,2.68,-3.3798000812530518,13.58626651763916,-17.91897201538086,17.706485748291016,15.11170827665632,6.097656555835367,5.666454955001241,2.865445516136787,False,0.03797716071399848,0.49769142397130295,0.5356685846853014,forward,3.049951864620949,0.26382455295407925,0.2921897891979462
Frankfurt_Bayern,1,20,Ritsu D&amp;#333;an,Eintracht Frankfurt,3,1,3336048,3336170,2.44,-14.072195053100586,18.232954025268555,-28.836761474609375,19.515979766845703,14.820208388166964,6.950709318348602,6.230203980394021,3.0549114264879376,False,0.02814597812814884,0.4592773726737717,0.48742335080192056,forward,-3.0607221360542844,0.3630534480833714,0.19435313110542507
Frankfurt_Bayern,1,15,Ellyes Skhiri,Eintracht Frankfurt,3,1,3336054,3336128,1.48,0.0838666632771492,4.467733383178711,-4.47398567199707,11.43956184387207,8.329490380299301,6.029313636711784,5.624919906886014,2.1498051930813165,False,0.00239185187639146,0.5234269278291009,0.5258187797054924,diagonal,2.286046833437628,0.28598477062659833,0.11081857583554884
Frankfurt_Bayern,1,16,Hugo Larsson,Eintracht Frankfurt,3,1,3336058,3336167,2.18,-3.2572617530822754,13.438190460205078,-13.170714378356934,19.375104904174805,11.555236737885615,5.5520028896390885,5.3004179632982895,2.6020011036573187,False,0.014580788364276231,0.6899399145444314,0.7045207029087076,diagonal,2.6517291156427105,0.29974293160312954,0.11179718759411986
Frankfurt_Bayern,1,9,Jonathan Burkardt,Eintracht Frankfurt,3,1,3336078,3336138,1.2,-21.511756896972656,19.176557540893555,-26.893390655517578,23.70441436767578,7.033027040680901,6.283924882385551,5.817577652195375,2.4421397486816594,False,0.002394945158664563,0.3985500409919835,0.40094498615064805,diagonal,2.601035382827181,0.4042610595904964,0.10967977608137244
Frankfurt_Bayern,1,19,Jean-Mattéo Bahoya Négoce,Eintracht Frankfurt,40,1,3337738,3337860,2.44,-1.8655238151550293,-27.54723358154297,-14.226943016052246,-19.203594207763672,14.913785658242194,6.846365246591869,6.129879490470997,2.5478606926630962,False,0.0002991547124492344,0.5850270672551167,0.5853262219675659,diagonal,2.383245905588601,0.1203071126061321,0.1826972543476807
Frankfurt_Bayern,1,15,Ellyes Skhiri,Eintracht Frankfurt,40,1,3337743,3337934,3.82,18.937143325805664,1.8424142599105835,-3.6248619556427,-7.348871231079102,24.36234412565797,7.057410632568456,6.470239817521283,-2.7547413626779744,False,0.0019525647299595272,0.4539046277292493,0.4558571924592088,forward,-3.009114268071351,0.19940394823260962,0.12214121439254418
Frankfurt_Bayern,1,3,Arthur Theate,Eintracht Frankfurt,40,1,3337746,3338021,5.5,40.200557708740234,-9.645299911499023,8.568604469299316,-6.6140666007995605,31.776860152099214,6.173156792371339,5.781366194393648,3.0460561741302206,False,0.00032004552699205213,0.6360825221251778,0.6364025676521698,forward,2.9916074548696185,0.05409329970958853,0.14494067418249035
Frankfurt_Bayern,1,9,Jonathan Burkardt,Eintracht Frankfurt,40,1,3337747,3337863,2.32,-4.018333435058594,0.6641142964363098,-15.442780494689941,-9.928871154785156,15.579773149443126,7.5866652409804365,6.729527070982707,-2.3939403397933527,False,0.014947722046772027,0.33097407887571123,0.34592180092248326,diagonal,-2.415697708372359,0.38413404956379704,0.11430486895729769
Frankfurt_Bayern,1,16,Hugo Larsson,Eintracht Frankfurt,40,1,3337749,3337961,4.24,24.571956634521484,8.156119346618652,1.2109285593032837,1.2444047927856445,24.3620489861752,6.414702508066579,5.794714386415092,-2.853933584373651,False,0.0006557537774546374,0.5479001628261619,0.5485559166036166,forward,-3.0925859940805456,0.141173865994805,0.12240685709341084
Frankfurt_Bayern,1,4,Robin Koch,Eintracht Frankfurt,40,1,3337776,3337935,3.18,32.50279998779297,20.13129997253418,18.46231460571289,10.428133010864258,17.06712274668601,5.634487433039294,5.360753469957956,-2.536875093581555,False,0.0006733142842878515,0.6162072507481328,0.6168805650324206,diagonal,-2.614729536621777,0.0477610219192991,0.14851417701785521
Frankfurt_Bayern,1,21,Nathaniel Brown,Eintracht Frankfurt,40,1,3337778,3337931,3.06,18.072582244873047,-20.56910514831543,-0.5230238437652588,-17.77715301513672,18.804030485982604,7.0400128232840595,6.1813244848608235,2.992565377428439,False,0.0012627164994795104,0.6290620197072172,0.6303247362066967,forward,2.7495427254755707,0.11058881335734104,0.16152490055741076
Frankfurt_Bayern,1,24,Aurélio Buta,Eintracht Frankfurt,40,1,3337795,3337868,1.46,13.796719551086426,26.886301040649414,8.142319679260254,21.96257209777832,7.497689284931346,5.263004366401554,5.126088174861673,-2.4251586900503117,False,0.0021838315569661093,0.5100434590332097,0.5122272905901758,diagonal,-2.473042801553218,0.059497429404877296,0.1159955597449061
Frankfurt_Bayern,1,42,Can Uzun,Eintracht Frankfurt,9,1,3338009,3338236,4.54,-13.002647399902344,-5.244543075561523,-33.3680534362793,11.992166519165039,26.68059071084142,6.924789271354719,5.975160772059591,2.4392086002323867,False,0.007531042612483163,0.5223635413886648,0.529894584001148,diagonal,2.538783145586262,0.5663902114035336,0.05126241055971039
Frankfurt_Bayern,1,9,Jonathan Burkardt,Eintracht Frankfurt,42,1,3338177,3338287,2.2,-19.280086517333984,3.6782047748565674,-31.217933654785156,3.2872238159179688,11.944248004265638,5.76952887249125,5.451045598107357,-3.1088529771030182,False,0.0028292849995270597,0.6501272612903125,0.6529565462898396,forward,2.8520438197998588,0.2983770898996861,0.06284464679277103
Frankfurt_Bayern,1,20,Ritsu D&amp;#333;an,Eintracht Frankfurt,42,1,3338202,3338254,1.04,-31.715356826782227,15.847199440002441,-37.2739143371582,16.73137664794922,5.628439475663724,5.812929915755537,5.403734573621198,2.9838482631084804,False,0.03686171995520193,0.5106028281773854,0.5474645481325874,forward,2.774990443956037,0.4744291738021097,0.06176617440148055
Frankfurt_Bayern,0,7,Serge Gnabry,FC Bayern München,2,1,3339077,3339171,1.88,-13.575114250183105,-14.967242240905762,-7.1755475997924805,-23.223899841308594,10.446379662020798,5.994888817631579,5.541492669475869,-0.9114365464400332,True,0.007658691068796242,0.6522806315103408,0.659939322579137,diagonal,-0.7323067976769472,0.3786310832185715,0.07338249133756435
Frankfurt_Bayern,0,4,Jonathan Tah,FC Bayern München,6,1,3339821,3339889,1.36,-16.97808074951172,-2.7085046768188477,-22.949628829956055,1.31710946559906,7.201732826250464,5.516093501263852,5.321235050012096,2.548439247448123,True,0.00039357784589877376,0.5925922965624673,0.592985874408366,sideways,2.7440672720066526,0.4109917886749948,0.03077398302734148
Frankfurt_Bayern,1,9,Jonathan Burkardt,Eintracht Frankfurt,40,1,3341106,3341263,3.14,-4.470014572143555,-6.842700004577637,-14.098871231079102,10.654861450195312,19.9719687918313,7.114248685538847,6.404994356287538,2.073867579668331,False,0.005004801757843791,0.36826892351304136,0.37327372527088515,diagonal,2.257982326527461,0.29662141632886607,0.09340597295628318
Frankfurt_Bayern,1,20,Ritsu D&amp;#333;an,Eintracht Frankfurt,40,1,3341121,3341300,3.58,9.21446704864502,9.622085571289062,-13.614095687866211,9.951909065246582,22.830945231242517,7.810243706086242,6.396241578359769,3.12714581558688,False,-0.0007352174734878147,0.4693673196227481,0.46863210214926027,forward,-3.023575096092789,0.3841900495861193,0.08354168784379284
Frankfurt_Bayern,1,24,Aurélio Buta,Eintracht Frankfurt,40,1,3341127,3341406,5.58,28.850751876831055,31.26531410217285,-2.9534285068511963,24.295114517211914,32.55901675622267,6.883554225194422,5.908062484521134,-2.9258438482494653,False,0.00026863908923024926,0.6243020910287786,0.6245707301180089,forward,-2.834410023899555,0.10222138938328246,0.148291357200388
Frankfurt_Bayern,1,42,Can Uzun,Eintracht Frankfurt,40,1,3341237,3341336,1.98,0.08088095486164093,8.045323371887207,-9.659566879272461,14.96591854095459,11.948680324772544,6.7171839186976765,6.034133812991588,2.5238539391809267,False,0.009437370998922556,0.46589221327008656,0.4753295842690091,diagonal,2.5557599908899746,0.3579530139737978,0.05610450793642621
Frankfurt_Bayern,0,14,Luis Díaz Marulanda,FC Bayern München,27,1,3341482,3341655,3.46,-5.358014106750488,28.72935676574707,15.737852096557617,29.68826675415039,21.117648525196568,7.231847014004087,6.394980503830583,0.04542360957023488,True,0.0012850650671884511,0.40467522413523943,0.4059602892024279,diagonal,0.9124798592162155,0.44200090481093335,0.06316331665414719
Frankfurt_Bayern,1,3,Arthur Theate,Eintracht Frankfurt,24,1,3341651,3341788,2.74,17.66385269165039,6.552766799926758,30.945775985717773,0.11453333497047424,14.760092700886833,5.615256332059688,5.3986974691660015,-0.4513624449920831,False,0.0007950969831933552,0.6690916337106014,0.6698867306937948,sideways,-0.24978477443006755,0.36739256023725875,0.020987322697592514
Frankfurt_Bayern,1,40,Kauã Morais Vieira dos Santos,Eintracht Frankfurt,3,1,3341945,3341998,1.06,44.74386215209961,14.39461898803711,47.749420166015625,9.427000045776367,5.806084474973002,5.701522826475352,5.452897164349184,-1.0266865731187658,False,0.0008741279398262192,0.6666723997698252,0.6675465277096514,sideways,-0.9224651260140901,0.22766873199078208,0.09897926359167278
Frankfurt_Bayern,1,16,Hugo Larsson,Eintracht Frankfurt,40,1,3342202,3342368,3.32,15.236233711242676,16.48560905456543,-2.395428419113159,12.358257293701172,18.10830036300849,5.924410198625589,5.546397827161451,-2.911645610429978,False,0.005854044242775802,0.4830547624860155,0.4889088067287913,forward,3.133907632667355,0.41134847761534227,0.08958287143154225
Frankfurt_Bayern,1,20,Ritsu D&amp;#333;an,Eintracht Frankfurt,40,1,3342204,3342315,2.22,-4.089890480041504,23.48639488220215,-14.33971881866455,16.796403884887695,12.239892177441291,5.82147053358123,5.519242640416812,-2.56332663052182,False,0.011145537591409682,0.43970529746043396,0.45085083505184365,diagonal,-2.6201529494346776,0.2500504896502347,0.1466776154991444
Frankfurt_Bayern,1,15,Ellyes Skhiri,Eintracht Frankfurt,40,1,3342211,3342396,3.7,26.54692840576172,10.635485649108887,4.9669904708862305,6.874719142913818,21.905183998021947,6.428639876974793,5.919043844658894,-2.969054001204855,False,0.0006535881708205626,0.445315335931202,0.44596892410202255,forward,-3.0861287059116194,0.18766059411372193,0.10417317439006775
Frankfurt_Bayern,0,6,Joshua Kimmich,FC Bayern München,4,1,3343846,3343971,2.5,-7.818314552307129,-5.044099807739258,-17.077308654785156,-14.615142822265625,13.316675117146804,5.635627784205137,5.3787295500913395,-2.3396241377737184,True,0.005259664976122624,0.5746874932709232,0.5799471582470458,sideways,-2.0897426489630946,0.3007937828936917,0.06605865732022904
Frankfurt_Bayern,0,2,Dayotchanculle Upamecano,FC Bayern München,4,1,3343899,3343977,1.56,-27.397966384887695,-0.19024285674095154,-33.11886215209961,-6.2671427726745605,8.346098547679455,5.607511447454685,5.356924550328357,-2.3260281639612397,True,-0.0003437529503715897,0.6288516477799765,0.6285078948296049,sideways,-2.5610504705884343,0.5418593145589838,0.012795950025268411
Frankfurt_Bayern,0,9,Harry Kane,FC Bayern München,4,1,3344083,3344250,3.34,-5.9731903076171875,17.360366821289062,-21.127105712890625,27.545795440673828,18.25880905948594,6.109299374578078,5.533772266442104,2.549816025395392,True,0.0014334719811863739,0.5395961908828114,0.5410296628639978,sideways,2.768389483388106,0.18786794169665189,0.09409197804984441
Frankfurt_Bayern,0,9,Harry Kane,FC Bayern München,2,1,3344580,3344764,3.68,-17.094228744506836,17.831523895263672,1.3209476470947266,11.391209602355957,19.508879253438188,5.522837388904371,5.3004362614310505,-0.33643303822601556,True,0.0005102190325288469,0.4541994289228345,0.45470964795536334,forward,-0.34357724150791147,0.13027735120081546,0.10036798766830263
Frankfurt_Bayern,0,6,Joshua Kimmich,FC Bayern München,2,1,3344593,3344855,5.24,-25.71629524230957,-17.97206687927246,-1.4463762044906616,-29.811939239501953,27.003917264145418,5.916351780006879,5.523610171662269,-0.4538735388805424,True,0.013388802516099862,0.6269236191756727,0.6403124216917726,forward,-0.3862455000453135,0.34036736299610076,0.07990370027907087
Frankfurt_Bayern,0,4,Jonathan Tah,FC Bayern München,2,1,3344594,3344652,1.16,-31.42571449279785,16.56678009033203,-27.134033203125,12.47514820098877,5.929585129671278,5.209551064977862,5.103735901152772,-0.761539882380538,True,0.002525750127730375,0.3955251121825747,0.39805086231030506,diagonal,-0.8058130566878792,0.073090331207495,0.06637682174517379
Frankfurt_Bayern,0,23,Sacha Boey,FC Bayern München,2,1,3344652,3344770,2.36,-9.668561935424805,-29.778423309326172,2.9138572216033936,-28.224390029907227,12.678023949996774,5.917357970790836,5.39497609945343,0.12288598135039046,True,0.007186450286321144,0.6288530080563515,0.6360394583426726,forward,0.10889121818931466,0.3675575480355645,0.11867940709874401
Frankfurt_Bayern,1,20,Ritsu D&amp;#333;an,Eintracht Frankfurt,24,1,3345323,3345505,3.64,-9.576743125915527,9.466928482055664,-32.84684753417969,12.047986030578613,23.412808828508858,7.9518321814620005,6.457306994918657,3.0311268672006904,False,0.014651365767999025,0.37614584557480946,0.3907972113428085,forward,2.906156113260887,0.37971417218785697,0.08888284128892082
Frankfurt_Bayern,1,9,Jonathan Burkardt,Eintracht Frankfurt,24,1,3345449,3345531,1.64,-24.330232620239258,4.252390384674072,-32.876834869384766,5.568780899047852,8.647386541113582,5.519866359986873,5.270109364958454,2.9887686071430313,False,0.0038037106001273524,0.3496677630592861,0.35347147365941345,forward,2.9469977040128796,0.25018931355594093,0.041348895475686015
Frankfurt_Bayern,1,21,Nathaniel Brown,Eintracht Frankfurt,3,1,3347182,3347315,2.66,-17.620895385742188,-16.697128295898438,-26.889799118041992,-28.339067459106445,14.881106271997307,6.268138858881992,5.6638787313253625,-2.2431944358876583,False,-0.0014948396200497593,0.47627123137830113,0.47477639175825137,diagonal,-2.534499680545459,0.4054468067524034,0.06726006289187438
Frankfurt_Bayern,1,42,Can Uzun,Eintracht Frankfurt,19,1,3350688,3350812,2.48,-45.766624450683594,-30.887842178344727,-34.56169509887695,-21.617576599121094,14.542636132707043,6.594128486841423,5.894164070647133,0.6911896903195008,False,-0.014319749300191975,0.6386207993348678,0.6243010500346758,sideways,0.5497148615921303,0.3081193842347186,0.21172371653740765
Frankfurt_Bayern,0,7,Serge Gnabry,FC Bayern München,6,1,3352482,3352591,2.18,-5.689195156097412,-6.567752361297607,8.2221097946167,-9.35758113861084,14.188289186455426,7.513522163375973,6.521949702511742,-0.1979185845851296,True,0.041181637987085074,0.42173310914970047,0.46291474713678554,diagonal,-0.48184217563455656,0.15632144953805274,0.1911863762203483
Frankfurt_Bayern,0,23,Sacha Boey,FC Bayern München,1,1,3353606,3353658,1.04,-29.386104583740234,-26.493661880493164,-33.59457778930664,-30.67811393737793,5.934718673900013,6.095686945916034,5.693641999758464,-2.3590565534589008,True,-0.00016795402742719734,0.5919504585448793,0.5917825045174521,sideways,-2.3059820076813216,0.4937359896163557,0.020920856727738957
Frankfurt_Bayern,0,27,Konrad Laimer,FC Bayern München,6,1,3354139,3354245,2.12,-11.054276466369629,19.674076080322266,1.2141714096069336,14.63778018951416,13.261941395788343,7.1013921382582135,6.240491664698843,-0.38953204010639425,True,0.00798171736524489,0.496664839606908,0.5046465569721529,forward,-0.1106805349575152,0.1752313835467685,0.24216552769475994
Frankfurt_Bayern,0,7,Serge Gnabry,FC Bayern München,17,1,3354441,3354536,1.9,9.674861907958984,-20.701738357543945,19.158771514892578,-26.470624923706055,11.100657351964927,6.641069210165104,5.84457932679657,-0.5464865819881893,True,0.0022088627321412146,0.44041281758959067,0.4426216803217319,diagonal,-0.49700633074138845,0.438082769768905,0.05414116459390906
Frankfurt_Bayern,1,16,Hugo Larsson,Eintracht Frankfurt,3,1,3355465,3355571,2.12,35.00508117675781,-14.95026683807373,45.422218322753906,-6.890471458435059,13.171068592947822,7.1085452991494,6.227844200742009,0.658500759189441,False,0.0058387924092955235,0.6203665772675431,0.6262053696768386,sideways,0.9991049262013727,0.37531744979817305,0.042511543953872404
Frankfurt_Bayern,1,24,Aurélio Buta,Eintracht Frankfurt,3,1,3355476,3355607,2.62,32.315895080566406,7.303352355957031,46.874996185302734,0.4901333153247833,16.074432452611457,6.759747226821232,6.2272601608656935,-0.43769668320509103,False,0.00018016896625466794,0.44379856220307534,0.44397873116933,sideways,-0.47847661602295954,0.20370474359658616,0.2011777598938651
Frankfurt_Bayern,1,15,Ellyes Skhiri,Eintracht Frankfurt,3,1,3355508,3355595,1.74,31.89869499206543,-21.745243072509766,36.367794036865234,-13.627276420593262,9.266834887590205,5.603718636853605,5.326254040565561,1.067554345298195,False,0.003187607878266774,0.5239475433735702,0.527135151251837,sideways,1.0272559815731812,0.25309460259306293,0.04534852652784524
Frankfurt_Bayern,0,14,Luis Díaz Marulanda,FC Bayern München,6,1,3355928,3356048,2.4,37.0226936340332,11.48499584197998,49.4201545715332,7.922576427459717,12.899142211084785,7.454695612659508,6.321290813533077,-0.27981194051223657,True,0.06314289159385056,0.47362931114082263,0.5367722027346732,diagonal,-1.1235684904580554,0.1728698762971268,0.26692419916723176
Frankfurt_Bayern,1,4,Robin Koch,Eintracht Frankfurt,40,1,3357995,3358154,3.18,37.141719818115234,15.649975776672363,21.495695114135742,7.635014057159424,17.57946814903097,5.797119253767846,5.522525882807486,-2.668178681838389,False,0.001359678487683258,0.6082668269601484,0.6096265054478317,diagonal,-2.640305260996191,0.16027439665437268,0.1654026374908586
Frankfurt_Bayern,1,3,Arthur Theate,Eintracht Frankfurt,40,1,3357998,3358176,3.56,40.820064544677734,-13.327718734741211,21.200624465942383,-10.513813972473145,19.820204060861784,6.064438304935361,5.58921748469535,2.999139814060311,False,0.00029658646261054855,0.6408287098824096,0.6411252963450201,forward,2.8052835433144208,0.1301637738390011,0.1604654862203427
Frankfurt_Bayern,1,24,Aurélio Buta,Eintracht Frankfurt,40,1,3358001,3358124,2.46,24.451309204101562,26.23303985595703,14.002457618713379,18.392372131347656,13.063482300719066,5.520781187955144,5.299591111004749,-2.4978448090170975,False,0.000464973915319411,0.6224725084120192,0.6229374823273386,diagonal,-2.519114138473606,0.16364835912935022,0.14638808881800988
Frankfurt_Bayern,1,21,Nathaniel Brown,Eintracht Frankfurt,40,1,3358005,3358165,3.2,27.43369483947754,-23.06317138671875,9.56760025024414,-18.232872009277344,18.507542461038575,6.2059650914714215,5.790427033455077,2.8775441605265013,False,0.00030243449285449753,0.6335171294879941,0.6338195639808486,diagonal,2.6551923867211626,0.13721010399707056,0.17548889481634755
Frankfurt_Bayern,1,16,Hugo Larsson,Eintracht Frankfurt,40,1,3358016,3358151,2.7,20.65157127380371,9.074600219726562,7.4543046951293945,2.077847719192505,14.937281904761779,5.99789121032935,5.570559715092026,-2.6541038674706408,False,0.006518011659641831,0.5587988170178874,0.5653168286775292,forward,-2.939670550185228,0.24218603625422652,0.12169912387662524
Frankfurt_Bayern,1,9,Jonathan Burkardt,Eintracht Frankfurt,20,1,3358410,3358549,2.78,-15.849980354309082,-5.1098952293396,-31.14838218688965,-11.861442565917969,16.721976260871887,6.551706555619697,6.024803697639798,-2.725977320396262,False,0.02307332569778131,0.34634909735660885,0.36942242305439016,forward,-3.075761073037114,0.5887586265021428,0.05253588086321421
Frankfurt_Bayern,1,19,Jean-Mattéo Bahoya Négoce,Eintracht Frankfurt,20,1,3358441,3358602,3.22,-10.547009468078613,-14.394009590148926,-23.639694213867188,-25.52819061279297,17.186866523529282,6.610809103099043,5.999512972912422,-2.436859237874262,False,0.021159663824557695,0.6663832470591781,0.6875429108837358,forward,-3.11233465532399,0.17937731826502867,0.06559196692271188
Frankfurt_Bayern,1,42,Can Uzun,Eintracht Frankfurt,20,1,3358451,3358651,4.0,-12.2842378616333,-19.98273277282715,-33.59996795654297,-29.930376052856445,23.522668987717992,7.488827911033143,6.5914449053988875,-2.7049538376588536,False,0.010855188215009193,0.5976655283195781,0.6085207165345873,forward,2.963941675772146,0.15930906338484066,0.07620880083684557
Frankfurt_Bayern,1,20,Ritsu D&amp;#333;an,Eintracht Frankfurt,9,1,3358723,3358842,2.38,-21.030166625976562,-0.38632380962371826,-36.287872314453125,-3.8491904735565186,15.645735150779817,7.425879713044891,6.588202981907776,-2.9184148248439703,False,0.001995119319982086,0.5371331900807181,0.5391283094007002,forward,-3.0012765177648464,0.16857231437952244,0.12174230684411506
Frankfurt_Bayern,1,16,Hugo Larsson,Eintracht Frankfurt,9,1,3358774,3358987,4.26,-19.667993545532227,-9.767685890197754,-39.15095138549805,13.145214080810547,30.076346707592627,8.753326382810968,7.214364448606111,2.275467544817421,False,0.01863006023434155,0.6773691495728118,0.6959992098071534,diagonal,2.48522268512941,0.2205579901054098,0.13136179262751996
Frankfurt_Bayern,1,24,Aurélio Buta,Eintracht Frankfurt,9,1,3358784,3358883,1.98,-7.924466609954834,11.675429344177246,-19.07410430908203,11.92904281616211,11.152521715512176,5.853605751409887,5.610434762278076,3.1188502333549253,False,0.0004757196937790753,0.4670238241538897,0.4674995438476688,forward,-3.1375954599743148,0.09402495327563583,0.17323260771925578
Frankfurt_Bayern,0,14,Luis Díaz Marulanda,FC Bayern München,9,1,3359616,3359799,3.66,-13.32610034942627,29.035186767578125,5.525461673736572,22.027570724487305,20.111888855116003,6.294823796420861,5.587080302535017,-0.3558972429916076,True,0.017878042927378768,0.4483479750637028,0.46622601799108154,forward,-0.086819052996072,0.22449733616631287,0.22692465327738098
Frankfurt_Bayern,0,8,Leon Goretzka,FC Bayern München,7,1,3359703,3359806,2.06,-11.457023620605469,15.143342971801758,-1.2603857517242432,12.177480697631836,10.619216678194633,5.309205625172032,5.1558340325779835,-0.28305668939379336,True,0.026301741405914902,0.4636527555586582,0.4899544969645731,diagonal,-0.39298282415397123,0.2143446915090296,0.081391463512519
Frankfurt_Bayern,0,23,Sacha Boey,FC Bayern München,7,1,3359703,3360146,8.86,-26.631420135498047,-10.454809188842773,33.13595199584961,-14.374890327453613,59.89579123461251,7.873578683462007,6.91246635339718,-0.06549517201644997,True,0.0016174822113010912,0.7029622862113276,0.7045797684226287,forward,-0.061208776943010246,0.1499267379944892,0.1061870997751419
Frankfurt_Bayern,0,6,Joshua Kimmich,FC Bayern München,7,1,3359731,3360201,9.4,-34.00193786621094,15.463823318481445,10.51938533782959,-9.872852325439453,51.22592461365526,6.1390883607000335,5.508915123624903,-0.5173820230333284,True,0.001683469150199124,0.725410880147174,0.7270943492973732,forward,-0.35387676353923975,0.08190004287440676,0.07950288214168648
Frankfurt_Bayern,0,9,Harry Kane,FC Bayern München,7,1,3359772,3360060,5.76,-24.58963394165039,9.384033203125,6.326361656188965,4.341719150543213,31.32449065524428,5.86535736785299,5.466485398579395,-0.16167374003847598,True,0.004322801203169302,0.6637966948948368,0.6681194960980061,forward,-0.3809576951519041,0.04147968738603324,0.10791913460454529
Frankfurt_Bayern,0,14,Luis Díaz Marulanda,FC Bayern München,7,1,3359852,3360028,3.52,9.675566673278809,19.036081314086914,24.013347625732422,5.953918933868408,19.409145658244363,5.742859325440903,5.512355868153159,-0.7396379656218478,True,0.0030377908712855284,0.4888935228165674,0.4919313136878529,diagonal,-0.6683748708352594,0.001646850400292304,0.031179999502689792
Frankfurt_Bayern,0,8,Leon Goretzka,FC Bayern München,1,1,3360773,3360828,1.1,9.239913940429688,5.692304611206055,4.444090366363525,2.7811191082000732,5.610251757851953,5.258995463585606,5.0916171964503105,-2.5960236109173396,True,0.002884779526006964,0.49911501207603226,0.5019997916020392,sideways,-2.608185435821367,0.2208556779408651,0.04073510956505316
Frankfurt_Bayern,0,9,Harry Kane,FC Bayern München,17,1,3361187,3361301,2.28,24.700651168823242,4.901514053344727,36.10258483886719,-1.5296095609664917,13.090586020443592,6.490124456656248,5.753787717660561,-0.5135570082434479,True,0.0135800805469381,0.38089947532282276,0.39447955586976086,diagonal,-0.6278360689672285,0.08134863018560896,0.22001109985122758
Frankfurt_Bayern,1,16,Hugo Larsson,Eintracht Frankfurt,40,1,3363209,3363315,2.12,19.907133102416992,9.398533821105957,9.350428581237793,13.27638053894043,11.246408560714169,6.514250985229342,5.831849130352355,2.7895588867463417,False,0.008617116311940398,0.6324836373172443,0.6411007536291847,diagonal,-2.6507763914386446,0.43010145906089237,0.10586423471788503
Frankfurt_Bayern,0,17,Michael Olise,FC Bayern München,14,1,3363469,3363618,2.98,16.787200927734375,-3.4718856811523438,36.023643493652344,-3.878009557723999,19.240729175241313,7.120204861759359,6.4553599706527365,-0.02110907728303732,True,0.016391126164062186,0.4810122946802884,0.4974034208443506,forward,-0.08236154612965463,0.10384138089110286,0.12148850919012978
Frankfurt_Bayern,0,6,Joshua Kimmich,FC Bayern München,14,1,3363490,3363646,3.12,4.775018692016602,7.729147911071777,24.14129066467285,3.2594141960144043,19.87538703025457,7.030458833904431,6.366870079451659,-0.22682797033890273,True,0.0064088464263628575,0.7116078892747257,0.7180167357010886,forward,-0.20086092736182642,0.026560978377855374,0.12260650784620766
Frankfurt_Bayern,0,27,Konrad Laimer,FC Bayern München,14,1,3363509,3363802,5.86,7.427571773529053,25.417417526245117,44.563995361328125,13.687286376953125,38.944960311599104,8.065718158355853,6.80034108531495,-0.30594839743363644,True,-0.0007728134980578005,0.42174119597052706,0.42096838247246926,forward,-0.07088751897660847,0.06048012067245461,0.059250993881680376
Frankfurt_Bayern,0,9,Harry Kane,FC Bayern München,14,1,3363515,3363665,3.0,14.708585739135742,17.483251571655273,30.78124237060547,11.858695030212402,17.028385932936086,6.244841880157939,5.689126887439202,-0.3366264147860443,True,0.007945198331728909,0.5117234783269539,0.5196686766586828,forward,-0.36634860279839987,0.28692385616113386,0.0817320125430613
Frankfurt_Bayern,1,9,Jonathan Burkardt,Eintracht Frankfurt,15,1,3363975,3364134,3.18,13.761804580688477,6.660066604614258,9.518304824829102,-9.420633316040039,16.631181561034975,5.459150276844425,5.242341925944737,-1.8288025059720345,False,0.010479568355080349,0.33733479108253117,0.3478143594376115,sideways,-1.6652810811388483,0.10934313249509214,0.19230526916032745
Frankfurt_Bayern,1,42,Can Uzun,Eintracht Frankfurt,21,1,3364118,3364397,5.58,21.60586166381836,-4.8224334716796875,-6.662580966949463,-24.276914596557617,34.31591007983386,8.12045848981195,6.402284707205454,-2.538826796683187,False,0.0051393457168325,0.5169682106350696,0.5221075563519021,diagonal,-2.1164073156277476,0.22943731036677165,0.04905082418128772
Frankfurt_Bayern,1,9,Jonathan Burkardt,Eintracht Frankfurt,40,1,3365599,3365716,2.34,-3.144723892211914,1.5053094625473022,-7.68914270401001,15.688304901123047,14.893256928814624,7.382909357636448,6.3885196421116355,1.8808740358498517,False,0.0017245488259353126,0.42617723315915385,0.42790178198508916,diagonal,1.9915582269415906,0.09662156253754804,0.13773973655067942
Frankfurt_Bayern,1,15,Ellyes Skhiri,Eintracht Frankfurt,40,1,3365615,3365724,2.18,37.407997131347656,1.27054762840271,27.03565216064453,5.585433483123779,11.234045581647885,5.387290970014565,5.162247876866165,2.7473705090081038,False,0.002505491798467263,0.5869918604765569,0.5894973522750242,forward,2.875412776108915,0.02901113937673261,0.10632819255341343
Frankfurt_Bayern,0,17,Michael Olise,FC Bayern München,6,1,3367763,3367811,0.96,17.91228485107422,-13.203348159790039,23.27342414855957,-11.449767112731934,5.6406436738765136,6.58159613933571,5.8330380511788755,0.3161220797594584,True,0.028502392116998898,0.39422145557954535,0.42272384769654425,forward,0.29850337826679685,0.29000607795647904,0.25779856249790767
Frankfurt_Bayern,0,17,Michael Olise,FC Bayern München,2,1,3368012,3368067,1.1,15.908571243286133,-19.683666229248047,11.256091117858887,-23.054733276367188,5.7454037589770905,5.44794534735056,5.2245038631477305,-2.5145636190286242,True,0.003768044385981051,0.4739506421910463,0.4777186865770274,sideways,-2.3514347504629383,0.3011985991684914,0.022084409455913737
Frankfurt_Bayern,0,8,Leon Goretzka,FC Bayern München,23,1,3368177,3368259,1.64,-4.517299652099609,9.852828025817871,-13.241951942443848,9.350595474243164,8.739095784076875,5.611071217953778,5.332376884235245,-3.0840913474565417,True,0.0004432595435670539,0.595528703656344,0.5959719631999111,sideways,-2.9068778129276875,0.24431798021954051,0.034514296848325327
Frankfurt_Bayern,0,2,Dayotchanculle Upamecano,FC Bayern München,23,1,3368181,3368229,0.96,-11.549962043762207,-27.268585205078125,-16.002670288085938,-23.71912384033203,5.694320564289801,6.199600933678517,5.855847114563831,2.468593995329325,True,-0.0008626174342304394,0.5399845517758247,0.5391219343415943,sideways,2.470678020866261,0.20341930855716003,0.06681808227463694
Frankfurt_Bayern,0,8,Leon Goretzka,FC Bayern München,2,1,3370334,3370398,1.28,-25.381258010864258,7.632980823516846,-32.39179229736328,8.907918930053711,7.125521606007393,5.994065275736757,5.554113300510689,2.9616983508328243,True,0.0002248366289598902,0.6166988960092825,0.6169237326382424,sideways,3.10278410821325,0.08191363942479075,0.06482973622826828
Frankfurt_Bayern,0,6,Joshua Kimmich,FC Bayern München,1,1,3370519,3370584,1.3,-18.372371673583984,-17.891937255859375,-11.413504600524902,-18.924972534179688,7.035125643992451,5.728949343306348,5.404277707380609,-0.14737251101921264,True,0.0036077468500814724,0.6277796265399891,0.6313873733900706,forward,-0.12101818892840305,0.2715942439650457,0.09132431873086899
Frankfurt_Bayern,0,2,Dayotchanculle Upamecano,FC Bayern München,1,1,3370575,3370657,1.64,-30.26814842224121,-24.176599502563477,-22.062185287475586,-22.131643295288086,8.456930699657331,5.29960159995585,5.143063642108162,0.24422904472268334,True,0.001765136739909412,0.5400202253297169,0.5417853620696264,forward,0.3074727072313358,0.16277556348393868,0.15547391509935193
Frankfurt_Bayern,1,20,Ritsu D&amp;#333;an,Eintracht Frankfurt,4,1,3371666,3371861,3.9,-19.10012435913086,28.07063865661621,-45.851318359375,21.081832885742188,27.649046756474267,8.433369270185409,7.110508150496928,-2.886052129933352,False,0.00369302447001596,0.5090286205586748,0.5127216450286908,forward,-2.810726222080288,0.07600856984746202,0.3639396458662485
Frankfurt_Bayern,1,42,Can Uzun,Eintracht Frankfurt,4,1,3371732,3371815,1.66,-16.50067710876465,9.117166519165039,-22.39084243774414,15.033509254455566,8.34848243479838,5.2659055797457865,5.117739795780378,2.3539772924169506,False,0.0038294738790971006,0.41432556535022125,0.41815503922931835,diagonal,2.022526016300892,0.29702976449015206,0.057374678790361976
Frankfurt_Bayern,1,24,Aurélio Buta,Eintracht Frankfurt,4,1,3371759,3371958,3.98,1.7631809711456299,24.36669158935547,-19.596281051635742,22.765514373779297,21.4193927639959,5.591527329433515,5.416799398870985,-3.0667692329047624,False,0.0007456521617568157,0.5639848632919535,0.5647305154537103,forward,3.079903052583235,0.05657895297673983,0.084625741438336
Frankfurt_Bayern,1,9,Jonathan Burkardt,Eintracht Frankfurt,4,1,3371778,3371910,2.64,-22.693681716918945,1.389119029045105,-36.99049377441406,-1.774742841720581,14.642706612666345,6.157475777980897,5.605662840770831,-2.9238042121564476,False,0.009547878798781939,0.3478826330958928,0.35743051189467473,forward,-2.9762781874743123,0.1527813507722148,0.08870395690729692
Frankfurt_Bayern,0,9,Harry Kane,FC Bayern München,1,1,3383121,3383172,1.02,15.97775650024414,23.28592300415039,13.685624122619629,18.001476287841797,5.760143048055254,6.144088274164779,5.6332467032420475,-1.9800554732187865,True,0.011263873318809625,0.43006180383976117,0.4413256771585708,sideways,-1.9775388169529664,0.2997414802740667,0.18813956772473117
Frankfurt_Bayern,1,9,Jonathan Burkardt,Eintracht Frankfurt,4,1,3384158,3384558,8.0,-8.918971061706543,24.78352928161621,-42.79322814941406,8.223037719726562,37.70563849102043,7.269263843801122,6.308788528258671,-2.6868794865748327,False,0.009473558446066788,0.5139651513227098,0.5234387097687766,forward,3.1236046663062442,0.29058743029055273,0.0349295318325407
Frankfurt_Bayern,1,16,Hugo Larsson,Eintracht Frankfurt,4,1,3384196,3384249,1.06,4.458133220672607,23.902009963989258,-0.8961714506149292,23.025903701782227,5.4255083352299724,5.272945044569546,5.125885076474852,-2.9794034031001937,False,0.001700759890384096,0.565476249099675,0.5671770089900591,forward,-3.0206123877702087,0.08780678952843765,0.03409396385465069
Frankfurt_Bayern,1,42,Can Uzun,Eintracht Frankfurt,4,1,3384238,3384592,7.08,-7.121790409088135,15.832895278930664,-36.861228942871094,-7.913266658782959,38.056726226473735,6.634925106451698,6.046629513798922,-2.4677830256593354,False,0.00180548401454389,0.4799829763376269,0.48178846035217077,diagonal,-2.7345446672731164,0.06972987089986468,0.05111079148668943
Frankfurt_Bayern,0,8,Leon Goretzka,FC Bayern München,4,1,3384397,3384487,1.8,-15.454280853271484,17.482681274414062,-25.332477569580078,15.183257102966309,10.142293719190352,6.027647374872281,5.62866165646632,-2.9128877042766383,True,0.0005748504311224312,0.4185914220635413,0.4191662724946637,sideways,-2.9059670968657785,0.3237327438454845,0.022721420883574234
Frankfurt_Bayern,0,23,Sacha Boey,FC Bayern München,1,1,3384626,3384736,2.2,-16.89266586303711,-30.900196075439453,-4.50139045715332,-31.371814727783203,12.400247188572452,6.697442134339023,5.860368273383228,-0.038042179271135956,True,0.001007509170689147,0.4956058606149393,0.4966133697856284,diagonal,-0.45825226054132245,0.4466440343831471,0.06011105251242899
Frankfurt_Bayern,0,27,Konrad Laimer,FC Bayern München,4,1,3385616,3385710,1.88,5.687290668487549,29.232547760009766,15.06405258178711,23.047224044799805,11.233071416164147,6.655305731576969,5.982565662949073,-0.583124910645557,True,0.038246903359637985,0.5341855468377055,0.5724324501973435,diagonal,-0.40732756268761255,0.44705995712231844,0.2086656772288231
Frankfurt_Bayern,0,14,Luis Díaz Marulanda,FC Bayern München,4,1,3385641,3385718,1.54,14.961228370666504,9.929585456848145,24.370573043823242,11.9832763671875,9.630857362326243,7.006396704660307,6.21804798722544,0.21489077321183164,True,0.003325693852716638,0.35144222378308027,0.3547679176357969,forward,0.2340154709179764,0.24177582683526297,0.14652443244045638
Frankfurt_Bayern,1,16,Hugo Larsson,Eintracht Frankfurt,4,1,3386434,3386523,1.78,25.811277389526367,14.163071632385254,32.035301208496094,22.231672286987305,10.190230077017258,6.423866643170623,5.89168421434199,0.9137466636301472,False,0.0009574247321517682,0.5061274617343215,0.5070848864664733,sideways,0.9740942029591508,0.3304428221542606,0.015262320596702118
Frankfurt_Bayern,1,15,Ellyes Skhiri,Eintracht Frankfurt,4,1,3386458,3386535,1.54,21.51677703857422,4.376009464263916,22.806562423706055,12.893471717834473,8.614563806757653,6.2057232560322335,5.674411498986146,1.4205097385166996,False,0.0002115888983326708,0.4339629186015719,0.43417450749990455,sideways,1.1883073440839056,0.1764986085345155,0.026686324749727687
Frankfurt_Bayern,1,20,Ritsu D&amp;#333;an,Eintracht Frankfurt,4,1,3386635,3386769,2.68,13.394257545471191,28.0341854095459,12.65417194366455,11.470471382141113,16.58023971719491,6.950205515726879,6.224781743745545,-1.6154477670675014,False,0.008272747663571112,0.5347400430288084,0.5430127906923795,sideways,-1.6170976230468126,0.41239595979554317,0.15992623589362462
Frankfurt_Bayern,1,24,Aurélio Buta,Eintracht Frankfurt,4,1,3386638,3387087,8.98,28.208051681518555,29.231637954711914,-34.64458084106445,25.930171966552734,62.93928099914894,8.574942389195009,7.170871263151839,-3.0891137912210094,False,0.00630224276608915,0.5048580218441292,0.5111602646102184,diagonal,-2.6686201144847344,0.27265640016694015,0.1497088457639115
Frankfurt_Bayern,1,15,Ellyes Skhiri,Eintracht Frankfurt,4,1,3386676,3386744,1.36,22.264875411987305,15.524542808532715,17.697010040283203,9.720333099365234,7.386084510889887,5.727454156054186,5.474170316978881,-2.237554948777403,False,0.006615136592048709,0.5848864722296241,0.5915016088216728,diagonal,-2.6038958824241885,0.2736119375196902,0.12336780508947866
Frankfurt_Bayern,1,20,Ritsu D&amp;#333;an,Eintracht Frankfurt,42,1,3386823,3387132,6.18,9.115604400634766,8.655733108520508,-33.64554977416992,5.195437908172607,42.90093179914589,7.665211981942503,6.947186368056851,-3.060847131010425,False,0.005434460907838168,0.5367943914558877,0.5422288523637259,forward,-2.9942080472486072,0.07666382592061874,0.147479528513873
Frankfurt_Bayern,1,19,Jean-Mattéo Bahoya Négoce,Eintracht Frankfurt,42,1,3386874,3387124,5.0,-3.822495222091675,-12.681743621826172,-38.108760833740234,-7.797657012939453,34.63238818787438,8.157133076822277,6.92318869826799,3.0000943909470275,False,0.004093646487886404,0.45234994344727464,0.45644358993516104,forward,3.059381547956752,0.042749434355324877,0.07180755018071605
Frankfurt_Bayern,1,9,Jonathan Burkardt,Eintracht Frankfurt,42,1,3386906,3387131,4.5,5.326057434082031,14.39494800567627,-18.952375411987305,11.500271797180176,24.450387559569105,5.822133238470954,5.4576889560924196,-3.0229245448439452,False,0.001293665365805663,0.47778870197776424,0.4790823673435699,forward,3.1117100020164368,0.17737627289183522,0.060469676726298036
Frankfurt_Bayern,1,21,Nathaniel Brown,Eintracht Frankfurt,42,1,3386913,3387031,2.36,8.715999603271484,-13.02508544921875,-3.5149333477020264,-11.700252532958984,12.302475486958507,5.526019340724563,5.208260643351978,3.0336951003862835,False,3.2890938989171836e-05,0.6239413397164008,0.6239742306553899,forward,2.9691647173467537,0.012672751503449448,0.0533218833394868
Frankfurt_Bayern,1,15,Ellyes Skhiri,Eintracht Frankfurt,24,1,3386921,3387123,4.04,7.650137901306152,5.1867523193359375,-15.1599760055542,0.7595856785774231,23.23577201017838,6.30036220696189,5.75533025304679,-2.9498882340760084,False,0.0007682026278953424,0.5854139204341067,0.586182123062002,forward,-2.9070407585167595,0.10985164427027128,0.053733530404993284
Frankfurt_Bayern,0,14,Luis Díaz Marulanda,FC Bayern München,1,1,3387530,3387647,2.34,-24.03575325012207,22.176090240478516,-11.60512924194336,25.301834106445312,12.817592907731857,5.813230319738724,5.470659208890076,0.24634770418906496,True,0.009104548736100004,0.5424107985392418,0.5515153472753418,forward,0.33468964797373063,0.14499107376841955,0.23403543320690012
Frankfurt_Bayern,0,27,Konrad Laimer,FC Bayern München,6,1,3390151,3390244,1.86,16.886871337890625,15.857928276062012,26.478452682495117,10.526890754699707,10.973531507419919,6.575095011700467,5.889628464722012,-0.5072881935325059,True,0.015985947911700826,0.38526939912645775,0.40125534703815857,diagonal,-0.6748046847265377,0.22142453848343327,0.23557866126750665
Frankfurt_Bayern,0,27,Konrad Laimer,FC Bayern München,6,1,3390313,3390425,2.24,30.780071258544922,13.482219696044922,34.11951446533203,25.68558120727539,12.652031975344425,6.275673272626107,5.714967095410378,1.303686141372914,True,0.00018880658568060094,0.4555409240740809,0.4557297306597615,sideways,1.3842607928950812,0.3184177048840055,0.04214207719656024
Frankfurt_Bayern,0,14,Luis Díaz Marulanda,FC Bayern München,27,1,3390495,3390555,1.2,29.721529006958008,25.558799743652344,34.838233947753906,20.828676223754883,6.968122987193345,6.260997157736539,5.768197157906802,-0.7461588293991201,True,0.0434091050863335,0.4506798588880309,0.4940889639743644,diagonal,-0.8279158592255988,0.398725410941795,0.19048354578608528
Frankfurt_Bayern,0,8,Leon Goretzka,FC Bayern München,27,1,3390588,3390690,2.04,31.765928268432617,9.572742462158203,23.27300453186035,17.555919647216797,11.65593718082217,6.676624052606752,5.9075595800984635,2.3871231671448676,True,0.012691520757934949,0.4370935940579727,0.44978511481590766,sideways,1.9455474404394706,0.4681037395787135,0.10224768790742846
Frankfurt_Bayern,1,9,Jonathan Burkardt,Eintracht Frankfurt,42,1,3390668,3391012,6.88,17.38518524169922,17.8244571685791,-21.426713943481445,-8.874381065368652,47.108295250445416,8.152214042893421,7.181842818200959,-2.539031417837495,False,0.011564621879955328,0.364370523394473,0.37593514527442834,diagonal,-2.62982929418224,0.3322226637449224,0.1177480466442803
Frankfurt_Bayern,1,20,Ritsu D&amp;#333;an,Eintracht Frankfurt,42,1,3390747,3391076,6.58,23.453908920288086,17.77147102355957,-17.49408531188965,19.95908546447754,41.006388387427805,7.07658968350147,6.269986146037079,3.08821917874095,False,0.001355118244628195,0.5437547106429285,0.5451098288875567,forward,-3.1150775962959307,0.09234824193560774,0.125363689452453
Frankfurt_Bayern,1,15,Ellyes Skhiri,Eintracht Frankfurt,19,1,3390765,3390974,4.18,24.94342803955078,2.7920618057250977,3.8050570487976074,-3.795795202255249,22.1411514628375,5.7362748198486235,5.4545169268055815,-2.8394787411254314,False,0.003769836441254948,0.5386414550022399,0.5424112914434949,diagonal,-2.3576355778871014,0.04777340451192072,0.0783866784554924
Frankfurt_Bayern,1,42,Can Uzun,Eintracht Frankfurt,19,1,3390788,3390977,3.78,17.066890716552734,6.187790393829346,-6.015504837036133,3.2896952629089355,23.263618374625295,6.739274655569799,6.179334999133133,-3.0166918764705493,False,0.004735586420987814,0.44421611032281483,0.44895169674380264,forward,-2.886116255117888,0.09462846574757901,0.06713574167864057
Frankfurt_Bayern,1,21,Nathaniel Brown,Eintracht Frankfurt,19,1,3391029,3391089,1.2,6.700142860412598,-14.284109115600586,0.4165952503681183,-15.9730806350708,6.506580927128872,5.750468134034012,5.4014305987194655,-2.8790064595062717,False,0.0032878815474687295,0.574790546245365,0.5780784277928337,forward,-2.9608828132365885,0.13711138229872202,0.1723504273009178
Frankfurt_Bayern,1,20,Ritsu D&amp;#333;an,Eintracht Frankfurt,42,1,3391733,3391859,2.52,-22.239070892333984,31.23052406311035,-34.98760986328125,27.399324417114258,13.311774360363902,5.616712193750929,5.307725681426881,-2.8496582362516825,False,0.0026460478163022882,0.6369561803948705,0.6396022282111727,forward,-2.9086901454774243,0.32212268935304567,0.05309959378293754
Frankfurt_Bayern,1,9,Jonathan Burkardt,Eintracht Frankfurt,42,1,3391795,3391884,1.78,-29.963109970092773,-0.08947142958641052,-38.63031005859375,-2.850752353668213,9.096429503701405,5.548782947411856,5.266264462129647,-2.8331695060054374,False,0.014760824852946164,0.361559703019699,0.37632052787264514,diagonal,-2.553258805117131,0.11848313133819538,0.16663244659031765
Frankfurt_Bayern,0,14,Luis Díaz Marulanda,FC Bayern München,1,1,3392958,3393045,1.74,-21.770038604736328,14.902871131896973,-12.68622875213623,16.13656234741211,9.167202160606791,5.579793870903699,5.284533941193349,0.13498619803059392,True,0.048361479375818806,0.5162242130740075,0.5645856924498263,forward,0.3007983322501333,0.1303508026455589,0.2507964439504684
Frankfurt_Bayern,0,17,Michael Olise,FC Bayern München,6,1,3394730,3394930,4.0,8.854418754577637,-32.466548919677734,38.353816986083984,-30.066213607788086,29.596893513179793,8.889404600524129,7.4131116770906775,0.08119008979585045,True,0.014730814410319204,0.611616211016953,0.6263470254272722,forward,0.04215342701597736,0.11240963143449162,0.3329437393655999
Frankfurt_Bayern,0,17,Michael Olise,FC Bayern München,6,1,3396024,3396095,1.42,30.252714157104492,-24.5583438873291,22.87738609313965,-21.386028289794922,8.028639380459559,6.054620290796568,5.6513991110588835,2.7353888068300463,True,0.002920836458828624,0.4423145213214552,0.44523535778028384,sideways,2.7434740249065954,0.07562541582829051,0.03957973138197903
Frankfurt_Bayern,0,27,Konrad Laimer,FC Bayern München,14,1,3396731,3396818,1.74,16.20195770263672,19.19503402709961,25.57732391357422,20.619518280029297,9.482966148628456,5.965267466788468,5.5104601426320166,0.1507857892882545,True,0.017359424746852592,0.4739037045877662,0.4912631293346188,forward,0.008791203306325202,0.41294977056741805,0.18239582442560412
Frankfurt_Bayern,0,14,Luis Díaz Marulanda,FC Bayern München,2,1,3397331,3397628,5.94,13.62600040435791,12.248661994934082,46.22791290283203,-10.390304565429688,39.69140342038099,9.069380458190777,7.275883617274428,-0.6069617873071079,True,0.00012243652542254235,0.5090065996096266,0.5091290361350491,sideways,-1.3856866691630858,0.15870477270035308,0.03435682505289142
Frankfurt_Bayern,0,23,Sacha Boey,FC Bayern München,6,1,3397418,3397555,2.74,7.314014434814453,-26.298276901245117,21.26205825805664,-19.49443817138672,15.51902535460928,5.963042151873667,5.660443488467256,0.4538390738323447,True,0.026684048396662885,0.47713736112297883,0.5038214095196417,diagonal,0.4700923177802082,0.2827813500674377,0.25678544218471294
Frankfurt_Bayern,0,9,Harry Kane,FC Bayern München,6,1,3397444,3397611,3.34,20.197303771972656,7.609633445739746,40.0412712097168,0.013752381317317486,21.248069390302287,7.286198403785909,6.430524104179644,-0.36557430221912723,True,0.001456720568667802,0.41674166525980777,0.41819838582847557,diagonal,-0.7605056667080682,0.04614337115372005,0.06531024556179332
Frankfurt_Bayern,1,15,Ellyes Skhiri,Eintracht Frankfurt,3,1,3398209,3398289,1.6,27.827728271484375,-12.987409591674805,34.619590759277344,-18.85529899597168,8.975607061037644,6.025250316990405,5.5890700279413466,-0.7125422574198946,False,0.002289233851375805,0.4126960582988562,0.414985292150232,sideways,-0.7564432333799745,0.3633398941498708,0.0433511538591435
Frankfurt_Bayern,1,9,Jonathan Burkardt,Eintracht Frankfurt,21,1,3398356,3398520,3.28,4.2206950187683105,-6.864852428436279,0.036728572100400925,-29.630138397216797,23.146572542542838,8.373489548583569,7.103401069458692,-1.752555100557041,False,0.0007367755781102492,0.4241186267718991,0.42485540235000935,sideways,-1.4805734744406323,0.13021491330108698,0.04318265511365346
Frankfurt_Bayern,1,15,Ellyes Skhiri,Eintracht Frankfurt,21,1,3398397,3398494,1.94,33.31523513793945,-24.768394470214844,22.874296188354492,-23.60683822631836,10.505351924457134,5.8326578717269175,5.435303890884025,3.030798070443139,False,0.00899128400469068,0.49700395670222214,0.5059952407069128,forward,3.0090484741288437,0.12974328058467835,0.20550650399114662
Frankfurt_Bayern,0,7,Serge Gnabry,FC Bayern München,6,1,3398630,3398827,3.94,11.500457763671875,-13.873523712158203,-11.063594818115234,-7.150266647338867,23.544397517738624,6.607541736468389,6.035848224662549,2.8520055389716683,True,0.000563669995718219,0.4232820086811638,0.423845678676882,sideways,3.1404013444121173,0.7741990249880776,0.04083196038656066
Frankfurt_Bayern,0,27,Konrad Laimer,FC Bayern München,6,1,3399064,3399121,1.14,1.9594523906707764,13.600756645202637,8.152280807495117,12.98707103729248,6.223161079835804,5.804099504313673,5.453156223068298,-0.09877369630446863,True,0.010941805406073923,0.5850549302041762,0.5959967356102501,forward,0.07626675044607081,0.07295355536505282,0.25239399508665206
Frankfurt_Bayern,0,8,Leon Goretzka,FC Bayern München,27,1,3399962,3400065,2.06,27.021486282348633,4.194133281707764,29.407928466796875,15.048871994018555,11.113975832808556,5.782733451037628,5.4105836994320295,1.3543866515696195,True,0.0057682620786805305,0.39904309914253333,0.40481136122121386,sideways,1.5106911939740242,0.2270354988171275,0.04093017590942206
Frankfurt_Bayern,1,9,Jonathan Burkardt,Eintracht Frankfurt,4,1,3400756,3400951,3.9,19.162904739379883,14.864314079284668,-1.3281333446502686,12.851090431213379,20.589699153176753,7.141654976613028,6.133850929897027,-3.0436579803834176,False,0.06238505054826693,0.468095426473667,0.5304804770219339,forward,2.878055298660124,0.33782091205698433,0.0947228184031057
Frankfurt_Bayern,1,20,Ritsu D&amp;#333;an,Eintracht Frankfurt,4,1,3400793,3400892,1.98,33.14580535888672,17.232561111450195,22.93121910095215,22.665023803710938,11.569331152819103,6.504207017638402,5.830737994210223,2.652803475254762,False,0.0034789014043212774,0.506711645746957,0.5101905471512783,diagonal,2.689777574191512,0.22178655266771335,0.07158809002329773
Frankfurt_Bayern,1,42,Can Uzun,Eintracht Frankfurt,4,1,3400810,3400948,2.76,18.306123733520508,8.40580940246582,6.476947784423828,13.119447708129883,12.733726466015787,5.82681677506524,5.511398353654452,2.7624010813181177,False,0.0014709369026938979,0.4930195903989066,0.4944905273016005,diagonal,2.040946079477096,0.37818154339308485,0.0812033438352445
Frankfurt_Bayern,0,7,Serge Gnabry,FC Bayern München,8,1,3401018,3401075,1.14,23.20705795288086,25.482242584228516,17.525489807128906,22.969152450561523,6.212554918450031,5.682301058890171,5.411866156264265,-2.7251409587055035,True,0.010354651816605664,0.6680674843134697,0.6784221361300754,sideways,-2.8896563007122515,0.04993633848895511,0.08340067013690455
Frankfurt_Bayern,1,9,Jonathan Burkardt,Eintracht Frankfurt,21,1,3403743,3403936,3.86,11.646318435668945,-7.608399868011475,-1.822266697883606,-28.23571014404297,24.63511142096636,7.023211258002454,6.472219019421732,-2.149241984854128,False,0.01057519758789971,0.5383823645478576,0.5489575621357573,diagonal,-2.3470438594146055,0.36831856683256403,0.11931291942003869
Frankfurt_Bayern,0,17,Michael Olise,FC Bayern München,4,1,3404344,3404575,4.62,11.273723602294922,-32.303619384765625,41.50901412963867,-33.18150329589844,30.248032554768063,7.961452014706793,6.714566968419885,-0.029026919363210286,True,0.002137346519836658,0.6304302990707416,0.6325676455905782,forward,0.013873471827738763,0.27568076655701523,0.23630509212125084
Frankfurt_Bayern,0,14,Luis Díaz Marulanda,FC Bayern München,4,1,3404445,3404599,3.08,17.2973575592041,25.462732315063477,29.156713485717773,13.520299911499023,16.830508450591775,5.732607150012631,5.454329701767777,-0.7888884952389476,True,0.0006021448749319314,0.6202174227678102,0.6208195676427422,diagonal,-0.7801706941363533,0.0,0.030506808691400565
Frankfurt_Bayern,1,16,Hugo Larsson,Eintracht Frankfurt,4,1,3406311,3406430,2.38,36.38613510131836,7.739557266235352,33.89337158203125,21.239532470703125,13.728189993015588,6.797199629844954,5.941191069352796,1.7533891597793447,False,0.006547338880097675,0.49840003391156634,0.504947372791664,diagonal,1.989478062984962,0.20157641455733719,0.13117016619648092
Frankfurt_Bayern,1,9,Jonathan Burkardt,Eintracht Frankfurt,4,1,3406366,3406416,1.0,10.73452377319336,11.248790740966797,11.82341480255127,16.16393280029297,5.034312777050434,5.25939488541596,5.097895288755886,1.3527794430278963,False,0.0018675469930193866,0.43456781208962203,0.4364353590826414,sideways,1.146319012473765,0.2472781983486155,0.054708719709751816
Frankfurt_Bayern,1,42,Can Uzun,Eintracht Frankfurt,16,1,3406512,3406643,2.62,8.27244758605957,7.709137916564941,16.49152946472168,21.120447158813477,15.72947941031021,6.692248557541044,6.038243005541134,1.0209839499023752,False,-0.00015087471040603484,0.3717139996237196,0.37156312491331356,sideways,1.0477823665855157,0.10067125439829781,0.1384815658469458
Frankfurt_Bayern,1,15,Ellyes Skhiri,Eintracht Frankfurt,16,1,3406515,3406593,1.56,30.15978240966797,14.38927173614502,22.170251846313477,16.912704467773438,8.378562607859967,6.068382594200921,5.625223482322503,2.835665630513371,False,0.008870550295447477,0.5694009937243533,0.5782715440198007,diagonal,2.2811460846836535,0.1935548951231291,0.10804160985577603
Frankfurt_Bayern,1,20,Ritsu D&amp;#333;an,Eintracht Frankfurt,42,1,3406626,3406748,2.44,17.083776473999023,33.97210693359375,2.0753238201141357,31.719961166381836,15.176488777733631,7.239757237338573,6.217486297891728,-2.992645501925518,False,0.002235722953522201,0.49230132534715293,0.49453704830067513,forward,3.0629407823222645,0.17296091252060122,0.1447789618865784
Frankfurt_Bayern,1,20,Ritsu D&amp;#333;an,Eintracht Frankfurt,42,1,3407154,3407272,2.36,-0.4265619218349457,24.106056213378906,-12.891295433044434,23.812776565551758,12.468183286160755,5.677096936618653,5.357471493208841,-3.1180682400561412,False,0.0052654859946069665,0.5561493704725217,0.5614148564671286,diagonal,-2.727927749191428,0.41356865752670197,0.032577953084307935
Frankfurt_Bayern,0,2,Dayotchanculle Upamecano,FC Bayern München,8,1,3408678,3408750,1.44,1.8869333267211914,-18.292133331298828,7.627857208251953,-23.636180877685547,7.843280639603057,5.994491252130588,5.462209832689494,-0.7496103503381912,True,0.0034623868913163935,0.5421666912072928,0.5456290780986092,diagonal,-0.8353747666262374,0.4233834679798495,0.06603688314615133
Frankfurt_Bayern,0,6,Joshua Kimmich,FC Bayern München,17,1,3408903,3408965,1.24,10.034966468811035,-15.715580940246582,5.397324085235596,-9.90701961517334,7.432840072615036,6.683661242682203,5.95548421559083,2.244570046859082,True,-0.004358691069729748,0.4734219004559394,0.46906320938620966,sideways,2.3903578386417723,0.3203996070255755,0.10086249704535666
Frankfurt_Bayern,0,27,Konrad Laimer,FC Bayern München,17,1,3408963,3409051,1.76,10.072714805603027,16.32813835144043,0.7395904660224915,12.281967163085938,10.17244863459829,6.413968660223603,5.781184516341821,-2.7325209033327957,True,0.0007526309690270017,0.5213659388810681,0.5221185698500951,sideways,-2.8171330203062643,0.19017443806005982,0.11865469894023564
Frankfurt_Bayern,1,20,Ritsu D&amp;#333;an,Eintracht Frankfurt,9,1,3408997,3409065,1.36,8.388190269470215,7.331433296203613,1.7723714113235474,9.457347869873047,6.948997908932565,5.278080358255165,5.109126436536888,2.8306763867602456,False,0.005657421688248454,0.5107153072292008,0.5163727289174492,forward,2.9021887051312443,0.28884466814651966,0.11962456320361893
Frankfurt_Bayern,1,24,Aurélio Buta,Eintracht Frankfurt,15,1,3409082,3409150,1.36,13.615737915039062,14.694043159484863,6.5934953689575195,14.747447967529297,7.022445617412787,5.328244041397843,5.165726705798325,3.133987707145608,False,0.004680647447614317,0.5174379193113537,0.5221185667589681,forward,3.0548362698865295,0.39211065147322477,0.17432325255715603
Frankfurt_Bayern,0,2,Dayotchanculle Upamecano,FC Bayern München,6,1,3409795,3409858,1.26,-28.57644271850586,-4.794290542602539,-33.081241607666016,-9.916552543640137,6.821347450398072,5.762886071261016,5.401147967540125,-2.292143944262159,True,0.0030651627950643023,0.7364384952897787,0.739503658084843,sideways,-2.3750648268831833,0.5020303589007434,0.053404835835244316
Frankfurt_Bayern,0,17,Michael Olise,FC Bayern München,2,1,3410086,3410140,1.08,-11.501605033874512,-32.9821662902832,-17.252700805664062,-33.16442108154297,5.753982914923609,5.410476583928616,5.294581433159155,-3.1099128097223043,True,0.004697183579542852,0.509522460753811,0.5142196443333539,sideways,-3.0864419335535187,0.2988648499148254,0.1711881472691946
Frankfurt_Bayern,0,7,Serge Gnabry,FC Bayern München,27,1,3410625,3410731,2.12,-9.707590103149414,5.329218864440918,-11.25546646118164,16.17000961303711,10.950738115515497,5.356050782068305,5.1880790056448545,1.7126203348647053,True,0.004744067369391425,0.436794609916865,0.4415386772862564,sideways,1.9113784618406573,0.3607189628443006,0.05924382061449116
Frankfurt_Bayern,0,7,Serge Gnabry,FC Bayern München,8,1,3412069,3412272,4.06,17.19247055053711,22.46809959411621,37.257362365722656,7.706509590148926,24.9099261941967,7.5532720215814075,6.3287823266282635,-0.6342812364431571,True,0.026420808419709563,0.3996813525070952,0.42610216092680475,diagonal,-0.9623406262060539,0.1419568169338264,0.26818018254476356
Frankfurt_Bayern,0,17,Michael Olise,FC Bayern München,6,1,3412091,3412208,2.34,21.9549617767334,-21.441099166870117,29.977590560913086,-11.635437965393066,12.66939478455466,6.423196179088649,5.831998941493889,0.8850781127913121,True,0.013661207656265884,0.38779227360038193,0.4014534812566478,sideways,1.513833769975094,0.08662700887321649,0.25859235586555207
Frankfurt_Bayern,0,23,Sacha Boey,FC Bayern München,14,1,3412227,3412401,3.48,14.412485122680664,-19.171009063720703,35.19821548461914,-15.985718727111816,21.028377521998813,6.610799875653684,6.0432977915127974,0.15206113205467434,True,0.0009870493763901589,0.5909504767822803,0.5919375261586705,forward,0.2627159397663899,0.12048994440869688,0.13913438892860608
Frankfurt_Bayern,1,4,Robin Koch,Eintracht Frankfurt,21,1,3415981,3416036,1.1,23.934547424316406,9.168876647949219,28.808366775512695,12.018218994140625,5.645605979334279,5.27695085635466,5.143504535089895,0.5290354517668544,False,2.061989435730993e-05,0.6236229052531184,0.6236435251474757,sideways,0.47812861032423454,0.3990981196386224,0.011892648530588188
Frankfurt_Bayern,1,16,Hugo Larsson,Eintracht Frankfurt,3,1,3416012,3416185,3.46,11.159671783447266,1.787185788154602,26.42501449584961,11.905562400817871,18.31426311383525,6.014446163717796,5.53227485804522,0.5853439971770302,False,0.0042614196782760905,0.5044382890601253,0.5086997087384014,sideways,0.16544090840571923,0.3747833639807754,0.019354594960307323
Frankfurt_Bayern,1,24,Aurélio Buta,Eintracht Frankfurt,3,1,3416052,3416148,1.92,17.042400360107422,26.307842254638672,27.022214889526367,30.09016227722168,10.67251810937015,5.936558092206558,5.560426346605042,0.3622702987482766,False,5.2208137887976847e-05,0.6137005803552956,0.6137527884931836,sideways,0.4576922925120715,0.11356030010095196,0.046944986727196665
Frankfurt_Bayern,1,9,Jonathan Burkardt,Eintracht Frankfurt,16,1,3416512,3416672,3.2,6.2143049240112305,15.899690628051758,5.375333309173584,-3.6803667545318604,19.5980233818559,6.7680931169823,6.168549066908386,-1.6136184043738535,False,0.0003053091698878019,0.43862536934983526,0.43893067851972306,sideways,-1.4150087939940506,0.2865723521837877,0.15215803285443463
Frankfurt_Bayern,1,15,Ellyes Skhiri,Eintracht Frankfurt,16,1,3416521,3416732,4.22,34.211090087890625,10.298700332641602,19.315385818481445,-9.376070976257324,24.677492411895646,6.575500950745757,5.865142533509622,-2.2188238684102832,False,0.006109725826500378,0.4730916568947929,0.47920138272129326,diagonal,-2.525427406249808,0.33355571596169353,0.14730468031328994
Frankfurt_Bayern,1,24,Aurélio Buta,Eintracht Frankfurt,42,1,3416562,3416617,1.1,22.53900909423828,29.850671768188477,17.09038543701172,28.579505920410156,5.594940783479923,5.196848725563703,5.076691217483082,-2.9123919936076437,False,0.0034622825218780795,0.6134379014451933,0.6169001839670714,forward,-2.980264853038085,0.09297983645149745,0.1631170401630004
Frankfurt_Bayern,1,20,Ritsu D&amp;#333;an,Eintracht Frankfurt,42,1,3416618,3416836,4.36,17.093420028686523,19.1827335357666,-5.625504493713379,11.179400444030762,24.087400690646916,6.121683995156703,5.524745355038649,-2.802891609534896,False,0.0013885825026836995,0.4811647929054249,0.4825533754081086,forward,-2.865663743944951,0.029528399513416972,0.1346647615029225
Frankfurt_Bayern,1,16,Hugo Larsson,Eintracht Frankfurt,42,1,3416673,3416786,2.26,28.433494567871094,7.011347770690918,18.59097671508789,0.4926333427429199,11.805456173968606,5.391498374501623,5.2218225526758095,-2.5566181736417306,False,0.0006716226171659123,0.5550835863314891,0.555755208948655,diagonal,-2.552926292679188,0.10269708193328593,0.07777891274507777
Frankfurt_Bayern,1,15,Ellyes Skhiri,Eintracht Frankfurt,3,1,3417678,3417907,4.58,-4.286966800689697,-23.36500358581543,18.526567459106445,-11.761809349060059,25.59475457820929,6.089144345247203,5.603882142131991,0.4705119500758268,False,0.002438650665548381,0.6258367578551489,0.6282754085206973,sideways,0.2799301633848836,0.4326241462308866,0.019722811253288994
Frankfurt_Bayern,1,24,Aurélio Buta,Eintracht Frankfurt,40,1,3418886,3419182,5.92,3.1575379371643066,30.430376052856445,-39.9888916015625,24.226423263549805,43.590175638006585,8.767609652142026,7.442315492316473,-2.998783160684009,False,0.04387656576973631,0.552266696666362,0.5961432624360983,diagonal,-2.7306546657091286,0.11457656174108242,0.3104435912675162
Frankfurt_Bayern,1,15,Ellyes Skhiri,Eintracht Frankfurt,40,1,3418930,3418987,1.14,30.626100540161133,0.6573666930198669,24.81392478942871,1.3946285247802734,5.858749181008921,5.292275598377425,5.137108636974163,3.0154186813191535,False,0.0005393009839423923,0.5529696826747136,0.553508983658656,forward,3.003824761878858,0.097328627556734,0.14081951323955288
Frankfurt_Bayern,1,20,Ritsu D&amp;#333;an,Eintracht Frankfurt,40,1,3419004,3419113,2.18,7.445185661315918,19.52324676513672,-4.147914409637451,21.01485252380371,11.688663610286145,5.562093923118075,5.356219438411894,3.0136324225993865,False,0.0020403577384577876,0.5117244300652781,0.5137647878037359,forward,2.9043541113835327,0.2195739315779149,0.027507240304307134
Frankfurt_Bayern,1,9,Jonathan Burkardt,Eintracht Frankfurt,40,1,3419040,3419118,1.56,-16.354429244995117,-2.5547192096710205,-24.108966827392578,-0.7266857028007507,7.967092293870774,5.205201427490988,5.090538210706181,2.9100821244631665,False,0.0012477819797278022,0.4127865715015273,0.4140343534812551,forward,2.892387313818078,0.14960058193986456,0.04530410666605292
Frankfurt_Bayern,0,7,Serge Gnabry,FC Bayern München,4,1,3420272,3420422,3.0,3.5364761352539062,9.059866905212402,1.8235857486724854,-8.532842636108398,17.675899481546136,6.380704040201387,5.881832290797827,-1.6678540546144087,True,0.0020907279840912674,0.4102186695016895,0.41230939748578077,sideways,-1.6234946408818907,0.20233251066500177,0.05276156774403382
Frankfurt_Bayern,0,14,Luis Díaz Marulanda,FC Bayern München,17,1,3423680,3423863,3.66,16.325023651123047,-0.1937619000673294,32.35800552368164,12.571824073791504,20.49430879492582,6.719395471732142,5.767714038883592,0.672424372535538,True,0.03973135635337077,0.5657469463051175,0.6054783026584882,diagonal,0.59352546244525,0.1303966326836666,0.13719745752552578
Frankfurt_Bayern,0,27,Konrad Laimer,FC Bayern München,17,1,3423683,3424003,6.4,11.18580436706543,-10.36214828491211,44.295860290527344,4.188538074493408,36.16625881653458,7.197273406864132,6.152295794437684,0.414057945524129,True,0.004513695469462342,0.5857588538556059,0.5902725493250682,diagonal,0.8022505530228098,0.10123405711410557,0.13427303952430197
Frankfurt_Bayern,0,9,Harry Kane,FC Bayern München,17,1,3423722,3423780,1.16,27.772109985351562,-10.652533531188965,28.972423553466797,-4.222171306610107,6.541430348256585,6.555443695309861,5.660560342659082,1.3862566423930442,True,0.002028685148624587,0.41766135342540667,0.41969003857403125,diagonal,1.1375777510003846,0.5693670809703428,0.048595376552765975
Frankfurt_Bayern,1,20,Ritsu D&amp;#333;an,Eintracht Frankfurt,4,1,3423750,3423960,4.2,19.057695388793945,-11.96963882446289,38.95055389404297,4.942399978637695,26.11020635666134,7.8137155614741465,6.563417286797266,0.7045847921904457,False,0.010521020748890053,0.5707130368080731,0.5812340575569631,sideways,0.9517856478819292,0.2047705296758848,0.07414596852256762
Frankfurt_Bayern,0,6,Joshua Kimmich,FC Bayern München,27,1,3423913,3423984,1.42,27.834138870239258,-10.367852210998535,33.6689338684082,-5.800443172454834,7.409862211676277,5.405068218168735,5.2216113163084685,0.6641575140266944,True,0.004324170494259927,0.6371107036701857,0.6414348741644457,diagonal,0.7865293214822567,0.15772765855790724,0.0805935778388885
Frankfurt_Bayern,0,7,Serge Gnabry,FC Bayern München,27,1,3423941,3423992,1.02,37.349666595458984,-16.28597640991211,41.59751510620117,-13.20084285736084,5.249977714932916,5.239507911729541,5.143599583456123,0.628147628152356,True,0.0008987506908019194,0.5306187769798674,0.5315175276706693,diagonal,0.6323174915823961,0.031892538623573975,0.09009226773034752
Frankfurt_Bayern,1,16,Hugo Larsson,Eintracht Frankfurt,40,1,3425095,3425248,3.06,31.532838821411133,18.77920913696289,13.774081230163574,19.795866012573242,17.7878346739399,6.632661260891261,5.8130167957450345,3.084406873538386,False,0.004914615838954028,0.43852790808666653,0.44344252392562056,forward,3.00624167960998,0.34052969158272905,0.24143505147315256
Frankfurt_Bayern,1,9,Jonathan Burkardt,Eintracht Frankfurt,40,1,3425129,3425227,1.96,0.14090000092983246,6.512128829956055,0.25104761123657227,18.540918350219727,12.029293820456022,6.898872224384612,6.155910385547612,1.5616395839965136,False,0.00897059193367905,0.3947158845543649,0.40368647648804395,sideways,1.6104500733884428,0.15878220852401348,0.12390856588046596
Frankfurt_Bayern,1,20,Ritsu D&amp;#333;an,Eintracht Frankfurt,40,1,3425173,3425243,1.4,13.046786308288574,16.4444522857666,6.927647590637207,20.58374786376953,7.387667191200117,5.46941531690297,5.2628732682909645,2.546847050821147,False,-0.0030660579899302043,0.5034756284559367,0.5004095704660065,diagonal,2.396568393855458,0.3422928203956626,0.08865649928198081
Frankfurt_Bayern,1,15,Ellyes Skhiri,Eintracht Frankfurt,40,1,3425207,3425295,1.76,29.28949546813965,12.69926643371582,19.51288604736328,13.482414245605469,9.80792599185377,6.006271170400222,5.556367924594705,3.06165909727419,False,0.0009793050076907783,0.49711061637055837,0.49808992137824915,forward,3.0474607677557266,0.05770402536578578,0.13895984591607877
Frankfurt_Bayern,0,14,Luis Díaz Marulanda,FC Bayern München,27,1,3428849,3428953,2.08,24.335704803466797,32.01375198364258,11.796500205993652,32.022727966308594,12.539207810127259,6.539242720538185,6.086191468567885,3.1408768202159063,True,0.00011440262265594026,0.6430962857654969,0.6432106883881529,sideways,2.7116907661774623,0.2586475774020329,0.06859228517846484
Frankfurt_Bayern,0,2,Dayotchanculle Upamecano,FC Bayern München,27,1,3429159,3429273,2.28,-4.818347454071045,-2.913280963897705,-13.97954273223877,-10.316514015197754,11.778597477483643,5.430984458758854,5.165357146433318,-2.461927466916924,True,-0.0003730445223045775,0.5669711435962896,0.5665980990739851,sideways,-2.4035638171455656,0.45032307195241317,0.024619949237250697
Frankfurt_Bayern,0,17,Michael Olise,FC Bayern München,7,1,3429794,3430052,5.16,13.739194869995117,-33.21120834350586,39.35977554321289,-21.258390426635742,28.271611382917516,6.4649035596163635,5.552963638789511,0.43651647958699624,True,0.01790949737445513,0.5183225557720021,0.5362320531464573,forward,0.1625062851150339,0.32241993675434233,0.13644936253628973
Frankfurt_Bayern,0,23,Sacha Boey,FC Bayern München,7,1,3429809,3430025,4.32,2.106299877166748,-30.893518447875977,24.11211395263672,-21.504409790039062,23.92511681293992,5.868116396218683,5.532968343823111,0.40327999466372816,True,0.0034985898418512518,0.5061660554614141,0.5096646453032654,forward,0.25585378741309117,0.0927322307503846,0.14134017078371117
Frankfurt_Bayern,0,6,Joshua Kimmich,FC Bayern München,7,1,3429821,3430047,4.52,8.167718887329102,-19.184328079223633,36.67011260986328,-13.543452262878418,29.055222041653444,7.170224120854637,6.446405133973148,0.19538402750294492,True,0.004654798628854762,0.4987689215614408,0.5034237201902956,forward,0.18830929400312202,0.48608302208533855,0.05832391877486025
Frankfurt_Bayern,0,14,Luis Díaz Marulanda,FC Bayern München,7,1,3429825,3429935,2.2,18.179956436157227,0.9598857164382935,30.380666732788086,1.1134142875671387,12.201676227652786,5.7964562187973625,5.532577092894057,0.012582912355167893,True,0.008572938496583082,0.34206071190221754,0.3506336503988006,forward,0.032065699213086066,0.192156382206492,0.10250432004719338
Frankfurt_Bayern,0,27,Konrad Laimer,FC Bayern München,6,1,3429851,3430083,4.64,4.715261936187744,11.20594310760498,32.89262771606445,9.831371307373047,28.21087361155198,6.8191266306926615,6.077352253078196,-0.04874419345176374,True,0.0010564671123372005,0.6264742254183518,0.627530692530689,forward,-0.0753841215148097,0.04042906444556899,0.08753163696978844
Frankfurt_Bayern,0,9,Harry Kane,FC Bayern München,6,1,3429852,3430040,3.76,10.347119331359863,-5.093695163726807,31.788028717041016,-3.1788430213928223,21.526245701747232,6.242293059312239,5.740835141194254,0.08907203477358282,True,0.004997503298691253,0.4834834149949704,0.48848091829366164,forward,0.08055656252423336,0.18625808388972562,0.07275904672977539
Frankfurt_Bayern,1,20,Ritsu D&amp;#333;an,Eintracht Frankfurt,42,1,3432066,3432118,1.04,5.695309638977051,-8.772404670715332,0.8608142733573914,-12.168695449829102,5.908226171744881,6.085560177998008,5.658284380762041,-2.529182803742418,False,0.0012261613373796831,0.4380903827173391,0.43931654405471876,diagonal,-2.6703881746614506,0.15471023255513436,0.16168994684342344
Frankfurt_Bayern,1,24,Aurélio Buta,Eintracht Frankfurt,42,1,3432090,3432171,1.62,18.431413650512695,0.5023809671401978,9.595809936523438,1.342733383178711,8.875476616712058,5.937447146257222,5.467523708406173,3.046768100463243,False,0.00046897012750218847,0.4342367628082686,0.4347057329357708,forward,2.992118932472112,0.04642245343448126,0.16161346738557045
Frankfurt_Bayern,1,20,Ritsu D&amp;#333;an,Eintracht Frankfurt,19,1,3433617,3433734,2.34,-28.721052169799805,5.5340094566345215,-44.04529571533203,1.391547679901123,15.874269426165203,7.806103691661472,6.809925391113304,-2.877581840441907,False,0.01486546519977916,0.5075885793067905,0.5224540445065696,forward,-3.023922181928752,0.06824221845568458,0.08003179386192266
Frankfurt_Bayern,1,16,Hugo Larsson,Eintracht Frankfurt,19,1,3433617,3433684,1.34,-15.325566291809082,-3.044119119644165,-22.666433334350586,-0.9937047362327576,7.621845451068424,6.038265097875039,5.653119505679977,2.8692192503867733,False,0.0014539279125564408,0.4902829953143349,0.49173692322689133,forward,2.8203025381143654,0.004244119097975936,0.08721479313974725
Frankfurt_Bayern,1,24,Aurélio Buta,Eintracht Frankfurt,19,1,3433620,3433750,2.6,-20.546772003173828,14.356490135192871,-34.9818115234375,7.150247573852539,16.13382464899278,6.823243436113828,6.2506977376540265,-2.6785702301301684,False,0.0004657171181674524,0.44859716992872944,0.4490628870468969,diagonal,-2.5499086869032714,0.0,0.12588407755958794
Frankfurt_Bayern,1,9,Jonathan Burkardt,Eintracht Frankfurt,19,1,3433651,3433820,3.38,-33.26909255981445,-4.747437953948975,-49.188377380371094,-8.439291000366211,16.34176881840963,6.426399138751376,5.676459658463121,-2.9137102890487214,False,0.047641438868452735,0.437538589800296,0.4851800286687487,diagonal,2.3717466770420197,0.09236223196965908,0.13604076803990972
Frankfurt_Bayern,1,16,Hugo Larsson,Eintracht Frankfurt,21,1,3434227,3434413,3.72,-10.970223426818848,-4.710886001586914,8.26091480255127,5.164095401763916,21.618324063480628,6.664011598026841,5.851936111275794,0.47438062691831556,False,0.0006969317934256702,0.39030519341009856,0.39100212520352423,sideways,0.36528920682594535,0.18298515523129025,0.03554093037051521
Frankfurt_Bayern,1,15,Ellyes Skhiri,Eintracht Frankfurt,3,1,3434247,3434496,4.98,-5.745533466339111,-21.23389434814453,17.757368087768555,-6.842533588409424,27.55898485029737,5.971564440997227,5.557703060108097,0.549431091798249,False,0.00108430178720742,0.555315909670783,0.5564002114579905,sideways,0.35140601252924464,0.4187402226982401,0.022526303553996024
Frankfurt_Bayern,1,4,Robin Koch,Eintracht Frankfurt,3,1,3434294,3434350,1.12,10.202847480773926,-0.3340095281600952,14.970909118652344,3.023380994796753,5.831507772973323,5.384860451556944,5.191632227577567,0.6135001529024525,False,-0.0022153833491804775,0.606938037821726,0.6047226544725455,sideways,0.5239496755553579,0.3391275589221053,0.020360766406112965
Frankfurt_Bayern,1,4,Robin Koch,Eintracht Frankfurt,3,1,3434357,3434521,3.28,15.505375862121582,3.4510762691497803,29.876638412475586,16.149280548095703,19.177527974195424,6.523228085052467,5.840704902538361,0.7236705795603573,False,-0.005191706724156253,0.5887475061883078,0.5835557994641516,sideways,0.6749137787459977,0.35045710656618756,0.02716571037577537
Frankfurt_Bayern,1,24,Aurélio Buta,Eintracht Frankfurt,3,1,3434447,3434505,1.16,-1.8325095176696777,22.59636116027832,3.0698094367980957,25.910581588745117,5.917498473155751,5.193467087720538,5.089774885439731,0.594471733059905,False,0.00018457591756282365,0.5116974263215824,0.5118820022391453,sideways,0.6311906139281566,0.0882597778576682,0.06887517945726816
Frankfurt_Bayern,1,24,Aurélio Buta,Eintracht Frankfurt,40,1,3434767,3434868,2.02,4.760990619659424,25.87312889099121,-3.198895215988159,16.952842712402344,11.95538740587132,6.579443147640093,5.926365406346843,-2.299360587153312,False,0.0014238604508923225,0.4463377325370793,0.44776159298797163,diagonal,-2.0562300430451868,0.03898731594098577,0.34011365755667566
Frankfurt_Bayern,1,20,Ritsu D&amp;#333;an,Eintracht Frankfurt,16,1,3436637,3436817,3.6,-1.7818905115127563,4.5330095291137695,-23.256465911865234,15.06961441040039,23.9202305810328,7.307454772817973,6.676669147031647,2.68544906316292,False,0.006537097565707972,0.4519319888775956,0.4584690864433036,forward,2.7805737039673435,0.3838639825896182,0.14289807615129077
Frankfurt_Bayern,1,24,Aurélio Buta,Eintracht Frankfurt,16,1,3436670,3436817,2.94,4.839814186096191,13.570475578308105,-12.682827949523926,15.533609390258789,17.63226819716152,6.727007713856633,5.989477205683936,3.0300237712029103,False,-0.0002896862491065244,0.5335763513516644,0.5332866651025578,forward,2.9766156371607653,0.1019267074500112,0.1260745995457233
Frankfurt_Bayern,0,17,Michael Olise,FC Bayern München,6,1,3439258,3439486,4.56,16.317543029785156,-23.455595016479492,40.999114990234375,-5.53338098526001,30.502225332255247,7.784361861199748,6.8318764958891585,0.6280533607615878,True,0.0012983287596066706,0.5573376502013255,0.5586359789609322,diagonal,0.3973502683264786,0.026691767731786695,0.06120985381710347
Frankfurt_Bayern,0,9,Harry Kane,FC Bayern München,6,1,3439274,3439517,4.86,20.955862045288086,9.50541877746582,48.57987976074219,8.325467109680176,27.64920687256747,6.845693381646173,6.197768115619042,-0.04268875147928542,True,0.012454352133784152,0.4230360422303882,0.43549039436417236,forward,-0.12860616708370715,0.28869347649377985,0.05609154058540445
Frankfurt_Bayern,0,7,Serge Gnabry,FC Bayern München,6,1,3439283,3439383,2.0,16.609895706176758,-2.956723690032959,27.895675659179688,-1.6706761121749878,11.358818051193406,6.16559845424842,5.679752669410513,0.11346349099780408,True,0.0015394449020446621,0.44586610867227483,0.4474055535743195,forward,0.07262294325850847,0.09390727017413635,0.05254382274982663
Frankfurt_Bayern,0,14,Luis Díaz Marulanda,FC Bayern München,6,1,3439283,3439444,3.22,1.458966612815857,26.42327308654785,17.70083236694336,20.096323013305664,17.430676992142303,5.649582191117119,5.4204093104694255,-0.37146174907934887,True,0.008207173399218393,0.5449059265923427,0.5531130999915611,forward,-0.24535129534992017,0.02471449157478742,0.05802829712519015
Frankfurt_Bayern,0,7,Serge Gnabry,FC Bayern München,6,1,3440741,3440827,1.72,13.606243133544922,-19.632814407348633,23.783771514892578,-17.95256233215332,10.315295971969743,6.7679475060284515,6.012733373385483,0.16361843263159462,True,0.02639594328319056,0.39970550509562097,0.42610144837881153,diagonal,0.49291233016479397,0.32737080807738406,0.1705396463942068
Frankfurt_Bayern,0,7,Serge Gnabry,FC Bayern München,17,1,3440968,3441092,2.48,31.0815486907959,-23.437576293945312,43.9425048828125,-30.580890655517578,14.711598629694013,6.858233173706508,6.092788997371571,-0.5069997905748953,True,0.0008095279977302083,0.46987437364073914,0.47068390163846935,sideways,-1.189603308242775,0.48093163029160463,0.06298895028277114
Frankfurt_Bayern,0,9,Harry Kane,FC Bayern München,14,1,3442413,3442509,1.92,22.993614196777344,12.819709777832031,32.67827224731445,11.145995140075684,9.828220705930098,5.95472164606072,5.572849338720972,-0.17113087149009912,True,0.00947775653780214,0.37642102248513076,0.3858987790229329,diagonal,0.46265362511605423,0.2911566257789251,0.10295105063998668
Frankfurt_Bayern,0,27,Konrad Laimer,FC Bayern München,14,1,3442508,3442571,1.26,28.52638053894043,21.443405151367188,30.151714324951172,14.693361282348633,6.942967820004856,6.037371555246835,5.573993263874018,-1.3345058048934229,True,0.004669971657295546,0.2910009288121938,0.29567090046948935,diagonal,-1.0590878807546207,0.3452695245223299,0.13882529183949668
Frankfurt_Bayern,1,20,Ritsu D&amp;#333;an,Eintracht Frankfurt,4,1,3442772,3442959,3.74,20.796613693237305,30.166608810424805,-2.268366575241089,27.062828063964844,23.272876266318978,6.918647426273718,6.259240434485949,-3.0078293894915555,False,0.004112084732664001,0.4903894406411894,0.4945015253738534,forward,-2.9418946239647115,0.3668850989773409,0.10319866640338414
Frankfurt_Bayern,1,9,Jonathan Burkardt,Eintracht Frankfurt,4,1,3442787,3443111,6.48,14.537942886352539,18.201414108276367,-30.85038185119629,21.473718643188477,45.506131448964034,8.751748433190986,7.218068626962427,3.069621445553735,False,0.00020384669639100794,0.4399105442826851,0.4401143909790761,diagonal,2.5071289179448364,0.4263254506551633,0.033590069256254074
Frankfurt_Bayern,1,16,Hugo Larsson,Eintracht Frankfurt,4,1,3442944,3443002,1.16,17.983966827392578,18.127927780151367,12.116442680358887,17.508628845214844,5.900116167232384,5.194217291842489,5.067366723078164,-3.0364350988901516,False,0.0019007221773548189,0.5509225684057079,0.5528232905830627,forward,-3.0424512619479316,0.0881201956908464,0.04094008239401741
Frankfurt_Bayern,0,23,Sacha Boey,FC Bayern München,7,1,3443593,3443963,7.4,-8.521862030029297,-25.624324798583984,45.06925582885742,-28.864376068115234,53.688973221642804,8.683611591233394,7.288751477803474,-0.06038523345490445,True,0.01047396103107645,0.5973476127844509,0.6078215738155274,diagonal,-0.43903776201823175,0.5126193389100191,0.07375150747536006
Frankfurt_Bayern,0,17,Michael Olise,FC Bayern München,23,1,3443732,3443799,1.34,18.08782386779785,-33.419490814208984,25.690032958984375,-32.94220733642578,7.617176811935237,5.991801667781534,5.660235168287386,0.06269991566651281,True,0.004088681942240102,0.5906446755563504,0.5947333574985905,forward,0.03212618881771521,0.4399735829315764,0.05354601647780692
Frankfurt_Bayern,0,7,Serge Gnabry,FC Bayern München,17,1,3445962,3446048,1.72,6.423666954040527,-13.944971084594727,14.888228416442871,-19.521947860717773,10.136640010980104,6.413158612436496,5.9016354579906345,-0.5825798001909283,True,0.029438493232436025,0.45925881309019867,0.4886973063226347,forward,-0.37310613019574496,0.32985445394511487,0.21157234206800493
Frankfurt_Bayern,1,24,Aurélio Buta,Eintracht Frankfurt,4,1,3446678,3446798,2.4,11.008614540100098,32.93528747558594,-3.7975618839263916,30.787994384765625,14.961073755492368,6.968235567010972,6.258572848897335,-2.9975699372922184,False,0.010841261704064409,0.562577784769244,0.5734190464733084,forward,3.1311044397162378,0.1890294393981624,0.2495210539113053
Frankfurt_Bayern,1,21,Nathaniel Brown,Eintracht Frankfurt,3,1,3447373,3447572,3.98,37.2345085144043,-10.579619407653809,35.80799102783203,-34.193511962890625,23.656941343921982,7.53501975361617,6.20398252437548,-1.6311330955754033,False,-4.430184666404102e-05,0.5215158845666369,0.5214715827199728,sideways,-1.3852215286990324,0.310810105301304,0.025031694562105633
Frankfurt_Bayern,1,9,Jonathan Burkardt,Eintracht Frankfurt,3,1,3447515,3447706,3.82,5.314566612243652,9.81988525390625,1.0220285654067993,-15.211276054382324,25.39655329616806,7.703930950008966,6.670091638060929,-1.7406321092477692,False,0.0009060218497357053,0.4134737532783291,0.4143797751280648,sideways,-1.8291558405341521,0.0063312848966670466,0.032518931044239974
Frankfurt_Bayern,1,42,Can Uzun,Eintracht Frankfurt,3,1,3447556,3447729,3.46,10.602762222290039,-0.2502095401287079,2.7045950889587402,-19.705608367919922,20.997466218914475,7.3017331905240965,6.200056721803967,-1.9564324098384456,False,0.003092853334986212,0.4841210385146714,0.48721389184965763,sideways,-1.6452390017675673,0.102201348664567,0.05142221154246573
Frankfurt_Bayern,1,20,Ritsu D&amp;#333;an,Eintracht Frankfurt,9,1,3447749,3447887,2.76,10.393376350402832,8.04216194152832,-5.632795333862305,5.989656925201416,16.15707138362608,6.235633230089806,5.849520548083848,-3.014214002002312,False,0.0007165200902145008,0.5928718593725953,0.5935883794628098,forward,-2.789162746512746,0.057878869467500975,0.07631575323027535
Frankfurt_Bayern,1,9,Jonathan Burkardt,Eintracht Frankfurt,42,1,3447804,3447890,1.72,-2.536261796951294,-17.71078109741211,-11.263209342956543,-18.4596004486084,8.759015006920189,5.639585377078472,5.361593209673642,-3.055996896497247,False,0.026251216643906172,0.46740478064133695,0.4936559972852431,forward,2.8115967049674895,0.3981736410293106,0.08483996004231399
Frankfurt_Bayern,1,16,Hugo Larsson,Eintracht Frankfurt,15,1,3449140,3449209,1.38,14.585556983947754,-0.12130476534366608,14.380523681640625,-7.580557346343994,7.462069935494776,5.972589781604516,5.60972787960654,-1.598276518199735,False,0.010878274900282037,0.5394773645505068,0.5503556394507888,sideways,-0.995409663688322,0.3078973538556315,0.05943453991898808
Frankfurt_Bayern,1,16,Hugo Larsson,Eintracht Frankfurt,15,1,3449518,3449567,0.98,20.155818939208984,0.8592238426208496,22.865970611572266,5.462943077087402,5.342204870370547,5.977994372210142,5.435588597205693,1.0387364158474528,False,0.0006118601069666774,0.5497820458634642,0.5503939059704309,sideways,1.075454637948949,0.40561681271039984,0.04960322953338741
Frankfurt_Bayern,1,9,Jonathan Burkardt,Eintracht Frankfurt,20,1,3449571,3449625,1.08,-0.9835476279258728,-2.039581060409546,3.345942974090576,2.270552396774292,6.109152092695373,6.09600500439443,5.6526537554510305,0.7831576593766807,False,0.00011277176592433547,0.43819895556921745,0.4383117273351418,sideways,1.0116381994697987,0.18692578038818333,0.12013152706220577
Frankfurt_Bayern,1,42,Can Uzun,Eintracht Frankfurt,20,1,3449575,3449634,1.18,8.305280685424805,-9.859232902526855,9.561562538146973,-3.5812666416168213,6.402429575294348,5.758039842635724,5.436441458157246,1.3732953025464991,False,0.003342383827279194,0.47872328117183605,0.48206566499911524,sideways,1.2817666131196859,0.20235814311248257,0.11557708366677426
Frankfurt_Bayern,1,16,Hugo Larsson,Eintracht Frankfurt,9,1,3449688,3449752,1.28,17.867895126342773,5.481442928314209,13.79955768585205,-0.3136523962020874,7.0805719648859755,5.914554634951611,5.529645007482772,-2.182884179335985,False,0.008982562755182832,0.5389731312351084,0.5479556939902912,diagonal,-2.1939998261197005,0.22233747033648088,0.1704239703092935
Frankfurt_Bayern,1,24,Aurélio Buta,Eintracht Frankfurt,42,1,3449732,3449788,1.12,-2.2753570079803467,26.920652389526367,-7.397604942321777,23.347862243652344,6.245178406364351,6.219488550933171,5.579262938896852,-2.5325435958073323,False,0.008954506834140119,0.5285796343200702,0.5375341411542103,diagonal,-2.5095340821259318,0.12961526969491227,0.17897644781514932
Frankfurt_Bayern,1,19,Jean-Mattéo Bahoya Négoce,Eintracht Frankfurt,9,1,3450080,3450271,3.82,3.391571521759033,-25.09413719177246,-17.173614501953125,-28.55799102783203,20.85485937587378,7.484445730714696,6.328193594502434,-2.9747259766496676,False,0.0023070436334965416,0.7480847261560732,0.7503917697895698,diagonal,-2.26182592690767,0.39295399864522024,0.05331475254982016
Frankfurt_Bayern,1,42,Can Uzun,Eintracht Frankfurt,19,1,3450172,3450268,1.92,-2.0586905479431152,-9.471047401428223,-12.66877555847168,-9.86626148223877,10.61744310558403,6.287214378470711,5.515392457341232,-3.104360958612378,False,0.002330019925105953,0.3953559123240273,0.39768593224913323,forward,-2.9228987596748652,0.14073735360877107,0.040493092689284
Frankfurt_Bayern,1,20,Ritsu D&amp;#333;an,Eintracht Frankfurt,19,1,3450185,3450266,1.62,-11.144680976867676,3.3821523189544678,-19.915876388549805,3.996185779571533,8.792662056548687,5.710545791189453,5.420638132684081,3.071701004031918,False,-9.672302338614713e-06,0.3323647732366916,0.332355100934353,forward,3.130610368913737,0.1046984481432966,0.08109298485866506
Frankfurt_Bayern,1,42,Can Uzun,Eintracht Frankfurt,19,1,3450295,3450397,2.04,-16.36751937866211,-9.769133567810059,-31.215866088867188,-8.278761863708496,14.922955734131378,7.979831718560184,7.223095949892336,3.041554801185263,False,0.005827492230284892,0.33180013829423793,0.3376276305245228,forward,3.109383558770449,0.21728791840999442,0.05654687329619974
Frankfurt_Bayern,1,9,Jonathan Burkardt,Eintracht Frankfurt,19,1,3450299,3450371,1.44,-24.393356323242188,-32.12244415283203,-31.65500831604004,-29.354143142700195,7.771427162831931,5.668206433056261,5.389504800073832,2.777378327114871,False,0.004175893766814709,0.6278551204189222,0.6320310141857369,forward,2.8080829864141093,0.304454064658303,0.08307379853712037
Frankfurt_Bayern,1,15,Ellyes Skhiri,Eintracht Frankfurt,19,1,3450300,3450441,2.82,1.0000333786010742,-5.510066509246826,-13.796366691589355,-3.4988760948181152,14.932459339312507,5.62290408623758,5.296845676182771,3.006496274842215,False,0.0108641582369573,0.6100184448908065,0.6208826031277638,forward,3.08011088602018,0.006841237048075822,0.07928698604433299
Frankfurt_Bayern,1,24,Aurélio Buta,Eintracht Frankfurt,19,1,3450300,3450434,2.68,-7.233080863952637,14.120176315307617,-21.503427505493164,11.743762016296387,14.466863453778503,5.628830639804535,5.3957428887246515,-2.976578760838428,False,0.0028741790532052502,0.42300285787415837,0.4258770369273636,forward,-3.0145004644155886,0.0,0.06553296386494413
Frankfurt_Bayern,1,20,Ritsu D&amp;#333;an,Eintracht Frankfurt,19,1,3450300,3450388,1.76,-23.747404098510742,4.2904953956604,-33.23745346069336,5.767399787902832,9.604284641788148,5.764840732073411,5.462821075821792,2.987204484039508,False,0.016128555668627087,0.39161834285689195,0.40774689852551904,forward,3.043844004248822,0.06939739944927953,0.08182098546574619
Frankfurt_Bayern,0,7,Serge Gnabry,FC Bayern München,1,1,3452745,3452882,2.74,-18.256929397583008,-11.740981101989746,-9.546347618103027,-25.134281158447266,15.976693066442555,6.54547747901535,5.864103092231067,-0.9941620300294087,True,-0.0015885845145288124,0.5427175276506265,0.5411289431360977,diagonal,-1.1774200109686048,0.15975164248115822,0.040793098012568314
Frankfurt_Bayern,1,24,Aurélio Buta,Eintracht Frankfurt,4,1,3453061,3453179,2.36,-7.566699981689453,16.916885375976562,-20.457366943359375,22.2755184173584,13.960094655441187,6.334511367139146,5.909042537465149,2.747626623781298,False,0.002628551014089542,0.5095452871654497,0.5121738381795392,diagonal,2.7127291182659983,0.3626595622605466,0.20266918098569003
Frankfurt_Bayern,1,20,Ritsu D&amp;#333;an,Eintracht Frankfurt,24,1,3453324,3453406,1.64,-23.626523971557617,14.665143013000488,-31.875871658325195,12.794933319091797,8.458689115718087,5.384078738103979,5.168884475054602,-2.9186511966818665,False,0.017062578748862356,0.4766137068110882,0.4936762855599506,forward,-3.112825455087333,0.23631723672997687,0.12291887538439257
Frankfurt_Bayern,0,17,Michael Olise,FC Bayern München,23,1,3453874,3453926,1.04,-43.159217834472656,-27.782670974731445,-38.469722747802734,-30.735965728759766,5.541959407292022,5.6293358104973805,5.377830324508244,-0.5620207685083153,True,0.003361528368448441,0.4716019601058715,0.47496348847431996,diagonal,-0.8421342896389243,0.266284575280765,0.19238041590248872
Frankfurt_Bayern,1,15,Ellyes Skhiri,Eintracht Frankfurt,16,1,3454243,3454297,1.08,-30.43538475036621,-6.237704753875732,-33.08917236328125,-1.2786571979522705,5.6244769851401974,5.409582844343504,5.207693487042285,2.0621596273388327,False,0.013060377802521117,0.33574178896298845,0.34880216676550957,diagonal,2.0109141522352174,0.22568309962617958,0.15592815692107412
Frankfurt_Bayern,1,24,Aurélio Buta,Eintracht Frankfurt,20,1,3454264,3454417,3.06,-29.22699546813965,21.36626625061035,-47.9667854309082,12.255704879760742,20.83703568986477,8.209403316986666,6.821172854896241,-2.689077137805316,False,0.01608658839591326,0.45904540870759153,0.4751319971035048,forward,-2.7634556225911218,0.25421902779397354,0.27459835736913313
Frankfurt_Bayern,0,27,Konrad Laimer,FC Bayern München,1,1,3455592,3455673,1.62,-12.633005142211914,25.384382247924805,-5.985233306884766,19.3887996673584,8.95208807234157,5.886959697482572,5.521762335591396,-0.7338602808997465,True,0.017679913710355377,0.6151111161651208,0.6327910298754762,diagonal,-0.7159247735904516,0.2883298270291688,0.20559456871622347
Frankfurt_Bayern,0,6,Joshua Kimmich,FC Bayern München,1,1,3455593,3455728,2.7,-44.367713928222656,-24.799509048461914,-32.221004486083984,-15.880471229553223,15.069564887111515,6.094000766164259,5.5699556574144875,0.6333615971700957,True,0.000586981765225647,0.5974725192639032,0.5980595010291289,diagonal,0.7514461058946649,0.0220345538654396,0.19887539341255625
Frankfurt_Bayern,0,27,Konrad Laimer,FC Bayern München,9,1,3455754,3455882,2.56,-0.5012285709381104,20.175281524658203,15.04276180267334,14.765947341918945,16.458327163945818,7.447647264528844,6.439350296206241,-0.33489343745456,True,0.027388327674850832,0.47560629308643937,0.5029946207612902,forward,0.009582537440778343,0.481775767828986,0.07986084316688112
Frankfurt_Bayern,0,23,Sacha Boey,FC Bayern München,14,1,3455894,3455980,1.72,-11.904581069946289,-20.87480926513672,-2.701185703277588,-19.773784637451172,9.269020525707612,5.659663825811201,5.383286769456151,0.11906656625962331,True,-0.0001982781660995192,0.49792452943593907,0.49772625126983955,forward,0.12779131189940265,0.01405285309592862,0.17788035419314793
Frankfurt_Bayern,0,4,Jonathan Tah,FC Bayern München,8,1,3458063,3458148,1.7,2.3306379318237305,12.419381141662598,-7.135404586791992,13.438347816467285,9.520727600798335,6.017575082389238,5.605318065367097,3.0343611349584996,True,0.0005072788537304751,0.6404314572173337,0.6409387360710642,sideways,2.811568020241202,0.5126353167132552,0.01586511435249302
Frankfurt_Bayern,0,6,Joshua Kimmich,FC Bayern München,2,1,3458932,3458997,1.3,6.332204818725586,0.6810809373855591,4.590071678161621,7.435566425323486,6.975535971250906,5.695313330479919,5.375372098208753,1.8232173600016115,True,0.004456587352585806,0.44202557324498526,0.44648216059757106,sideways,1.6406689681862308,0.19913273015114472,0.024801139609264687
Frankfurt_Bayern,0,23,Sacha Boey,FC Bayern München,2,1,3459504,3459670,3.32,8.42235279083252,-17.475910186767578,29.408367156982422,-20.38619041442871,21.18684804258919,6.975396667423453,6.393961847444096,-0.13779826563514078,True,0.024528750177805314,0.5131386154492189,0.5376673656270242,forward,-0.19094110039941603,0.3597392912165445,0.16728040730088067
Frankfurt_Bayern,0,14,Luis Díaz Marulanda,FC Bayern München,17,1,3460421,3460550,2.58,4.17153787612915,9.43220043182373,16.629037857055664,4.5994954109191895,13.362048630126298,5.40102022736615,5.175400724431931,-0.3700627753613543,True,0.0018889293029281107,0.4427207819067651,0.4446097112096932,diagonal,-0.46116855455225164,0.0271615548900391,0.08032246938518305
Frankfurt_Bayern,0,23,Sacha Boey,FC Bayern München,17,1,3460426,3460553,2.54,-6.198871612548828,-17.0845947265625,8.835528373718262,-18.162776947021484,15.073010974837832,6.728267256952693,5.906447630578283,-0.07159178677674437,True,0.00526651778118481,0.4403333765766177,0.4455998943578025,forward,-0.06011820865235233,0.48689964646310907,0.04202668757049941
Frankfurt_Bayern,0,17,Michael Olise,FC Bayern München,7,1,3461003,3461132,2.58,29.320842742919922,-27.81451988220215,34.39617156982422,-13.556985855102539,15.133943281085369,6.684384866729096,6.095819976104148,1.228808319696064,True,0.0070561843951342795,0.3933481231208288,0.40040430751596306,diagonal,0.6831400604301228,0.16049661177813465,0.2230720908475453
Frankfurt_Bayern,1,16,Hugo Larsson,Eintracht Frankfurt,40,1,3462516,3462645,2.58,14.325214385986328,6.88530969619751,0.7593952417373657,0.5920000076293945,14.954504200764964,6.253554516453097,5.7840927784767935,-2.707232144374252,False,0.002841052464470417,0.5454404338180571,0.5482814862825275,diagonal,-2.7488492771517232,0.17351360907054764,0.13349674346324464
Frankfurt_Bayern,1,15,Ellyes Skhiri,Eintracht Frankfurt,40,1,3462550,3462610,1.2,10.954557418823242,-4.899795055389404,4.568780899047852,-6.387552261352539,6.5567951976868954,5.7407144590379104,5.443329855504442,-2.9126959857366446,False,0.005918910495943397,0.5226480916150902,0.5285670021110336,forward,-2.921714517322518,0.25777869320899405,0.10274593259623038
Frankfurt_Bayern,1,20,Ritsu D&amp;#333;an,Eintracht Frankfurt,40,1,3462563,3462659,1.92,-10.027628898620605,10.68673324584961,-18.09847640991211,2.7186954021453857,11.341437590941588,6.683886796106785,5.876315070148504,-2.3626044281182392,False,0.0010680454498275815,0.4203694354243298,0.4214374808741574,diagonal,-2.4010572057076724,0.09949997786214032,0.1213740903349346
Frankfurt_Bayern,1,15,Ellyes Skhiri,Eintracht Frankfurt,3,1,3464764,3464918,3.08,-1.729209542274475,-28.92641830444336,11.385875701904297,-18.725109100341797,16.615419658851923,5.731615394967529,5.4311949035320914,0.6610758228130144,False,0.005239995038166301,0.5441406356047506,0.5493806306429169,sideways,0.4416534752469048,0.24942095080626892,0.018812366023731018
Frankfurt_Bayern,1,24,Aurélio Buta,Eintracht Frankfurt,3,1,3464857,3464982,2.5,1.124904751777649,17.460004806518555,14.088756561279297,24.684375762939453,14.840922796601866,6.3413819751081935,5.9264174559617,0.5084079546633621,False,0.00013769876964064842,0.6094232241870906,0.6095609229567313,sideways,0.5717195680526729,0.058684731334656355,0.020245647174630087
Frankfurt_Bayern,1,16,Hugo Larsson,Eintracht Frankfurt,4,1,3464913,3465164,5.02,10.078409194946289,-10.482253074645996,13.56704330444336,17.022689819335938,27.725303452823628,6.650910435319618,5.74987199660226,1.4446333743136246,False,0.003303751711635994,0.4756079629463505,0.4789117146579865,sideways,1.0473120868098456,0.24912571326760904,0.042956579612980855
Frankfurt_Bayern,1,20,Ritsu D&amp;#333;an,Eintracht Frankfurt,24,1,3465080,3465204,2.48,4.9377665519714355,15.364090919494629,-3.773085832595825,24.84551429748535,12.875416053022525,6.347180850828626,5.6408039063890145,2.3138627518829225,False,0.0021794276677451485,0.372563822055717,0.3747432497234621,diagonal,2.540320775188055,0.30594240216405705,0.17248441161211003
Frankfurt_Bayern,0,27,Konrad Laimer,FC Bayern München,9,1,3465547,3465730,3.66,-4.82556676864624,31.484724044799805,17.39141845703125,20.912981033325195,24.603987132548948,7.413159169864718,6.7626209957084065,-0.44413394623860514,True,0.026020668136610636,0.6705778286604728,0.6965984967970834,forward,-0.11176932752476337,0.19441625510640143,0.1453786027890961
Frankfurt_Bayern,0,7,Serge Gnabry,FC Bayern München,9,1,3465549,3465695,2.92,2.5866000652313232,8.535561561584473,20.139509201049805,6.300723552703857,17.69460708962585,6.812332595222873,6.070929583690175,-0.12663873688943192,True,0.016982715754109534,0.42146589333589984,0.4384486090900094,forward,-0.25858810001882515,0.5620656460634127,0.09457469580264162
Frankfurt_Bayern,0,14,Luis Díaz Marulanda,FC Bayern München,9,1,3465553,3465637,1.68,-9.76892375946045,29.696876525878906,-0.9519380927085876,28.52800941467285,8.894126520989397,5.4893979764305225,5.2812680543414325,-0.13180138179011705,True,0.019172821479764957,0.5491173161263667,0.5682901376061317,forward,-0.054842965029706064,0.19625802149066487,0.1291357583407386
Frankfurt_Bayern,0,6,Joshua Kimmich,FC Bayern München,9,1,3465567,3465730,3.26,-10.315823554992676,13.614285469055176,4.327424049377441,0.6657381057739258,19.54711178721882,6.3796763924620015,6.004357258789991,-0.724054782702026,True,0.007779794746996749,0.6217040806252842,0.6294838753722809,diagonal,-0.7548051400061926,0.3839801143165717,0.12150273335558746
Frankfurt_Bayern,0,17,Michael Olise,FC Bayern München,9,1,3465573,3465651,1.56,9.131547927856445,-7.591733455657959,18.141857147216797,-8.973043441772461,9.11557400859813,6.421837263121008,5.878585515029998,-0.1521189664654945,True,-0.003610208986420116,0.47209786818599275,0.46848765919957264,forward,-0.13074952839190232,0.10131743516446305,0.19134349882710833
Frankfurt_Bayern,1,19,Jean-Mattéo Bahoya Négoce,Eintracht Frankfurt,3,1,3467089,3467191,2.04,17.299819946289062,-32.006629943847656,16.531042098999023,-22.21279525756836,9.82396138228624,5.6595198277413035,5.350926425278954,1.6491318007745843,False,-0.0027997408671466273,0.4725036737242157,0.4697039328570691,sideways,0.8988153172721138,0.388747387572054,0.23448172154745792
Frankfurt_Bayern,1,9,Jonathan Burkardt,Eintracht Frankfurt,3,1,3467092,3467201,2.18,-1.7061618566513062,0.1544952392578125,2.447009563446045,-11.222614288330078,12.111459616720216,5.901058884076901,5.545488945376963,-1.2207806398642824,False,0.0007746455390226226,0.434378831892242,0.43515347743126465,sideways,-1.4374410400358384,0.0316708411555997,0.08728213898255774
Frankfurt_Bayern,1,42,Can Uzun,Eintracht Frankfurt,19,1,3467117,3467171,1.08,12.404752731323242,-7.535195350646973,8.531661987304688,-12.010404586791992,5.918473588576694,5.75691267399243,5.46963767651554,-2.2841944814735315,False,0.017141739352288687,0.5220695059242122,0.5392112452765009,diagonal,-2.123555716990998,0.19063800175112566,0.10128909349310779
Frankfurt_Bayern,1,9,Jonathan Burkardt,Eintracht Frankfurt,40,1,3467483,3467966,9.66,-0.5815809369087219,-13.324614524841309,-36.1234130859375,13.109657287597656,44.2943851832672,8.764999622204614,6.708294777620472,2.5021029407161883,False,0.006335447214077972,0.4145081540385238,0.4208436012526018,sideways,1.5687448346930368,0.017471291350046252,0.06811158112331092
Frankfurt_Bayern,1,24,Aurélio Buta,Eintracht Frankfurt,40,1,3467571,3467972,8.02,13.497795104980469,29.385879516601562,-36.39278030395508,7.126328468322754,54.63110036879739,8.158027654989347,6.929898971116875,-2.721930442026708,False,0.025682209654835697,0.5385429111904991,0.5642251208453348,forward,-2.909236267757469,0.4662880796759353,0.12271160723622243
Frankfurt_Bayern,1,20,Ritsu D&amp;#333;an,Eintracht Frankfurt,40,1,3467633,3468066,8.66,18.232439041137695,20.482004165649414,-33.47523880004883,12.197842597961426,52.36708203258504,6.903765034382123,6.3209202346389874,-2.9827312351738695,False,0.003997381755935114,0.5771674446076798,0.5811648263636149,forward,3.0034366205255973,0.21183014634940722,0.058686250975447024
Frankfurt_Bayern,1,19,Jean-Mattéo Bahoya Négoce,Eintracht Frankfurt,24,1,3467764,3467958,3.88,-2.9857523441314697,-4.158100128173828,-27.509376525878906,-1.0982285737991333,24.71378070908737,7.093179948243906,6.377629553170062,3.0174617594212223,False,0.0012450000476768586,0.4818397703503181,0.48308477039799497,forward,3.0946139533134587,0.12273082716037415,0.061418482898899354
Frankfurt_Bayern,1,42,Can Uzun,Eintracht Frankfurt,24,1,3467806,3468055,4.98,-1.5062333345413208,-18.215410232543945,-28.441890716552734,-11.718923568725586,27.7080128766802,5.938871702742322,5.562039704479195,2.9049271574456808,False,0.0001621551881830774,0.6229820641473821,0.6231442193355652,forward,2.9441941516974635,0.0819269314211361,0.09363051216163289
Frankfurt_Bayern,1,9,Jonathan Burkardt,Eintracht Frankfurt,4,1,3470946,3471422,9.52,-6.250447750091553,32.0711669921875,-42.528038024902344,-5.436785697937012,52.18151081706685,8.618496124501359,7.080597554162445,-2.339521191458792,False,-0.0011399364278401602,0.44428964162258394,0.4431497051947438,forward,3.102466471831002,0.5080668362596561,0.04621939494480347
Frankfurt_Bayern,1,20,Ritsu D&amp;#333;an,Eintracht Frankfurt,4,1,3470961,3471070,2.18,1.3036381006240845,26.007680892944336,-10.223780632019043,27.904285430908203,11.682400926655308,5.632672541046206,5.364185100845927,2.9785237533887456,False,0.0030661207209609076,0.5934337075595009,0.5964998282804618,forward,3.131188168609619,0.288043763336201,0.047207362873129925
Frankfurt_Bayern,1,42,Can Uzun,Eintracht Frankfurt,4,1,3471018,3471521,10.06,-2.772047758102417,19.637224197387695,-33.09800338745117,-28.108280181884766,56.562326448479425,7.55533980496658,6.674568201983523,-2.136667193371961,False,0.0018323255478085443,0.5055377251088914,0.5073700506566999,forward,2.941658715436778,0.13482396215558193,0.04513891512983151
Frankfurt_Bayern,0,6,Joshua Kimmich,FC Bayern München,1,1,3471208,3471323,2.3,-20.396066665649414,10.321280479431152,-32.221527099609375,6.858590602874756,12.322002096102672,5.999370486172752,5.523532082750751,-2.8567391903637476,True,0.0015897668302470858,0.44536442690672734,0.4469541937369744,sideways,-2.5892004790213177,0.3180833081474303,0.017620548236018455
Frankfurt_Bayern,0,23,Sacha Boey,FC Bayern München,1,1,3471266,3471374,2.16,-16.023908615112305,-17.24953269958496,-20.010032653808594,-27.684894561767578,11.170763718142457,5.524727523755615,5.200393791987507,-1.9356744125856988,True,-0.0022731203952269796,0.5464971771781559,0.544224056782929,sideways,-1.7816579396876637,0.1434673982004517,0.04529740877432939
Frankfurt_Bayern,0,6,Joshua Kimmich,FC Bayern München,2,1,3471380,3471488,2.16,-34.19472885131836,1.7165095806121826,-32.27178192138672,-9.474418640136719,11.354937222956703,5.46916749276454,5.306982583042008,-1.4006272657898777,True,0.0035464111032142975,0.542640290049626,0.5461867011528403,sideways,-1.6981668155291842,0.07735745400479416,0.034758780019027054
Frankfurt_Bayern,1,3,Arthur Theate,Eintracht Frankfurt,16,1,3471728,3471827,1.98,10.273152351379395,-10.752933502197266,21.701461791992188,-12.511381149291992,11.562802203530616,6.261380681085604,5.849873354480134,-0.15267037276341822,False,0.0008023136068573411,0.7480940627441688,0.7488963763510261,sideways,0.11018822968128768,0.4082249696601542,0.06542197021464818
Frankfurt_Bayern,1,15,Ellyes Skhiri,Eintracht Frankfurt,3,1,3472108,3472179,1.42,21.136991500854492,-6.754942893981934,27.211538314819336,-2.8882951736450195,7.20076965249112,5.196742186027257,5.082380941745281,0.5668495460052584,False,0.0008226656088076156,0.547289586647732,0.5481122522565396,sideways,0.6751380801767273,0.40272897178497524,0.01828727439497633
Frankfurt_Bayern,1,19,Jean-Mattéo Bahoya Négoce,Eintracht Frankfurt,15,1,3472885,3473009,2.48,14.531176567077637,-33.97831344604492,27.898990631103516,-34.698524475097656,13.387201230157753,5.723735377678379,5.413462675688708,-0.053824461502485224,False,-0.0009405762286363029,0.5576276492422005,0.5566870730135642,sideways,-0.18577453959257575,0.17316074716969213,0.14022542240767685
Frankfurt_Bayern,1,9,Jonathan Burkardt,Eintracht Frankfurt,3,1,3473017,3473108,1.82,2.7417476177215576,-7.54707145690918,6.588614463806152,-16.272781372070312,9.536057783751424,5.515349183349274,5.285434271023056,-1.1555643378081744,False,-0.0002410626062313015,0.41390058649061867,0.41365952388438737,sideways,-1.347516496088339,0.05066973862371211,0.04591053114512007
Frankfurt_Bayern,1,9,Jonathan Burkardt,Eintracht Frankfurt,15,1,3474420,3474643,4.46,7.573095321655273,-19.75196075439453,-18.494918823242188,-26.71233367919922,26.981255580697653,7.005253658395537,6.421341195909188,-2.8806714518707563,False,0.003775882861885238,0.5942379127082495,0.5980137955701348,forward,2.960077287066004,0.11369297385449992,0.056509750492610464
Frankfurt_Bayern,1,42,Can Uzun,Eintracht Frankfurt,15,1,3474440,3474529,1.78,6.244828701019287,-14.3319091796875,-2.672619104385376,-15.951437950134277,9.063318862338525,5.239564816244469,5.107577992069518,-2.96193730775732,False,0.0031482905082651502,0.6075432619693893,0.6106915524776545,forward,-2.9387067070165527,0.07879342666427754,0.041201612665555505
Frankfurt_Bayern,0,14,Luis Díaz Marulanda,FC Bayern München,1,1,3474711,3474877,3.32,3.038100004196167,11.080262184143066,27.155271530151367,5.630095481872559,24.725336792344862,8.583190668176785,7.459273822452409,-0.22225366307135141,True,-0.004042415131348898,0.502208546453583,0.49816613132223414,forward,-0.01632528808977786,0.19198209857149467,0.18744444413634653
Frankfurt_Bayern,1,21,Nathaniel Brown,Eintracht Frankfurt,42,1,3475562,3475865,6.06,3.54292368888855,-26.276342391967773,-39.04678726196289,-17.905038833618164,43.404633417909565,9.332924731311135,7.389675320211364,2.947509903003837,False,0.012243205785337441,0.620598882395936,0.6328420881812734,diagonal,-2.7107924474876413,0.3847130588550478,0.05515786013885496
Frankfurt_Bayern,1,19,Jean-Mattéo Bahoya Négoce,Eintracht Frankfurt,42,1,3475630,3475815,3.7,-10.050104141235352,-33.668922424316406,-31.086872100830078,-27.461299896240234,21.933540152855173,6.499363841818806,5.938424466027858,2.854651641888413,False,-0.0028758054588888804,0.6846020641543129,0.681726258695424,forward,3.0108419441379506,0.2306958732658438,0.06329304981644814
Frankfurt_Bayern,1,24,Aurélio Buta,Eintracht Frankfurt,42,1,3475650,3475813,3.26,-2.8271191120147705,19.995990753173828,-18.72881317138672,13.80751895904541,17.063442123574838,5.449730711460336,5.239992098909285,-2.770456685890454,False,-0.00030726302611677747,0.45210504769242627,0.4517977846663095,diagonal,-2.7003599342292506,0.029182353088809055,0.05813856596188602
Frankfurt_Bayern,1,20,Ritsu D&amp;#333;an,Eintracht Frankfurt,42,1,3475657,3475928,5.42,-4.593185901641846,5.533447742462158,-35.134490966796875,5.200442790985107,30.54312045912422,6.07417637314307,5.700052367502531,-3.130689656638521,False,0.001539421514132,0.5007862195411488,0.5023256410552808,forward,-2.8606736452856767,0.02553600045564409,0.04478387838409332
Frankfurt_Bayern,1,16,Hugo Larsson,Eintracht Frankfurt,42,1,3475663,3475864,4.02,7.91313362121582,7.175866603851318,-17.45551300048828,2.759885787963867,25.750128504207215,7.086446757019674,6.4036242859249874,-2.969247179843555,False,0.0004816419228921842,0.46197834195997384,0.462459983882866,forward,-2.7834499606210037,0.007579243654833229,0.05781798670856124
Frankfurt_Bayern,1,9,Jonathan Burkardt,Eintracht Frankfurt,19,1,3475738,3475847,2.18,-16.79928970336914,-5.670252323150635,-28.154085159301758,-5.5751237869262695,11.355193934251947,5.544058513045645,5.2981818413820285,3.1332150204514977,False,0.018463072643907397,0.44630860509214393,0.4647716777360513,forward,2.819330128738524,0.17702515095244822,0.09526019188883099
Frankfurt_Bayern,1,15,Ellyes Skhiri,Eintracht Frankfurt,3,2,3526556,3526693,2.74,-3.7925570011138916,-2.423304796218872,8.680100440979004,-9.736900329589844,14.458764238120045,5.683703213945613,5.313488111660157,-0.5303373557162367,True,0.0045004060487409125,0.7297668056075997,0.7342672116563406,diagonal,-0.7897843364683974,0.31882886967384805,0.10594513325935857
Frankfurt_Bayern,1,20,Ritsu D&amp;#333;an,Eintracht Frankfurt,3,2,3526569,3526701,2.64,13.774299621582031,-13.068480491638184,30.443424224853516,-13.3159761428833,16.67096185397759,7.092621623480059,6.323697065468316,-0.014846458512829959,True,0.03452762563568279,0.5002979614574653,0.5348255870931481,forward,-0.020531988860934113,0.4855338388493047,0.13643785970753228
Frankfurt_Bayern,1,9,Jonathan Burkardt,Eintracht Frankfurt,3,2,3526577,3526624,0.94,18.5888614654541,-16.19266700744629,23.504772186279297,-17.220457077026367,5.022203763513734,5.775648004697765,5.374125592363197,-0.20610532646829086,True,0.028313635586129537,0.4480789395728388,0.4763925751589683,diagonal,-0.39332347866333084,0.470954460256072,0.12063734998624144
Frankfurt_Bayern,0,14,Luis Díaz Marulanda,FC Bayern München,27,2,3529267,3529400,2.66,-11.174214363098145,-32.164955139160156,-28.734956741333008,-26.662029266357422,18.402767890627093,8.199253674762641,6.929243270011647,2.8379197377070646,False,0.01350356535308006,0.49003303380497165,0.5035365991580517,forward,3.0217448540778102,0.2677204414912444,0.184627845779148
Frankfurt_Bayern,1,15,Ellyes Skhiri,Eintracht Frankfurt,4,2,3530354,3530405,1.02,-35.706565856933594,-6.913414478302002,-35.04383850097656,-12.032657623291016,5.161962604073262,5.239404686379206,5.093616189061554,-1.4420542796480482,True,-0.002365769425073161,0.5357409396099475,0.5333751701848743,sideways,-1.6781381407498022,0.32307763591436506,0.05189604863791444
Frankfurt_Bayern,1,16,Hugo Larsson,Eintracht Frankfurt,4,2,3530430,3530520,1.8,-30.27102279663086,-20.98711395263672,-25.349090576171875,-29.570594787597656,9.894521717947462,6.575486055374414,5.847857348639084,-1.050150914903484,True,0.004574797528139496,0.6585618666816887,0.6631366642098282,sideways,-1.5363190296723426,0.32450991438309584,0.036448509898977716
Frankfurt_Bayern,1,3,Arthur Theate,Eintracht Frankfurt,4,2,3533096,3533179,1.66,-36.6652717590332,-2.442161798477173,-41.09312438964844,4.9320855140686035,8.601476753734492,5.35909777479852,5.200671089515917,2.1115452315625176,True,-0.003324164986063638,0.4157920009209081,0.4124678359348445,sideways,2.301033162208435,0.4059128129075464,0.048125534950841535
Frankfurt_Bayern,1,21,Nathaniel Brown,Eintracht Frankfurt,4,2,3533107,3533192,1.7,-20.456756591796875,1.322452425956726,-23.982791900634766,9.297147750854492,8.719443246223799,5.296310480512717,5.134595617389327,1.9871055397577593,True,6.530764137546718e-05,0.6158263414909506,0.6158916491323261,sideways,1.9952318612686475,0.2235266599598282,0.07071135292056979
Frankfurt_Bayern,1,4,Robin Koch,Eintracht Frankfurt,40,2,3533284,3533369,1.7,-40.753475189208984,-19.901309967041016,-32.82121658325195,-15.820723533630371,8.92030897628072,5.423504542869897,5.248741859197271,0.4751243209985035,True,0.0013002150806297186,0.5269997300101409,0.5282999450907706,diagonal,0.4610012050999414,0.08341191022405074,0.11617627011456368
Frankfurt_Bayern,1,15,Ellyes Skhiri,Eintracht Frankfurt,40,2,3533316,3533406,1.8,-26.75957679748535,-9.461956977844238,-16.55264663696289,-8.810937881469727,10.227670759543805,6.181748669285368,5.688286552263103,0.06369578510747304,True,0.00047485968375227117,0.4807975164381208,0.48127237612187307,forward,0.06951809838800442,0.1872605985287321,0.10522164734630056
Frankfurt_Bayern,1,20,Ritsu D&amp;#333;an,Eintracht Frankfurt,40,2,3533364,3533545,3.62,-5.096557140350342,-12.06020450592041,19.025638580322266,-5.224318981170654,25.07208920879788,8.194629959951369,7.01592294147508,0.27614550177923286,True,0.010733593811945996,0.3517864277316277,0.3625200215435737,forward,0.021902312296739293,0.5418133466497145,0.09073175953412121
Frankfurt_Bayern,1,9,Jonathan Burkardt,Eintracht Frankfurt,40,2,3533438,3533511,1.46,0.25192856788635254,-8.140152931213379,8.08230972290039,-7.621300220489502,7.847552304268159,5.640215754489791,5.352508240759995,0.06616476759001914,True,0.008752875174836694,0.4737383402469731,0.4824912154218098,forward,0.1566794815323312,0.20855064581165747,0.057396528539530305
Frankfurt_Bayern,0,6,Joshua Kimmich,FC Bayern München,2,2,3533512,3533702,3.8,10.92645263671875,3.4315428733825684,30.361719131469727,16.720081329345703,23.543891734749398,6.901175042314351,6.222169643415758,0.5997250714945908,False,0.0011069510413103112,0.6305379559241664,0.6316449069654767,sideways,0.35962650808178404,0.29896010325222727,0.021476133223604386
Frankfurt_Bayern,0,2,Dayotchanculle Upamecano,FC Bayern München,1,2,3533650,3533705,1.1,24.38340950012207,7.011837959289551,29.15772819519043,10.345943450927734,5.823261837789121,5.538218722607758,5.290013585578172,0.6096120959069572,False,0.00033011538540073104,0.6629844419638796,0.6633145573492804,sideways,0.5528170892372695,0.330892458123639,0.04786011815599307
Frankfurt_Bayern,1,20,Ritsu D&amp;#333;an,Eintracht Frankfurt,4,2,3534744,3534868,2.48,-17.870899200439453,-14.931414604187012,-9.221938133239746,-26.8764705657959,14.747504516626002,6.518259393561522,5.959340034691629,-0.9441032409458475,True,0.012104471069207978,0.3971983071287997,0.4093027781980077,sideways,-1.200824563911186,0.36781053114661455,0.05365673991220888
Frankfurt_Bayern,1,16,Hugo Larsson,Eintracht Frankfurt,42,2,3536188,3536266,1.56,-34.21225357055664,17.272666931152344,-28.024986267089844,11.37977123260498,8.544500944964973,5.910230366713229,5.482016863493059,-0.7610348034943947,True,0.0005986741429500619,0.49563989286782645,0.4962385670107765,diagonal,-0.8291904759732279,0.42760364387156097,0.07659371359096218
Frankfurt_Bayern,0,14,Luis Díaz Marulanda,FC Bayern München,27,2,3536465,3536712,4.94,2.7111618518829346,-14.749066352844238,-34.65300750732422,-14.983247756958008,37.364903222590414,8.8777599604441,7.767125890898533,-3.135325196241565,False,0.0004169880965632644,0.4842345591535012,0.4846515472500645,diagonal,-2.3851623781497375,0.30681069680005923,0.22191277551126198
Frankfurt_Bayern,0,45,Aleksandar Pavlovi&amp;#263;,FC Bayern München,27,2,3536542,3536685,2.86,-16.00689125061035,-5.178795337677002,-32.44071578979492,-7.400952339172363,16.583382366815275,6.396453235545807,5.891052590595731,-3.0071893488362815,False,0.00901748941265379,0.393376084929094,0.4023935743417478,diagonal,-2.600627507601728,0.2951898100006629,0.1116730312556049
Frankfurt_Bayern,0,27,Konrad Laimer,FC Bayern München,9,2,3536710,3536774,1.28,-19.471281051635742,-12.518486022949219,-25.554628372192383,-15.547943115234375,6.795934438803871,5.569116171371509,5.2870662781951046,-2.679552893428635,False,0.006947960073343418,0.41005131668263894,0.41699927675598236,forward,-2.766060134320191,0.448580387029252,0.11710208814537407
Frankfurt_Bayern,1,42,Can Uzun,Eintracht Frankfurt,16,2,3536911,3537019,2.16,-19.48957633972168,-3.31882381439209,-15.700090408325195,-14.488243103027344,11.794750140193269,5.684217819412484,5.46050289509325,-1.2437093472980196,True,0.006786255277131448,0.47197176507708993,0.4787580203542214,sideways,-1.3825237577077312,0.28641695954552476,0.0969243900465007
Frankfurt_Bayern,1,20,Ritsu D&amp;#333;an,Eintracht Frankfurt,16,2,3536994,3537049,1.1,-30.009380340576172,-19.896961212158203,-24.29531478881836,-22.174680709838867,6.151304840430197,6.23329381932236,5.639308691067768,-0.37931293767784563,True,0.003939878661243068,0.3864322168055894,0.3903720954668325,forward,-0.33476495560550257,0.14511562010824208,0.07397868524471576
Frankfurt_Bayern,0,27,Konrad Laimer,FC Bayern München,4,2,3537055,3537164,2.18,-23.462846755981445,-23.746076583862305,-32.838871002197266,-32.730220794677734,12.985556509690117,7.029480709938413,6.227445033529138,-2.3775352825319644,False,0.0010225521900586454,0.5849617318577619,0.5859842840478205,sideways,-1.4117216756668662,0.5906793742764749,0.046261847470946776
Frankfurt_Bayern,0,27,Konrad Laimer,FC Bayern München,4,2,3539616,3539694,1.56,-17.373380661010742,-15.508785247802734,-24.818185806274414,-20.32709503173828,8.867989221064347,6.384208222557627,5.7189633278444365,-2.567185298289147,False,0.001243250338251567,0.43564444003919794,0.4368876903774495,forward,-2.911729867756532,0.4667283312260546,0.12308621726413495
Frankfurt_Bayern,0,14,Luis Díaz Marulanda,FC Bayern München,9,2,3540205,3540250,0.9,-28.711238861083984,-31.750890731811523,-29.194528579711914,-26.759075164794922,5.015156189715405,6.0329392568943625,5.61894927972353,1.6673119376843155,False,0.01206395802596616,0.4932685338501881,0.5053324918761543,sideways,1.3368146893130188,0.5054464023910256,0.1248933604733269
Frankfurt_Bayern,0,27,Konrad Laimer,FC Bayern München,14,2,3540313,3540453,2.8,-36.46706008911133,-28.134538650512695,-36.94960021972656,-11.515538215637207,16.626004343559092,6.493832680962548,5.976232890876868,1.5998236198664038,False,0.0037150686654056075,0.3310319171751043,0.3347469858405099,sideways,1.670526548449345,0.2713677492997794,0.11731019368381995
Frankfurt_Bayern,1,9,Jonathan Burkardt,Eintracht Frankfurt,40,2,3541908,3542015,2.14,11.927009582519531,-2.420119047164917,16.776018142700195,8.658305168151855,12.093153728917136,6.216511670318073,5.658720964577386,1.158219370927659,True,0.01820760736907512,0.3912943967912291,0.40950200416030424,sideways,1.1840317517596068,0.21929608483645271,0.1608733830654658
Frankfurt_Bayern,1,15,Ellyes Skhiri,Eintracht Frankfurt,40,2,3541934,3541991,1.14,-10.176728248596191,2.8774285316467285,-4.875638008117676,6.112566947937012,6.210288102033091,5.6165580835545645,5.434614451388354,0.5479425519770514,True,0.003231481734755959,0.6202992941591816,0.6235307758939376,forward,0.3489804631805339,0.10923314133023763,0.08169569958021387
Frankfurt_Bayern,0,4,Jonathan Tah,FC Bayern München,2,2,3542250,3542343,1.86,19.19819450378418,7.931609630584717,26.244447708129883,-0.5597714185714722,11.034184897024382,6.416914590938835,5.926797190635639,-0.878139585670074,False,0.0008001076124752871,0.6706096197851871,0.6714097273976624,sideways,-0.7059892067088349,0.46907273673219635,0.043890506042963115
Frankfurt_Bayern,0,45,Aleksandar Pavlovi&amp;#263;,FC Bayern München,1,2,3542406,3542554,2.96,11.389976501464844,0.4959428608417511,15.343009948730469,-17.77131462097168,18.690082111699496,7.176552554817926,6.322887504126229,-1.3576824642155545,False,0.0014012140816118679,0.6010267829942643,0.6024279970758761,sideways,-1.4476372162753306,0.3830521413436689,0.02797884139773937
Frankfurt_Bayern,0,17,Michael Olise,FC Bayern München,2,2,3542920,3543007,1.74,-4.701938152313232,31.730772018432617,-14.850780487060547,31.328386306762695,10.156816184046821,6.370300829233149,5.830245777369847,-3.101964975164889,False,0.0006659235297276078,0.5537891487313068,0.5544550722610344,forward,3.1084648403338404,0.28299028092512984,0.2138717554253346
Frankfurt_Bayern,0,7,Serge Gnabry,FC Bayern München,2,2,3542997,3543142,2.9,6.242766857147217,19.38844871520996,-9.293333053588867,22.67862892150879,15.88067020708806,5.896376146183275,5.473855077723209,2.9328996438021666,False,0.00038933397055246344,0.3914491018106359,0.3918384357811884,forward,2.8243545809390325,0.22193879047002446,0.03494180567913601
Frankfurt_Bayern,1,16,Hugo Larsson,Eintracht Frankfurt,4,2,3543568,3543828,5.2,-32.97510528564453,-4.898880958557129,-11.466376304626465,-27.762319564819336,31.390480201507074,7.883911782133557,6.229353178072296,-0.8159192989984951,True,0.00792591649003771,0.5504372662779099,0.5583631827679476,diagonal,-0.9100364228690421,0.16502224536018473,0.133205740587496
Frankfurt_Bayern,0,2,Dayotchanculle Upamecano,FC Bayern München,27,2,3544376,3544483,2.14,-0.8985238075256348,-14.177928924560547,11.209733963012695,-17.1651668548584,12.471306935923439,6.288137359436493,5.85337944457502,-0.24188055526553795,False,0.0014562229150532069,0.5936201022927478,0.595076325207801,sideways,-0.47088739038232347,0.41490590259945215,0.04541323913138978
Frankfurt_Bayern,0,6,Joshua Kimmich,FC Bayern München,4,2,3544476,3544556,1.6,-7.698195457458496,-24.8370418548584,0.21190953254699707,-21.91383934020996,8.432963529777462,5.509705500768541,5.261455069289701,0.35398663026421756,False,-4.209409667543795e-05,0.5435218226429582,0.5434797285462828,sideways,0.30160841339509603,0.24596052757490358,0.017859211430243133
Frankfurt_Bayern,0,45,Aleksandar Pavlovi&amp;#263;,FC Bayern München,2,2,3544516,3544645,2.58,-4.1469807624816895,-13.195610046386719,6.153876304626465,-3.3906333446502686,14.221294752538764,6.013660211795922,5.535699170160389,0.7607396557407006,False,0.0005285199047286859,0.5771366576636813,0.57766517756841,sideways,0.8803367592655397,0.21391487716573723,0.057186785499884006
Frankfurt_Bayern,0,7,Serge Gnabry,FC Bayern München,6,2,3545654,3545813,3.18,-22.505847930908203,14.938400268554688,-44.55414962768555,10.183409690856934,22.55521099671003,8.463238738076333,7.173447961880731,-2.9291834066400857,False,0.029647352129401172,0.4415161449542155,0.47116349708361666,diagonal,-2.3873694529315053,0.44627278901870787,0.13061042676323284
Frankfurt_Bayern,0,17,Michael Olise,FC Bayern München,9,2,3545727,3545845,2.36,-22.870037078857422,20.674041748046875,-35.19380569458008,17.008037567138672,12.8574826287383,5.864857357673708,5.471825613630646,-2.852454642291339,False,0.004311470362813097,0.5497209297103784,0.5540324000731915,diagonal,-2.695048233097328,0.17978231739746897,0.07858714350688166
Frankfurt_Bayern,0,7,Serge Gnabry,FC Bayern München,4,2,3547181,3547270,1.78,-18.903461456298828,-2.0622951984405518,-9.809000015258789,-5.2594475746154785,9.640073247597503,5.6805160654290505,5.424898825747685,-0.33805445530698885,False,0.00114275752511378,0.44347971079535664,0.4446224683204704,sideways,-0.49748061609623373,0.16734958223691815,0.05258950280333847
Frankfurt_Bayern,0,14,Luis Díaz Marulanda,FC Bayern München,17,2,3549927,3550003,1.52,-34.220699310302734,-11.364789962768555,-40.34992980957031,-5.25060510635376,8.65740855981534,6.190621064929232,5.658422939062024,2.3574233658648627,False,0.005344488307692741,0.5927834473437523,0.5981279356514451,diagonal,2.286254069048359,0.010657503646607301,0.1475214650315219
Frankfurt_Bayern,0,7,Serge Gnabry,FC Bayern München,9,2,3551681,3551872,3.82,-28.740514755249023,22.0153865814209,-37.341800689697266,1.4593857526779175,22.282982066981504,6.521281772256011,5.844632983609139,-1.967090584740988,False,0.030631799546193772,0.5115132613164297,0.5421450608626235,sideways,-1.899149280821598,0.2912952677233264,0.14344106104755924
Frankfurt_Bayern,0,14,Luis Díaz Marulanda,FC Bayern München,9,2,3551711,3551907,3.92,-29.600624084472656,8.454514503479004,-47.40058517456055,-5.027580738067627,22.32947618979848,7.546431251343938,6.237988991560762,-2.4933578943951313,False,0.010651888291048073,0.3634624658417223,0.3741143541327704,forward,-2.7597356074205606,0.1850982646033314,0.1276580321013327
Frankfurt_Bayern,1,16,Hugo Larsson,Eintracht Frankfurt,40,2,3556429,3556582,3.06,-33.13913345336914,-13.602747917175293,-30.87432289123535,-28.93646240234375,15.500069896455878,6.65828793701694,5.872307446128604,-1.4241551873643803,True,0.0012852525184856023,0.4435367036443809,0.4448219561628665,sideways,-2.050076838409171,0.3643974973606257,0.03834091805820253
Frankfurt_Bayern,0,27,Konrad Laimer,FC Bayern München,4,2,3558886,3558974,1.76,-27.54974365234375,-19.463180541992188,-33.36419677734375,-27.22003746032715,9.694157745484814,5.9593794783615595,5.589527934033664,-2.214034220247825,False,0.008082532876007853,0.4566402267995236,0.46472275967553145,diagonal,-2.5446273789620966,0.3785993344216118,0.08285845136547156
Frankfurt_Bayern,1,15,Ellyes Skhiri,Eintracht Frankfurt,40,2,3560479,3560677,3.96,-49.19015121459961,-4.369514465332031,-40.327117919921875,17.156646728515625,23.279368009593362,6.5695810915311315,5.8992748377877025,1.1802162988129787,True,0.0015892290291357192,0.7218828071134161,0.7234720361425518,diagonal,1.1187687794878844,0.10013906968407645,0.14825093481599652
Frankfurt_Bayern,1,9,Jonathan Burkardt,Eintracht Frankfurt,3,2,3560510,3560718,4.16,-1.9613381624221802,4.094047546386719,-13.551624298095703,23.31791877746582,22.447537900979178,6.409206813558356,5.558634969213811,2.1133536229258905,True,-0.0007332989902490983,0.4299300769064021,0.429196777916153,sideways,1.7603634371059604,0.050541521227290075,0.07195443269103728
Frankfurt_Bayern,0,27,Konrad Laimer,FC Bayern München,9,2,3564715,3564935,4.4,-20.50347137451172,-22.667194366455078,-49.47319412231445,-19.054109573364258,29.194164105290348,8.141735193946351,6.822006569973528,3.017514007608644,False,0.02621798024742078,0.43101186007002074,0.4572298403174415,forward,2.8999899051887503,0.4785508697444872,0.1052995256055686
Frankfurt_Bayern,0,17,Michael Olise,FC Bayern München,9,2,3564722,3564913,3.82,-17.768423080444336,-1.4586619138717651,-44.55490493774414,-1.2518476247787476,26.787280235993066,8.426601732017915,7.257643071142019,3.1338719614570434,False,0.021994662602816795,0.5007280225947223,0.5227226851975391,forward,3.0077986047992513,0.1556503174659469,0.1492516925298767
Frankfurt_Bayern,0,45,Aleksandar Pavlovi&amp;#263;,FC Bayern München,9,2,3564785,3564906,2.42,-7.964757442474365,-7.901666641235352,-19.920780181884766,-4.048656940460205,12.561535077352845,5.4485695112692225,5.257971131368665,2.829836299754114,False,0.0013879587361574908,0.6198501813210839,0.6212381400572414,diagonal,2.522950569462349,0.12826231036692742,0.14244506559885942
Frankfurt_Bayern,0,7,Serge Gnabry,FC Bayern München,9,2,3564815,3564878,1.26,-23.984594345092773,-2.392866611480713,-29.037704467773438,1.720104694366455,6.5154013594451685,5.396394860540313,5.232537343641294,2.458404220560782,False,0.045131614460394376,0.6195110841284479,0.6646426985888423,diagonal,2.136297753770078,0.19584206210033972,0.14544426361132412
Frankfurt_Bayern,0,14,Luis Díaz Marulanda,FC Bayern München,27,2,3565135,3565189,1.08,-21.41525650024414,-26.66472816467285,-26.065176010131836,-22.85601806640625,6.01065920353768,5.870375101901081,5.572916069005549,2.4553184061016324,False,-0.017287902591759607,0.5765579065398361,0.5592700039480765,diagonal,2.6671099168043875,0.3908362361162018,0.23218842653853733
Frankfurt_Bayern,0,17,Michael Olise,FC Bayern München,23,2,3566171,3566225,1.08,-30.203590393066406,12.866375923156738,-27.65440559387207,18.269298553466797,5.974103789654146,5.843268544519926,5.517128459825189,1.1299491348540613,False,0.004790575134822617,0.4329984466373583,0.43778902177218093,sideways,1.0801848485360224,0.2941460281032375,0.03976437325813458
Frankfurt_Bayern,0,14,Luis Díaz Marulanda,FC Bayern München,4,2,3566396,3566541,2.9,-30.56658935546875,-11.721704483032227,-28.0809326171875,-28.00412940979004,16.47106101367083,6.093300237368309,5.747665586004557,-1.4193070281795375,False,0.000544485903325731,0.4405948092248095,0.4411392951281352,sideways,-1.4377269534186714,0.2203558669178733,0.042498030103861995
Frankfurt_Bayern,0,23,Sacha Boey,FC Bayern München,17,2,3567532,3567635,2.06,-23.699527740478516,21.678781509399414,-36.42018508911133,21.0452938079834,12.736421398853421,7.1831565701371005,6.179822270472583,-3.091833842228968,False,0.007648153172070515,0.47979148173076686,0.48743963490283737,forward,-3.107003328039055,0.3939389165174726,0.10579809083546543
Frankfurt_Bayern,1,9,Jonathan Burkardt,Eintracht Frankfurt,4,2,3568323,3568489,3.32,-0.30884286761283875,5.559019088745117,0.5574952363967896,-14.500614166259766,20.078332302154898,6.977753785247273,6.132560320595916,-1.5276350157455019,True,0.001023316554904563,0.3995904805963261,0.4006137971512307,sideways,-1.6698582933393846,0.022625266169253002,0.03595452032295058
Frankfurt_Bayern,1,20,Ritsu D&amp;#333;an,Eintracht Frankfurt,4,2,3568328,3568484,3.12,-24.011014938354492,-8.863819122314453,-7.996285438537598,-19.325328826904297,19.128898197531736,7.238574962025627,6.3461095782250885,-0.5786516220076349,True,-0.00265626078210901,0.42189854885378664,0.4192422880716776,diagonal,-1.1331783008708596,0.2885891567602842,0.07303745266903386
Frankfurt_Bayern,1,24,Aurélio Buta,Eintracht Frankfurt,4,2,3568398,3568570,3.44,-27.565528869628906,-32.615684509277344,-9.811200141906738,-22.172651290893555,20.597891430248097,7.0583991354162725,6.1480786478684495,0.531695211993414,True,-0.0001752892645175974,0.44949959480144225,0.44932430553692465,forward,0.058885065876426876,0.4222544803248445,0.1788041851155289
Frankfurt_Bayern,1,16,Hugo Larsson,Eintracht Frankfurt,4,2,3568429,3568548,2.38,-31.265199661254883,-9.489261627197266,-20.797561645507812,-16.13800811767578,12.400696574118877,5.586011092425644,5.234283625687571,-0.5658803170367696,True,0.0008663240978735165,0.45609427732870034,0.45696060142657385,diagonal,-0.8829301474102679,0.12641219993659172,0.034584985579683654
Frankfurt_Bayern,1,19,Jean-Mattéo Bahoya Négoce,Eintracht Frankfurt,21,2,3569692,3569872,3.6,3.9673571586608887,33.34910202026367,32.14567565917969,28.73463249206543,28.553650599237745,9.385953758447727,8.011071093246413,-0.1623188315883082,True,0.00046392794002025894,0.5121428625920643,0.5126067905320846,forward,-0.11000812036183845,0.4552593950098322,0.15011811587521884
Frankfurt_Bayern,1,21,Nathaniel Brown,Eintracht Frankfurt,19,2,3570232,3570284,1.04,36.288429260253906,20.792261123657227,41.21513748168945,18.036405563354492,5.645103521496493,5.925191267700738,5.422510044786217,-0.510009025234565,True,0.03187923847726376,0.41431007155770483,0.4461893100349686,forward,-0.13792478151731657,0.1987847311746154,0.2627292326260702
Frankfurt_Bayern,1,16,Hugo Larsson,Eintracht Frankfurt,4,2,3571195,3571270,1.5,22.699275970458984,-9.03715705871582,28.837261199951172,-14.26044750213623,8.059629379431243,5.774226006631211,5.407905637274081,-0.7050615742974647,True,0.010279644173131042,0.489719227708067,0.499998871881198,diagonal,-1.0261635210334306,0.2106768076257943,0.08406114201422149
Frankfurt_Bayern,1,20,Ritsu D&amp;#333;an,Eintracht Frankfurt,16,2,3571897,3571943,0.92,29.618160247802734,-31.687929153442383,34.492095947265625,-29.804542541503906,5.225169311374313,6.2736799389009406,5.675203169279256,0.3687450120746806,True,0.0016010549248584027,0.4507075975463946,0.452308652471253,forward,0.1551336847375003,0.35007304628504615,0.22832857104317716
Frankfurt_Bayern,0,14,Luis Díaz Marulanda,FC Bayern München,45,2,3572030,3572387,7.14,26.438180923461914,-32.02988815307617,-27.222204208374023,-28.518199920654297,53.77516979739524,8.818661744767606,7.5366105416306235,3.076242995351485,False,0.03453288589547299,0.5368631249963469,0.5713960108918199,forward,-2.9101204441137494,0.3319715940927774,0.1397251486240272
Frankfurt_Bayern,0,17,Michael Olise,FC Bayern München,45,2,3572058,3572448,7.8,23.765470504760742,7.270057201385498,-30.515705108642578,6.33659029006958,54.28920137971872,8.693737570143616,7.247111378864138,-3.1243974676309003,False,0.005449249073872009,0.4078856630339464,0.4133349121078184,diagonal,2.745037020734631,0.3012095922903123,0.1475684964978313
Frankfurt_Bayern,0,7,Serge Gnabry,FC Bayern München,9,2,3572114,3572165,1.02,8.770713806152344,-22.22977638244629,3.627142906188965,-23.23720359802246,5.241300525407186,5.378560326123967,5.15732075086099,-2.9481796246075143,False,0.001871749276680268,0.4697663777505289,0.47163812702720914,forward,-2.8664464680195807,0.33994808774497287,0.08552469116814367
Frankfurt_Bayern,0,7,Serge Gnabry,FC Bayern München,9,2,3572270,3572438,3.36,-5.275781154632568,-19.92671012878418,-26.3944091796875,-11.46911907196045,22.749226275746178,7.87437847097801,6.761598616984845,2.7606724333181405,False,0.006017341004663002,0.35147890275470767,0.35749624375937067,diagonal,2.695098685344616,0.28607413068515625,0.07910704825833648
Frankfurt_Bayern,0,45,Aleksandar Pavlovi&amp;#263;,FC Bayern München,14,2,3572409,3572519,2.2,5.593447685241699,-9.468571662902832,-5.314576148986816,-6.386818885803223,11.334998197938036,5.336921030566792,5.158073239833497,2.8662471691775373,False,0.0005174833186576411,0.8107781955057034,0.811295678824361,forward,2.997401010220107,0.030120120428888585,0.06726656584333358
Frankfurt_Bayern,1,15,Ellyes Skhiri,Eintracht Frankfurt,20,2,3573827,3573875,0.96,-27.877552032470703,-6.470866680145264,-22.765743255615234,-7.878233432769775,5.302006237975345,5.848424071670501,5.486033841883928,-0.2686606985656166,True,0.01976826446891944,0.4288251975590109,0.4485934620279303,forward,-0.2811710788647021,0.4164523676124016,0.17867749817991666
Frankfurt_Bayern,1,3,Arthur Theate,Eintracht Frankfurt,19,2,3577340,3577481,2.82,-22.19196128845215,14.005428314208984,-39.02433395385742,7.414909362792969,18.076606694732735,7.255187790923931,6.431256763785768,-2.768402042289004,True,-0.0009103647669076453,0.5483830180247358,0.5474726532578281,sideways,-3.0896144746115177,0.6195469240804921,0.021731887402702103
Frankfurt_Bayern,1,4,Robin Koch,Eintracht Frankfurt,19,2,3577406,3577530,2.48,-19.26254653930664,-0.22063809633255005,-26.55666160583496,-11.416290283203125,13.362138395224596,5.703221728730442,5.3976768778634625,-2.14823456568341,True,0.0011705798349234131,0.6279237882532495,0.6290943680881729,sideways,-2.180515872580583,0.3273831149247352,0.06298004115296027
Frankfurt_Bayern,1,9,Jonathan Burkardt,Eintracht Frankfurt,40,2,3577882,3577971,1.78,5.368090629577637,0.030009523034095764,15.107999801635742,-2.603276252746582,10.089599826398986,6.263359572803696,5.747594293804878,-0.2640477194506564,True,0.0025096639039265956,0.38521145000419094,0.38772111390811753,diagonal,-0.5888252314840268,0.2853157009842455,0.0605693451144748
Frankfurt_Bayern,1,42,Can Uzun,Eintracht Frankfurt,40,2,3577890,3578020,2.6,-6.995771408081055,-1.7107999324798584,5.48190975189209,-6.419233322143555,13.336486498131684,5.78570027478211,5.398013936833142,-0.3608279760541145,True,0.003403847068737087,0.56590285118563,0.5693066982543671,diagonal,-0.8525304760533151,0.2020951091821572,0.09599873775802327
Frankfurt_Bayern,1,24,Aurélio Buta,Eintracht Frankfurt,40,2,3577895,3578011,2.32,0.019380955025553703,-20.40406608581543,9.456242561340332,-11.911019325256348,12.695912738113044,5.980751439925896,5.504114773610964,0.7328075677949366,True,0.001511434748554974,0.4504983189784081,0.45200975372696306,diagonal,1.036277764347214,0.397631734146235,0.15144710384935964
Frankfurt_Bayern,0,4,Jonathan Tah,FC Bayern München,23,2,3578240,3578316,1.52,26.828758239746094,-5.982333660125732,34.26091003417969,-11.06930923461914,9.006342253711827,6.475898553998058,5.8966569561214115,-0.6002169073647196,False,0.0017823756744388408,0.6560656936294553,0.6578480693038942,sideways,-0.49316026872214164,0.34942017228416083,0.0629559532962764
Frankfurt_Bayern,0,23,Sacha Boey,FC Bayern München,1,2,3578333,3578386,1.06,29.192129135131836,21.83165740966797,30.0501766204834,27.672042846679688,5.9030794963287345,6.0257878290384,5.529059835891404,1.4249236343821257,False,-0.0026801244154027737,0.6383558842835881,0.6356757598681854,sideways,1.4002566850057379,0.29097514698120225,0.11019888356769955
Frankfurt_Bayern,0,45,Aleksandar Pavlovi&amp;#263;,FC Bayern München,1,2,3578352,3578425,1.46,19.043291091918945,8.961729049682617,20.656705856323242,16.326053619384766,7.5389908853848935,5.308125110877375,5.157638221290546,1.3551187253442267,False,0.008296981163172457,0.6040908279033829,0.6123878090665553,sideways,1.169652232104829,0.3858767703348031,0.026930807707806217
Frankfurt_Bayern,0,17,Michael Olise,FC Bayern München,23,2,3578425,3578566,2.82,6.3704047203063965,27.32099151611328,21.922348022460938,31.943389892578125,16.224349208032177,6.3453364442247215,5.877393569224366,0.288907329913306,False,-0.00024206319018460487,0.5000472263289463,0.49980516313876167,sideways,0.656894661219526,0.2525749171821347,0.07715960517642059
Frankfurt_Bayern,0,17,Michael Olise,FC Bayern München,23,2,3579734,3579782,0.96,1.0414952039718628,31.33268928527832,-4.249537944793701,30.876489639282227,5.310663790746219,6.088106469150393,5.547636858710193,-3.0555840859341776,False,0.00427364121078827,0.4267001787633835,0.4309738199741718,forward,-3.1081322827698488,0.4169734305995761,0.05038501963368698
Frankfurt_Bayern,0,4,Jonathan Tah,FC Bayern München,45,2,3581301,3581370,1.38,-3.074042797088623,-6.383795261383057,2.1392524242401123,-11.101480484008789,7.031002839176659,5.260800690516541,5.097458204599928,-0.7355340872857521,False,0.004820139465180451,0.5425772070601581,0.5473973465253386,sideways,-0.8121172912665094,0.42059353430464824,0.07377921597646307
Frankfurt_Bayern,0,27,Konrad Laimer,FC Bayern München,6,2,3582856,3583014,3.16,-3.511152505874634,-20.725828170776367,-25.287965774536133,-26.457576751708984,22.518493242958655,8.649751835538451,7.080616883628965,-2.884225638649091,False,0.002637031628790143,0.62828580700295,0.6309228386317401,forward,-2.8363441088400503,0.14388737586130224,0.3063553791107455
Frankfurt_Bayern,1,24,Aurélio Buta,Eintracht Frankfurt,40,2,3586249,3586332,1.66,-23.489946365356445,-28.687318801879883,-15.115537643432617,-25.76400375366211,8.869977018739696,5.607188277099049,5.336990983136296,0.3358524787662145,True,0.004086191238648562,0.4306198008557412,0.43470599209438976,diagonal,0.40119350597609116,0.25799602909146074,0.14047468318394776
Frankfurt_Bayern,1,24,Aurélio Buta,Eintracht Frankfurt,9,2,3586437,3586525,1.76,-8.645614624023438,-22.557437896728516,0.9461714029312134,-21.974519729614258,9.609482440612206,6.159722648966032,5.488878997065499,0.06069798870728047,True,0.007221051186238947,0.43941849491304846,0.4466395460992874,forward,0.21924851097374567,0.3592829710183998,0.15583228586064968
Frankfurt_Bayern,1,20,Ritsu D&amp;#333;an,Eintracht Frankfurt,4,2,3588415,3588739,6.48,-12.572670936584473,-21.033052444458008,26.783695220947266,-25.84380531311035,39.64929886251403,7.016243684076354,6.264881617836051,-0.12163230019103269,True,0.01773364471952249,0.40485578431744257,0.42258942903696506,forward,-0.3662040262027782,0.27515303257388574,0.07915211552366118
Frankfurt_Bayern,1,8,Farès Chaïbi,Eintracht Frankfurt,4,2,3588464,3588690,4.52,-19.00998878479004,-11.219914436340332,6.332652568817139,-11.839828491210938,25.350222172852583,5.949293028101937,5.625265806520839,-0.024456426921732215,True,0.0003757447412654491,0.5687827346374984,0.5691584793787638,forward,0.06731774708579187,0.08750956720111101,0.0724664595965099
Frankfurt_Bayern,1,19,Jean-Mattéo Bahoya Négoce,Eintracht Frankfurt,4,2,3588474,3588711,4.74,-1.0235809087753296,20.838714599609375,25.31297492980957,9.25912857055664,28.769792944043473,6.818547619512787,6.087817955032034,-0.41423649233154686,True,9.670413910756182e-07,0.6243626854012857,0.6243636524426768,diagonal,-0.6432769428251404,0.0007138571724838377,0.07599733422104003
Frankfurt_Bayern,1,9,Jonathan Burkardt,Eintracht Frankfurt,4,2,3588498,3588705,4.14,6.570818901062012,-26.711509704589844,29.69808006286621,-17.278371810913086,24.97707547667295,6.703962725557815,6.0735138003053954,0.3872806203721263,True,0.00046873224748916753,0.4297966115535474,0.4302653438010366,forward,0.2104669630407341,0.24859093867743692,0.08739826266603432
Frankfurt_Bayern,1,15,Ellyes Skhiri,Eintracht Frankfurt,7,2,3588551,3588682,2.62,-23.513700485229492,-11.79644775390625,-9.590495109558105,-11.623733520507812,13.92427657508795,5.666093162309514,5.307237745597852,0.012404139029551434,True,0.0023495563382802676,0.5886269591711134,0.5909765155093937,forward,0.049115592976770366,0.0026734660485288383,0.07920409147288711
Frankfurt_Bayern,1,24,Aurélio Buta,Eintracht Frankfurt,7,2,3588563,3588859,5.92,-13.894537925720215,-29.728837966918945,16.753448486328125,-23.275638580322266,31.32000723876467,5.6054555244364215,5.30474003244995,0.20752721136660648,True,-0.0004478282739178163,0.4203616064868126,0.4199137782128948,forward,0.031944949350279764,0.09161157218760753,0.06850339264343129
Frankfurt_Bayern,1,24,Aurélio Buta,Eintracht Frankfurt,20,2,3588904,3588998,1.88,21.142480850219727,-22.676328659057617,31.747989654541016,-24.802452087402344,10.81652521982419,6.392371327990824,5.791364358289938,-0.1978508031152645,True,0.00943608335363516,0.4212202774721882,0.43065636082582337,forward,0.09847660956478374,0.3568553165883363,0.15801015417886802
Frankfurt_Bayern,1,21,Nathaniel Brown,Eintracht Frankfurt,3,2,3589351,3589449,1.96,21.53951072692871,26.836809158325195,31.691171646118164,24.032814025878906,10.53179035686625,5.657586883452073,5.379928772831617,-0.2694912356209626,True,0.009235011316537811,0.4800450877272637,0.4892800990438015,forward,-0.036383178178115955,0.28618752928537844,0.15756975273511425
Frankfurt_Bayern,1,20,Ritsu D&amp;#333;an,Eintracht Frankfurt,3,2,3589941,3590034,1.86,18.121109008789062,-23.319732666015625,9.405295372009277,-27.148052215576172,9.519529291126949,5.28885803997937,5.114944615869985,-2.727724074646903,True,0.0009642270739458336,0.6177180916536128,0.6186823187275586,sideways,-2.6532998818103426,0.0,0.06990149939264019
Frankfurt_Bayern,1,8,Farès Chaïbi,Eintracht Frankfurt,15,2,3590257,3590411,3.08,-15.354205131530762,8.547418594360352,-20.89821434020996,-7.300785541534424,16.789925921185954,5.917118478802628,5.447784358119012,-1.9073102432620461,True,0.000672528797923122,0.4466616388325969,0.44733416763052003,sideways,-1.947849930382028,0.3567546985103089,0.07581736494363682
Frankfurt_Bayern,0,6,Joshua Kimmich,FC Bayern München,4,2,3591270,3591382,2.24,17.855791091918945,3.2798333168029785,29.0307674407959,10.248248100280762,13.169620381489779,6.4791220944528645,5.914939382212774,0.5575725808245492,False,0.0036474642895685805,0.4492420815701827,0.4528895458597513,sideways,0.8460409715741494,0.21048082962838918,0.044572807863684484
Frankfurt_Bayern,0,17,Michael Olise,FC Bayern München,6,2,3594006,3594193,3.74,-16.26192283630371,26.79935646057129,-37.951236724853516,30.606691360473633,22.020947663442048,6.96775462249612,6.34093425270185,2.967823406037052,False,0.00330915995180886,0.404511538321405,0.4078206982732139,forward,-2.993727607217757,0.45116143450585744,0.14402297958482185
Frankfurt_Bayern,0,23,Sacha Boey,FC Bayern München,6,2,3594137,3594210,1.46,-9.304290771484375,29.803266525268555,-16.846057891845703,30.94171905517578,7.6272095461325415,5.444393403489598,5.226993531348859,2.991770786738119,False,0.0006915129071564108,0.663263152554288,0.6639546654614444,forward,3.1117179829753963,0.16160408338652532,0.06564603332635201
Frankfurt_Bayern,1,15,Ellyes Skhiri,Eintracht Frankfurt,4,2,3594724,3594862,2.76,-35.748931884765625,-0.7359666228294373,-36.69548034667969,-18.095985412597656,17.38580473753969,7.0287858036453175,6.292169658987744,-1.6252670122345663,True,0.005488445302632261,0.5325938677208634,0.5380823130234956,sideways,-1.652895518746292,0.22543367680693915,0.01821210471394327
Frankfurt_Bayern,1,20,Ritsu D&amp;#333;an,Eintracht Frankfurt,4,2,3594746,3594808,1.24,-21.324647903442383,-5.720118999481201,-20.762386322021484,-11.952642440795898,6.257834012857733,5.449416179439931,5.213649132677789,-1.4808257628687551,True,-0.000637583537193287,0.40009167223041525,0.39945408869322196,sideways,-1.3135520713337454,0.19372857134698795,0.02631131732797086
Frankfurt_Bayern,1,9,Jonathan Burkardt,Eintracht Frankfurt,40,2,3595285,3595334,0.98,-5.854652404785156,-9.85366153717041,-4.695437908172607,-4.866642951965332,5.119973888442942,5.34752729659415,5.19504605919881,1.3424057003309466,True,0.0028082792385012434,0.45069553190750555,0.4535038111460068,sideways,1.383020511766478,0.16029583273055745,0.07068130246714587
Frankfurt_Bayern,1,20,Ritsu D&amp;#333;an,Eintracht Frankfurt,24,2,3596587,3596636,0.98,4.373414039611816,-29.773427963256836,9.596014976501465,-27.819156646728516,5.576265499831044,6.113190250431835,5.67580770754703,0.35806475682746963,True,0.0035435151617967398,0.6125961624267201,0.6161396775885168,diagonal,0.4059465664440095,0.14987177377121982,0.13257107186401676
Frankfurt_Bayern,1,9,Jonathan Burkardt,Eintracht Frankfurt,24,2,3596587,3596635,0.96,16.431537628173828,0.6692619323730469,21.87103271484375,2.0675809383392334,5.6163513814889185,6.089914295732667,5.80387376734363,0.25161956347914743,True,-0.009486467528070475,0.3485736529189138,0.3390871853908433,forward,0.29206923500607357,0.44105691640642686,0.10981728188237751
Frankfurt_Bayern,0,2,Dayotchanculle Upamecano,FC Bayern München,1,2,3603468,3603649,3.62,38.395050048828125,25.49812889099121,19.61463737487793,20.96563720703125,19.31961130740045,5.695942410598926,5.34007246508839,-2.9047796860774375,False,-0.0008912474574953588,0.5689020607272731,0.5680108132697778,forward,-3.071349104711994,0.1050145335848455,0.16982333815611605
Frankfurt_Bayern,0,22,Raphaël Guerreiro,FC Bayern München,1,2,3603471,3603658,3.74,12.250900268554688,17.15751838684082,-8.987866401672363,20.789133071899414,21.547014523898216,6.285202825989421,5.766425082341785,2.9722405542368753,False,0.008316982370681292,0.417475730904146,0.4257927132748273,forward,2.9875957753658233,0.3853851121682887,0.0955013621200561
Frankfurt_Bayern,1,4,Robin Koch,Eintracht Frankfurt,3,2,3603754,3603939,3.7,-22.96073341369629,10.103128433227539,-31.6854190826416,-7.937262058258057,20.0393570033368,5.793780409686026,5.416862696412253,-2.0212539185307006,True,0.0006069662578137569,0.7089339823103161,0.7095409485681299,sideways,-2.239392870249914,0.4845533803141876,0.0775313359738658
Frankfurt_Bayern,1,9,Jonathan Burkardt,Eintracht Frankfurt,40,2,3604563,3604680,2.34,2.503533363342285,0.6924333572387695,7.935952186584473,-12.282156944274902,14.065957762031303,6.675977187097561,6.023887133174438,-1.174276677428083,True,0.0089283959947557,0.444033326204527,0.4529617221992827,diagonal,-0.878351834045374,0.11942053247975239,0.15476174350067337
Frankfurt_Bayern,1,7,Ansgar Knauff,Eintracht Frankfurt,40,2,3604568,3604647,1.58,-4.193014144897461,-21.757986068725586,4.969581127166748,-20.086551666259766,9.313798638654353,6.517505130539679,5.923880060777153,0.18043534029769526,True,0.01101041050714946,0.43474052469393687,0.44575093520108633,forward,0.2397000467144142,0.34197602490226575,0.17369797814289578
Frankfurt_Bayern,1,20,Ritsu D&amp;#333;an,Eintracht Frankfurt,40,2,3604597,3604713,2.32,-17.279190063476562,-25.30156707763672,-5.681595325469971,-21.2286434173584,12.29198563493682,5.470298338928786,5.300174514418113,0.33773182407863556,True,0.013707686517078432,0.38958636597217194,0.4032940524892504,forward,0.2844178121770151,0.2853812654162789,0.15807528613070373
Frankfurt_Bayern,1,19,Jean-Mattéo Bahoya Négoce,Eintracht Frankfurt,40,2,3604625,3604704,1.58,-7.42114782333374,21.780065536499023,-2.6415905952453613,15.141585350036621,8.180072523066391,5.35788320036658,5.172657233992021,-0.9467880069213139,True,0.002233410962640625,0.5926796699969465,0.5949130809595872,diagonal,-0.9645791067663148,0.01762020572622364,0.15152693631546246
Frankfurt_Bayern,1,15,Ellyes Skhiri,Eintracht Frankfurt,40,2,3604626,3604753,2.54,-33.01932144165039,-12.254804611206055,-19.85942268371582,-13.134895324707031,13.18929471135885,5.352177501578561,5.195210507949687,-0.06677727333083154,True,0.0031730762035224735,0.528386036368577,0.5315591125720994,forward,-0.17790849646208942,0.10123382965379353,0.10658689170787893
Frankfurt_Bayern,1,20,Ritsu D&amp;#333;an,Eintracht Frankfurt,7,2,3604970,3605122,3.04,4.617661952972412,-30.3480281829834,23.91526222229004,-24.50081443786621,20.164009639341455,7.574413121803687,6.713489372904796,0.2942087499430639,True,0.007398113390721273,0.4516918960173903,0.45909000940811157,forward,-0.10696357310735655,0.5739741820449559,0.09391748114022547
Frankfurt_Bayern,0,22,Raphaël Guerreiro,FC Bayern München,6,2,3607023,3607178,3.1,-11.921780586242676,-12.576647758483887,-29.807186126708984,-8.734213829040527,18.293496927845165,6.8029816745018605,5.919068782606556,2.9299729886247246,False,0.006650455603850525,0.4241051977409493,0.4307556533447998,forward,2.8808735515209687,0.16575735990884718,0.07843599601514226
Frankfurt_Bayern,0,45,Aleksandar Pavlovi&amp;#263;,FC Bayern München,14,2,3607152,3607224,1.44,-13.89274787902832,-11.202238082885742,-20.526514053344727,-7.048423767089844,7.826942380368944,5.774644638560492,5.45531419859209,2.5821579602949103,False,0.009110664572997418,0.48973856243562114,0.49884922700861856,forward,2.8404572293350916,0.24260469823011627,0.13442949071716198
Frankfurt_Bayern,0,17,Michael Olise,FC Bayern München,14,2,3607162,3607221,1.18,-20.603023529052734,13.920052528381348,-26.503267288208008,11.751933097839355,6.28598586401087,5.513591799398456,5.319842302440682,-2.7894463565047314,False,0.010372128780439471,0.5539842358095588,0.5643563645899983,forward,-2.8046580419858045,0.022252043034747968,0.13405194015843802
Frankfurt_Bayern,0,6,Joshua Kimmich,FC Bayern München,2,2,3608213,3608346,2.66,-9.787766456604004,-2.8248143196105957,-3.168076276779175,11.124695777893066,15.44050290752299,6.283867887539436,5.816225776567753,1.1277181300109618,False,0.0019469771433272554,0.4705263045249415,0.47247328166826874,sideways,0.964131744272481,0.24992309121703,0.04207079494999668
Frankfurt_Bayern,1,9,Jonathan Burkardt,Eintracht Frankfurt,7,2,3608569,3608873,6.08,6.991128444671631,20.742128372192383,44.1445198059082,2.584047555923462,41.35323915452527,7.948395638322659,6.889935734681186,-0.45459328482170064,True,0.025039127811751993,0.4928825904360633,0.5179217182478153,forward,-0.2960939224347437,0.12337255366982859,0.1456350824097268
Frankfurt_Bayern,1,20,Ritsu D&amp;#333;an,Eintracht Frankfurt,7,2,3608597,3608818,4.42,-1.7345333099365234,-7.803166389465332,26.289152145385742,-7.241033554077148,28.029322857027108,7.117365153405557,6.38674540535633,0.02005651465922796,True,0.002101517609665593,0.5525591527589075,0.5546606703685731,forward,-0.1566079234375695,0.29535934652508944,0.0832066692574081
Frankfurt_Bayern,1,8,Farès Chaïbi,Eintracht Frankfurt,7,2,3608640,3608737,1.94,-5.5099334716796875,16.83452033996582,4.393161773681641,14.538033485412598,10.165881531467594,5.499377073603412,5.238189050930672,-0.22786825482208672,True,-0.0010148371287799218,0.5535525196042914,0.5525376824755115,forward,-0.2228758983884499,0.1282133531360335,0.07763109661787558
Frankfurt_Bayern,0,45,Aleksandar Pavlovi&amp;#263;,FC Bayern München,17,2,3609074,3609524,9.0,27.747575759887695,-3.286076307296753,-31.510719299316406,-20.096952438354492,61.59668083279699,8.28874180276584,6.972556061451392,-2.865167214772061,False,0.002658861276383373,0.6764198220219975,0.6790786832983808,forward,-3.1112973927630447,0.24580526433054894,0.14103078185780005
Frankfurt_Bayern,0,22,Raphaël Guerreiro,FC Bayern München,17,2,3609093,3609357,5.28,9.555309295654297,14.26499080657959,-8.44540023803711,-3.4177236557006836,25.232992974890326,6.367489787031652,5.617884675872966,-2.365105817028241,False,0.022902560386377113,0.41881275496290904,0.44171531534928615,sideways,-1.8390368616806554,0.3535098074244384,0.17990246976407312
Frankfurt_Bayern,0,9,Harry Kane,FC Bayern München,17,2,3609138,3609523,7.7,19.080585479736328,-11.752695083618164,-25.592151641845703,-11.076600074768066,44.67785297432012,6.389307022117609,5.899801171788624,3.126459410371571,False,0.0002896833229981688,0.7014404207029582,0.7017301040259564,forward,-2.8337726577934683,0.15901412992117755,0.1350765059214604
Frankfurt_Bayern,0,17,Michael Olise,FC Bayern München,45,2,3609307,3609462,3.1,-12.660957336425781,21.02384376525879,-27.440956115722656,14.280567169189453,16.245619199252257,5.518602656828871,5.234272489133826,-2.713558876286939,False,0.0021786373777634704,0.5297597938971211,0.5319384312748846,forward,-2.7737129223718555,0.0617100772765347,0.06932561832105337
Frankfurt_Bayern,0,14,Luis Díaz Marulanda,FC Bayern München,45,2,3609342,3609559,4.34,-15.652490615844727,-27.657480239868164,-39.4168586730957,-23.90160369873047,24.05933909634176,6.816568728878063,5.716167170535289,2.984842653231897,False,0.0010109606771613322,0.6151129417175979,0.6161239023947592,forward,3.132916757154749,0.5080488530194007,0.047207822890668626
Frankfurt_Bayern,0,22,Raphaël Guerreiro,FC Bayern München,45,2,3609364,3609518,3.08,-9.108838081359863,-3.288771390914917,-24.793195724487305,-0.0023095239885151386,16.02497757503241,5.436493386140777,5.197157143176817,2.9350434183105922,False,0.027221716993838352,0.46642947113147976,0.4936511881253181,forward,2.9293208865683553,0.1729589263012383,0.15641843426298468
Frankfurt_Bayern,0,22,Raphaël Guerreiro,FC Bayern München,6,2,3609976,3610035,1.18,-32.9700813293457,3.780880928039551,-39.629520416259766,3.9648001194000244,6.661978326388453,6.0017395409169465,5.638768961924597,3.1139818519497493,False,0.011486211975153815,0.3785155097299778,0.3900017217051316,forward,2.992226366964083,0.4851853935190906,0.09705676281404602
Frankfurt_Bayern,1,19,Jean-Mattéo Bahoya Négoce,Eintracht Frankfurt,8,2,3610134,3610273,2.78,-29.434343338012695,3.050161838531494,-14.718533515930176,1.0579619407653809,14.850047782830858,5.788711680563557,5.418187024412383,-0.13456014349157527,True,0.020983088272158334,0.556295649814395,0.5772787380865534,forward,-0.16947038040992798,0.609040076247544,0.0996553533835297
Frankfurt_Bayern,1,7,Ansgar Knauff,Eintracht Frankfurt,8,2,3610190,3610292,2.04,-11.293676376342773,-6.19449520111084,-5.64939022064209,3.821838140487671,11.497169208872782,6.041483213518377,5.616371214203541,1.057641309509715,True,0.016758055497882285,0.4899304439404109,0.5066884994382932,diagonal,1.018952048127001,0.23058229039896175,0.10759574464789735
Frankfurt_Bayern,0,22,Raphaël Guerreiro,FC Bayern München,17,2,3610689,3610747,1.16,-24.581838607788086,13.709171295166016,-30.49680519104004,13.330214500427246,5.927093548550247,5.347987815872823,5.1213705233954165,-3.077612651472046,False,0.0016619775225845679,0.5071899481752272,0.5088519256978118,forward,3.033589682372363,0.43762145905300137,0.06611098450606624
Frankfurt_Bayern,0,45,Aleksandar Pavlovi&amp;#263;,FC Bayern München,4,2,3612336,3612454,2.36,-7.187414169311523,1.040761947631836,4.886295318603516,6.885719299316406,13.414096586858959,6.115072782452024,5.678695570204745,0.45085189605522497,False,0.002130547036224839,0.6561918479316763,0.6583223949679011,sideways,0.38450536249993783,0.24219102423484148,0.05604247502277477
Frankfurt_Bayern,0,1,Manuel Neuer,FC Bayern München,6,2,3612859,3612916,1.14,26.877634048461914,5.2213239669799805,25.506319046020508,11.25891399383545,6.1913648065919595,5.744335460050031,5.397574706706888,1.7941367624408389,False,6.47551706736138e-05,0.6380174501664959,0.6380822053371695,sideways,1.746562222820181,0.3584678629705119,0.22168348391738438
Frankfurt_Bayern,0,1,Manuel Neuer,FC Bayern München,4,2,3613148,3613223,1.5,29.531719207763672,10.206133842468262,34.02840042114258,3.871304750442505,7.768539216605054,5.324704392537414,5.166983973780586,-0.9535003741617301,False,0.00019644877801439087,0.6247182805982764,0.6249147293762908,sideways,-0.8009286997753882,0.08541591119503976,0.041722449170267746
Frankfurt_Bayern,0,22,Raphaël Guerreiro,FC Bayern München,9,2,3613896,3614273,7.54,8.934324264526367,1.4024618864059448,-32.90495300292969,-10.123943328857422,43.39796238822182,6.953905518989635,6.287064487270331,-2.8727686687374065,False,0.01798306817679529,0.5895038012466685,0.6074868694234637,sideways,-1.8103783987004385,0.2595301108600964,0.0664767496423223
Frankfurt_Bayern,0,14,Luis Díaz Marulanda,FC Bayern München,4,2,3613936,3614308,7.44,-3.112114191055298,-17.808671951293945,-41.404170989990234,-23.255084991455078,38.677448583081286,7.153903482328989,5.9849241561626405,-3.0003068279209,False,-0.001203506700620638,0.5504573717584221,0.5492538650578015,sideways,-1.8416522358492933,0.21973569655602077,0.03401037622639953
Frankfurt_Bayern,0,17,Michael Olise,FC Bayern München,27,2,3614044,3614261,4.34,-10.000304222106934,24.582361221313477,-31.25603675842285,11.508471488952637,24.954613969952117,6.475681484657113,5.74660001285808,-2.590161588798583,False,0.0009105574755864376,0.5147897493394069,0.5157003068149933,diagonal,-2.5442073163774777,0.019110778004325788,0.02715388472764306
Frankfurt_Bayern,0,4,Jonathan Tah,FC Bayern München,27,2,3614158,3614232,1.48,2.238971471786499,-10.204875946044922,-4.610609531402588,-13.413619041442871,7.563913813067467,5.250603478242334,5.105156187408205,-2.7034952697559693,False,0.011205257106664313,0.7116509335375185,0.7228561906441828,diagonal,-2.6958826422641535,0.04476768075643701,0.05465154125992024
Frankfurt_Bayern,0,17,Michael Olise,FC Bayern München,22,2,3615159,3615267,2.16,-24.335979461669922,1.8681762218475342,-24.496051788330078,-10.135143280029297,12.00438679041537,6.652150457905077,5.718378455462339,-1.5841312079128014,False,0.012625534097894131,0.3205632494788038,0.33318878357669796,sideways,-1.4177921369325857,0.5966672558127644,0.09570601082872744
Frankfurt_Bayern,0,27,Konrad Laimer,FC Bayern München,17,2,3615308,3615406,1.96,-27.895633697509766,-21.318309783935547,-39.718997955322266,-21.586729049682617,11.82641075200512,6.800817829497776,6.109540985513103,-3.1188941086042887,False,-0.0002724598531161915,0.6192888986216893,0.6190164387685732,forward,-2.925650572249702,0.6389732382725267,0.07399499267288877
Frankfurt_Bayern,1,9,Jonathan Burkardt,Eintracht Frankfurt,40,2,3616493,3616597,2.08,3.7081093788146973,-1.4868667125701904,14.768037796020508,3.658952474594116,12.19842086914142,6.789872577016094,5.910006031036122,0.43547714297044054,True,0.0394933905453238,0.4530223090506976,0.49251569959602143,forward,0.2136252288512496,0.4799992960580168,0.05544787516957053
Frankfurt_Bayern,0,6,Joshua Kimmich,FC Bayern München,4,2,3616811,3617094,5.66,8.569523811340332,12.981081008911133,-18.6455135345459,32.83741760253906,33.68875718481508,7.852049785740641,6.754732869436755,2.5112700061096986,False,0.0006848280646789551,0.5362055731529682,0.5368904012176472,sideways,1.4619786328640831,0.6232398599361416,0.032471876627008636
Frankfurt_Bayern,1,15,Ellyes Skhiri,Eintracht Frankfurt,8,2,3617229,3617283,1.08,-22.13115692138672,11.183871269226074,-27.11200523376465,8.843328475952148,5.503361743340572,5.230664951492444,5.096916093094406,-2.702306740944818,True,0.0013825998466729938,0.7166886402709461,0.7180712401176191,sideways,-2.7060391388716667,0.444196419796546,0.038807270846153645
Frankfurt_Bayern,1,15,Ellyes Skhiri,Eintracht Frankfurt,4,2,3618054,3618194,2.8,-31.761594772338867,-9.903057098388672,-20.05360984802246,-22.473848342895508,17.17852448556016,6.723417261920523,6.132814755800698,-0.8209206861576759,True,0.004403877906372866,0.5065208017485231,0.510924679654896,diagonal,-1.0265936081339844,0.3113434118823591,0.11942253691519213
Frankfurt_Bayern,1,7,Ansgar Knauff,Eintracht Frankfurt,4,2,3618133,3618253,2.4,-4.564700126647949,-20.411357879638672,3.7490286827087402,-30.83665657043457,13.334351859308276,7.005524576087804,6.0354869943261855,-0.8976078374055663,True,-0.000539930999626792,0.4274224132172173,0.4268824822175905,sideways,-1.32109867888073,0.3521473830336988,0.060604155830949885
Frankfurt_Bayern,1,24,Aurélio Buta,Eintracht Frankfurt,20,2,3618192,3618312,2.4,-11.7134428024292,-34.217185974121094,-1.3530666828155518,-29.28954315185547,11.47253490400821,6.033001818733852,5.539649958415323,0.44395728544761787,True,0.01107456708560317,0.5234999180661091,0.5345744851517122,forward,-0.2443607166199429,0.0,0.21656089001272863
Frankfurt_Bayern,0,22,Raphaël Guerreiro,FC Bayern München,6,2,3618465,3618747,5.64,-11.061166763305664,-13.378342628479004,-41.863704681396484,0.9758666753768921,33.98293199437514,6.544433054938424,6.110535386080134,2.7055070339428444,False,0.006082663744253425,0.4918701330080193,0.4979527967522727,diagonal,2.419860042137386,0.3410783075694232,0.12170563827693269
Frankfurt_Bayern,0,23,Sacha Boey,FC Bayern München,6,2,3618584,3618697,2.26,-10.78208065032959,18.619760513305664,-22.42376708984375,17.62949562072754,11.68372747514425,5.378778667229905,5.181590383042711,-3.056734944536689,False,0.003267457296701748,0.6299778451846267,0.6332453024813285,forward,3.0734151251681094,0.4068123010820892,0.08706011569698342
Frankfurt_Bayern,0,9,Harry Kane,FC Bayern München,6,2,3618593,3618759,3.32,-27.53019905090332,-14.809752464294434,-45.405208587646484,-5.1872334480285645,20.30046398871359,6.968362106675493,6.155788878433878,2.6477591125430617,False,0.0006879341762178193,0.5179980560464619,0.5186859902226797,diagonal,2.478373880651948,0.025191214446390588,0.058959368743872975
Frankfurt_Bayern,0,17,Michael Olise,FC Bayern München,6,2,3618600,3618684,1.68,-27.930105209350586,17.709209442138672,-36.64674758911133,16.32565689086914,8.82576183900095,5.519985905866738,5.282610827525832,-2.984180422323081,False,-0.0008722760382390837,0.41216539400031504,0.41129311796207596,forward,3.1026249362882106,0.6074728545568245,0.04141266414225625
Frankfurt_Bayern,1,20,Ritsu D&amp;#333;an,Eintracht Frankfurt,4,2,3619620,3619691,1.42,-20.97577667236328,-14.885113716125488,-17.74200439453125,-22.109718322753906,7.915313946205262,5.986463627730621,5.54622598329034,-1.1499355074149311,True,0.0014548918175802394,0.42694359876239074,0.428398490579971,sideways,-1.2615157745594046,0.3567432756552221,0.0277843927687661
Frankfurt_Bayern,1,7,Ansgar Knauff,Eintracht Frankfurt,3,2,3619906,3620392,9.72,-1.033923864364624,-7.770956993103027,40.70235824584961,6.484580993652344,44.10371421632439,8.68427842212968,6.649650603229767,0.32913819756298013,True,0.0003247974534152931,0.439440905538941,0.4397657029923563,sideways,1.3822794077104408,0.07235064847621202,0.10324881082720495
Frankfurt_Bayern,1,9,Jonathan Burkardt,Eintracht Frankfurt,19,2,3620061,3620311,5.0,-6.07892370223999,11.656195640563965,22.947023391723633,5.2666521072387695,29.720899570265924,6.916900476171677,6.158079448649689,-0.21667633077660936,True,0.01942472974252818,0.37840600531584134,0.3978307350583695,forward,0.3687898514740545,0.12514823885980067,0.08381745153184537
Frankfurt_Bayern,0,45,Aleksandar Pavlovi&amp;#263;,FC Bayern München,2,2,3620206,3620267,1.22,1.9524428844451904,13.121342658996582,6.698162078857422,8.910176277160645,6.344743727505301,5.34680737596541,5.186697162732628,-0.7257882121954259,False,0.0007703574346092923,0.6760564849373828,0.6768268423719921,sideways,-0.5992472380143025,0.33502643478013605,0.04496785568472866
Frankfurt_Bayern,0,45,Aleksandar Pavlovi&amp;#263;,FC Bayern München,2,2,3620311,3620400,1.78,10.657100677490234,7.293347358703613,19.821823120117188,9.751566886901855,9.488676446122785,5.597733056091047,5.344652253333434,0.2620579083405245,False,0.0001514921401652991,0.6538191147540721,0.6539706068942374,sideways,0.05248787934997454,0.2624222083854471,0.029346089765737916
Frankfurt_Bayern,0,9,Harry Kane,FC Bayern München,2,2,3620327,3620377,1.0,-1.6571190357208252,-7.347661972045898,3.4875810146331787,-7.978185653686523,5.183193872625463,5.453424513857636,5.184842652880988,-0.12194975608231033,False,0.0008670200612738155,0.5393812127031362,0.54024823276441,sideways,-0.13972760925158845,0.1912744983231036,0.017318281232052982
Frankfurt_Bayern,0,45,Aleksandar Pavlovi&amp;#263;,FC Bayern München,1,2,3622847,3622922,1.5,17.477657318115234,15.842938423156738,9.413214683532715,15.328690528869629,8.080822105655525,6.115570746688793,5.5539799578845495,-3.0779115550412515,False,0.0030006439761131043,0.5259172526534585,0.5289178966295716,forward,2.9153639278024404,0.3349016876896495,0.12039653441733457
Frankfurt_Bayern,1,7,Ansgar Knauff,Eintracht Frankfurt,8,2,3625282,3625391,2.18,27.761247634887695,-1.684404730796814,38.831119537353516,3.085200071334839,12.053679683213735,5.858647707239752,5.539029599512695,0.40682666335284484,True,0.018032745711498765,0.4609364296192658,0.47896917533076455,diagonal,0.6171888269098118,0.29722884445081044,0.17926248086133967
Frankfurt_Bayern,0,45,Aleksandar Pavlovi&amp;#263;,FC Bayern München,6,2,3626393,3626478,1.7,24.68897247314453,4.413218975067139,34.203922271728516,6.451380729675293,9.73079508609244,6.286478780612932,5.717116736986723,0.2110173603268651,False,-0.00018111381168661733,0.43006784646998203,0.4298867326582954,sideways,0.30310678931524854,0.30960987316447525,0.13310210877680617
Frankfurt_Bayern,0,27,Konrad Laimer,FC Bayern München,9,2,3629161,3629219,1.16,-31.825490951538086,-24.132366180419922,-29.428956985473633,-18.029809951782227,6.556261707267744,5.8568073431698195,5.617610645040863,1.1965903132062985,False,0.014827482334236308,0.4169304282767978,0.43175791061103413,sideways,1.2833167400297654,0.13370593596292302,0.18207244261539718
Frankfurt_Bayern,0,14,Luis Díaz Marulanda,FC Bayern München,45,2,3629192,3629260,1.36,-23.105052947998047,-19.33718490600586,-25.376867294311523,-12.617990493774414,7.092863594732243,5.361300919378535,5.209415568260703,1.89683803683125,False,0.006456407167081957,0.42017691329718143,0.4266333204642634,sideways,1.6855303511586213,0.1586029673535829,0.16192852582168846
Frankfurt_Bayern,0,22,Raphaël Guerreiro,FC Bayern München,45,2,3629284,3629360,1.52,-28.308385848999023,-5.3100905418396,-29.47203826904297,2.640199899673462,8.034998759121752,5.483336999360066,5.283460630025182,1.7161303852494132,False,0.0014079193025748893,0.43229119005632594,0.4336991093589008,sideways,1.6954496065487623,0.19790618650506742,0.04461853508640428
Frankfurt_Bayern,1,4,Robin Koch,Eintracht Frankfurt,3,2,3630906,3630979,1.46,-32.858551025390625,-5.2362284660339355,-34.933738708496094,-12.419004440307617,7.476541621412662,5.405230210336515,5.127322061037447,-1.8520495396344603,True,-6.578921636934965e-05,0.6196645554664411,0.6195987662500717,sideways,-2.0608876007020442,0.422027227889261,0.02333535800926219
Frankfurt_Bayern,1,24,Aurélio Buta,Eintracht Frankfurt,3,2,3630907,3631033,2.52,-12.512428283691406,-11.685624122619629,-20.424314498901367,-22.75107192993164,13.603017263047768,5.620714003380276,5.392474031597872,-2.1915240697410634,True,0.00038299847832623524,0.561158020424216,0.5615410189025423,sideways,-2.306413986711934,0.2849374636846589,0.013250980204653843
Frankfurt_Bayern,1,9,Jonathan Burkardt,Eintracht Frankfurt,4,2,3631142,3631315,3.46,1.781152367591858,-2.209238052368164,-6.826323986053467,-20.783571243286133,20.47179773898229,6.628336923157411,6.027919782693657,-2.0047434263882424,True,0.0007943188663820933,0.49430706511892913,0.4951013839853112,sideways,-1.8350954654044227,0.05289864982586099,0.07118834424357882
Frankfurt_Bayern,1,27,Mario Götze,Eintracht Frankfurt,4,2,3631333,3631496,3.26,-9.537519454956055,-2.0164856910705566,-14.598466873168945,-18.767837524414062,17.499170752192132,5.725323980907099,5.420795719621647,-1.8641985252894726,True,-0.00012278580330765676,0.44654004982911255,0.4464172640258049,sideways,-1.9336398903461682,0.13005500344691714,0.08490684580268505
Frankfurt_Bayern,1,6,Oscar Winther Höjlund,Eintracht Frankfurt,4,2,3631452,3631556,2.08,-31.128219604492188,-7.796266555786133,-22.04892349243164,-14.44039535522461,11.250691774020188,5.680343467910936,5.405821878100112,-0.6317438161871765,True,0.0009135965481729125,0.5365679302448635,0.5374815267930364,diagonal,-0.4988728953907654,0.12102414057479116,0.1319061542590961
Frankfurt_Bayern,0,17,Michael Olise,FC Bayern München,27,2,3631645,3631846,4.02,-20.172937393188477,-0.9239142537117004,-47.598304748535156,2.101085662841797,27.591690761366255,8.124408465361526,6.8539988112848835,3.0317373752299748,False,0.007492600092820101,0.38279094457315177,0.39028354466597187,forward,2.9172210183205136,0.22087292620556498,0.13514262267538937
Frankfurt_Bayern,0,22,Raphaël Guerreiro,FC Bayern München,27,2,3631713,3631829,2.32,-28.621824264526367,-10.754685401916504,-40.59465789794922,-4.088881015777588,13.703346063202602,6.456672938988315,5.913359322128332,2.6335863864694593,False,0.013412984642826586,0.3974154226384804,0.410828407281307,diagonal,2.6313203504982168,0.43429660879489346,0.08726663091409564
Frankfurt_Bayern,0,9,Harry Kane,FC Bayern München,27,2,3631727,3631847,2.4,-35.396034240722656,-14.31309986114502,-50.05186462402344,-9.233970642089844,15.510993451353862,7.917959613361754,6.527086949262623,2.8079854204393495,False,0.0032921074628583513,0.41226365336196874,0.4155557608248271,diagonal,2.59822563158725,0.490507044855611,0.06505909185246422
Frankfurt_Bayern,1,7,Ansgar Knauff,Eintracht Frankfurt,4,2,3638299,3638360,1.22,11.5643949508667,-5.204137802124023,15.60494327545166,-9.957018852233887,6.238261700169349,5.196293853371836,5.097157745997424,-0.8662290481181032,True,0.032562464910396716,0.4389832290380096,0.47154569394840634,diagonal,-0.9057779214787228,0.24199432334742932,0.15642660388533175
Frankfurt_Bayern,1,7,Ansgar Knauff,Eintracht Frankfurt,4,2,3639296,3639381,1.7,32.90373229980469,-15.693233489990234,36.24578094482422,-24.687646865844727,9.59524679835944,6.197035223327773,5.666545404408324,-1.2150367061279899,True,-0.0007744044175679865,0.4890315400220701,0.4882571356045021,sideways,-1.4003026125460951,0.49347460727683823,0.04207895074989282
Frankfurt_Bayern,1,27,Mario Götze,Eintracht Frankfurt,20,2,3640745,3640799,1.08,37.91648864746094,11.256709098815918,43.920310974121094,9.689833641052246,6.2049158922780805,6.364303556728233,5.712224539251282,-0.2552854596728389,True,0.022493639145590383,0.4778613798376788,0.5003550189832692,forward,-0.26127562507296864,0.0015760896561140617,0.28379704023744234
Frankfurt_Bayern,1,3,Arthur Theate,Eintracht Frankfurt,24,2,3641408,3641748,6.8,11.329566955566406,0.9364237785339355,-29.128210067749023,2.6386475563049316,40.4935709398161,7.551296982334879,5.993393120924824,3.099543373404529,True,-0.014649920361877844,0.5371628657125554,0.5225129453506776,sideways,-3.0265887861303002,0.5380827194628469,0.04513685613838123
Frankfurt_Bayern,1,4,Robin Koch,Eintracht Frankfurt,24,2,3641417,3641823,8.12,13.569690704345703,-23.86255645751953,-36.79670333862305,-7.555937767028809,52.94033870319172,8.399040195651992,7.228636752158573,2.828482791235943,True,-0.00023424383323478182,0.6375975438042466,0.6373632999710118,sideways,2.379496110504364,0.09597325412569847,0.053786630910906075
Frankfurt_Bayern,1,21,Nathaniel Brown,Eintracht Frankfurt,24,2,3641419,3641808,7.78,25.14263343811035,18.834453582763672,-37.014625549316406,5.7460618019104,63.520318357507875,9.762192699096918,8.18302638022784,-2.9340555561655157,True,0.00029789813005010046,0.5350450929967839,0.535342991126834,sideways,-3.0280368373177446,0.05751448036495414,0.06894822673647953
Frankfurt_Bayern,0,6,Joshua Kimmich,FC Bayern München,22,2,3641450,3641848,7.96,20.491409301757812,-5.655971527099609,-27.127965927124023,-8.78097152709961,47.72180342557315,6.615583122422683,6.206778867427425,-3.0760620682165807,False,0.0031915819897671005,0.576157767851172,0.5793493498409391,forward,2.969429620423013,0.40733981306516664,0.05380155118072441
Frankfurt_Bayern,0,2,Dayotchanculle Upamecano,FC Bayern München,22,2,3641476,3641555,1.58,31.580095291137695,2.3737761974334717,23.42469024658203,2.8283238410949707,8.168062499829576,5.379111776591052,5.1573376428008375,3.0859145068445475,False,0.0004935528613929652,0.5492065642115744,0.5497001170729674,forward,3.074006691551806,0.06392338895482455,0.09209441513393252
Frankfurt_Bayern,1,6,Oscar Winther Höjlund,Eintracht Frankfurt,40,2,3646640,3646755,2.3,-19.920299530029297,-10.30102825164795,-6.787195205688477,-13.057628631591797,13.41928741955869,6.353755950213385,5.825230548488565,-0.2068936287947066,True,0.009602678697444245,0.6983177759636117,0.7079204546610559,forward,-0.1312704394958208,0.26354667795633563,0.11714394372854837
Frankfurt_Bayern,0,22,Raphaël Guerreiro,FC Bayern München,14,2,3647066,3647345,5.58,0.14027142524719238,-20.258066177368164,-31.178157806396484,-17.483890533447266,31.44105691672589,6.897036851622035,5.970735593002467,3.053243590191559,False,0.004399582088235987,0.545363153439697,0.549762735527933,diagonal,-2.43183504895815,0.3511070961066633,0.0484340290618009
Frankfurt_Bayern,0,17,Michael Olise,FC Bayern München,22,2,3647171,3647550,7.58,-18.086952209472656,1.068333387374878,-50.47092056274414,29.27364730834961,42.94486162146084,8.698771308773287,7.134093734379824,2.425052346846136,False,0.008664931122224884,0.41810937037746926,0.42677430149969414,forward,3.0787078546286812,0.10733907758515587,0.06604229381975775
Frankfurt_Bayern,0,11,Nicolas Jackson,FC Bayern München,22,2,3647178,3647383,4.1,-16.981914520263672,-14.57282829284668,-38.96038055419922,-3.81831431388855,24.46860315033256,7.163910905517342,6.136040786075072,2.6865250875291533,False,0.027153493295347275,0.4170079723459194,0.4441614656412667,forward,2.8399373763847393,0.3519795565912963,0.05967305490827788
Frankfurt_Bayern,0,27,Konrad Laimer,FC Bayern München,22,2,3647195,3647252,1.14,-4.736433506011963,-25.847333908081055,-10.5706148147583,-25.35972785949707,5.85452228639885,5.351611026268441,5.136638816062701,3.0582089846557956,False,-7.790598308121677e-05,0.587732909985609,0.5876550040025278,forward,3.1035447115483183,0.1750628421483954,0.034169578842769006
Frankfurt_Bayern,0,45,Aleksandar Pavlovi&amp;#263;,FC Bayern München,22,2,3647198,3647337,2.78,-5.532876014709473,-16.092815399169922,-19.35041046142578,-9.932000160217285,15.128777300056433,5.84948339801996,5.474150664453671,2.7221790756447026,False,0.001432659330960151,0.6804056112616415,0.6818382705926016,forward,3.0181908704148395,0.1503271303714865,0.03867946689552635
Frankfurt_Bayern,0,11,Nicolas Jackson,FC Bayern München,17,2,3647537,3647594,1.14,-40.85782241821289,9.770228385925293,-40.960453033447266,15.767133712768555,5.99778346910794,5.502869190848694,5.240027670267167,1.587908585817117,False,-0.0003306886115887475,0.3317322033907693,0.33140151477918056,sideways,1.6289225741421072,0.3733981176141146,0.04189758118844877
Frankfurt_Bayern,0,11,Nicolas Jackson,FC Bayern München,2,2,3648350,3648442,1.84,-17.447742462158203,-7.790976524353027,-16.64295196533203,-18.021324157714844,10.261954026559144,5.953303801503172,5.5660846743048715,-1.4922910290258367,False,0.0038141735145189593,0.3465138210564505,0.35032799457096947,sideways,-1.3562710764588413,0.28025306506660735,0.038999974844069744
Frankfurt_Bayern,1,27,Mario Götze,Eintracht Frankfurt,7,2,3648657,3648757,2.0,-5.138338088989258,-13.316485404968262,7.1441144943237305,-12.716961860656738,12.29707566625154,6.588194240913762,6.147261712932142,0.048772676941650744,True,0.04427074864642422,0.5169006023445927,0.5611713509910169,forward,-0.043567359598049485,0.3166002036329047,0.10130345642725183
Frankfurt_Bayern,1,8,Farès Chaïbi,Eintracht Frankfurt,7,2,3648681,3648757,1.52,-8.109347343444824,3.3635332584381104,0.5725476145744324,5.175504684448242,8.868965019141601,6.362083602528124,5.83592092797794,0.2057533945271836,True,0.03782947740406584,0.45806808028664475,0.4958975576907106,forward,0.25379438827475,0.060550948673310116,0.165157480889728
Frankfurt_Bayern,1,17,Sepe Wahi,Eintracht Frankfurt,7,2,3648692,3648756,1.28,6.176775932312012,-0.5322809815406799,13.051114082336426,0.32460474967956543,6.927537669132514,5.741370810250043,5.421968020571866,0.12401028996129018,True,0.015137258092374595,0.41047186338052266,0.42560912147289726,forward,0.32876587363601795,0.10831423820061872,0.12993272393069144
Frankfurt_Bayern,1,27,Mario Götze,Eintracht Frankfurt,7,2,3648828,3648923,1.9,15.467552185058594,-11.39943790435791,26.19768524169922,-10.615647315979004,10.75872125764225,5.894924092503269,5.664962880280544,0.07291624542123286,True,0.003339256138530089,0.4713906786110533,0.4747299347495834,forward,0.1654430542107938,0.17199477564187515,0.07719510028239403
Frankfurt_Bayern,1,8,Farès Chaïbi,Eintracht Frankfurt,7,2,3648828,3648879,1.02,9.427790641784668,5.792823791503906,14.918204307556152,5.8256049156188965,5.490511526569133,5.689793937597822,5.387753191555787,0.005970540033873521,True,0.002072907525361045,0.6187053353310364,0.6207782428563975,forward,0.021801845623757938,0.06596099723156097,0.07149079886937658
Frankfurt_Bayern,1,20,Ritsu D&amp;#333;an,Eintracht Frankfurt,7,2,3648828,3648963,2.7,0.5584999918937683,-20.272043228149414,15.059676170349121,-23.79319953918457,14.92255515403926,5.7702829231083514,5.5258885209587,-0.23820842760311006,True,0.0008919001481728639,0.5252741358217964,0.5261660359699692,forward,-0.21945899258002735,0.10520714368326925,0.048695672408195306
Frankfurt_Bayern,0,11,Nicolas Jackson,FC Bayern München,27,2,3650104,3650439,6.7,12.907771110534668,-1.812742829322815,-24.435813903808594,6.657456874847412,38.292135285878324,6.852557005183156,5.988573429368278,2.9185484257443024,False,0.009828016000963391,0.5597708512791408,0.5695988672801042,diagonal,2.0353010319352243,0.4904671568308618,0.05672918015595178
Frankfurt_Bayern,0,45,Aleksandar Pavlovi&amp;#263;,FC Bayern München,11,2,3650231,3650292,1.22,14.470404624938965,-9.669023513793945,8.827818870544434,-6.9250664710998535,6.274398317595609,5.273146246172196,5.129475645666754,2.6889696354636388,False,0.005521915992753534,0.6888405420471436,0.6943624580398972,forward,2.7579576525092944,0.053532156512735234,0.0706189218243429
Frankfurt_Bayern,0,17,Michael Olise,FC Bayern München,11,2,3650265,3650393,2.56,-7.978981018066406,22.33373260498047,-22.00478172302246,27.283157348632812,14.873462633436231,6.381819635257431,5.809468466510777,2.802354428077534,False,0.0006487747060841542,0.6280118377036367,0.6286606124097208,diagonal,2.637977067547991,0.38133915155192316,0.03600938365784227
Frankfurt_Bayern,0,6,Joshua Kimmich,FC Bayern München,11,2,3650330,3650419,1.78,-1.2212190628051758,3.5532572269439697,-10.15939998626709,5.339437961578369,9.114906463443141,5.269074105010076,5.127016456918471,2.944353670904236,False,0.0010324587783584471,0.6393997495858348,0.6404322083641932,forward,2.8702686462071383,0.1546076669006617,0.049829623523378365
Frankfurt_Bayern,0,45,Aleksandar Pavlovi&amp;#263;,FC Bayern München,6,2,3656890,3657061,3.42,-11.657880783081055,14.173909187316895,3.481623888015747,2.7360239028930664,18.974451809362005,5.9830618213671665,5.600076142816013,-0.6470113847335921,False,0.0018052196192557268,0.5320579756997886,0.5338631953190444,sideways,-0.7566334611458001,0.30170933278105094,0.07210724254824191
Frankfurt_Bayern,0,27,Konrad Laimer,FC Bayern München,2,2,3656906,3657100,3.88,-4.924342632293701,-10.070795059204102,16.40096664428711,-19.083423614501953,23.15159366474787,6.513892232812219,5.981534455447401,-0.39985806713600036,False,0.00012216117881791444,0.6067736092408746,0.6068957704196926,sideways,-0.35451122308600913,0.09828659316085209,0.019621954535232137
Frankfurt_Bayern,0,20,Tom Bischof,FC Bayern München,2,2,3656938,3657050,2.24,-6.491761684417725,21.66510581970215,4.6677093505859375,16.445571899414062,12.31979415924323,6.057996970384067,5.518365525672123,-0.4374936951557522,False,0.0009425803561201596,0.4736747754895629,0.47461735584568304,sideways,-0.31559503389110444,0.19529851378970314,0.018184897096671145
Frankfurt_Bayern,0,4,Jonathan Tah,FC Bayern München,2,2,3656978,3657126,2.96,16.260236740112305,3.2952094078063965,25.701719284057617,-9.98857593536377,16.297255771173457,5.951587235645634,5.521482908966462,-0.9528903684765138,False,-0.0025322720291497403,0.6045837067084164,0.6020514346792667,sideways,-0.7663970315638419,0.47520212478336743,0.02951814064719133
Frankfurt_Bayern,0,11,Nicolas Jackson,FC Bayern München,2,2,3656981,3657088,2.14,-16.2782039642334,-2.522061824798584,-6.574928283691406,-8.167004585266113,11.225815680900538,5.402668351683195,5.233632266747099,-0.5268970713647976,False,-0.0007514413662241815,0.4346619655279478,0.4339105241617236,sideways,-0.5251051983277417,0.05213184120770053,0.020581785355284824
Frankfurt_Bayern,0,45,Aleksandar Pavlovi&amp;#263;,FC Bayern München,1,2,3657107,3657240,2.66,7.512476444244385,1.2720524072647095,23.37442398071289,4.64332389831543,16.21625268414533,6.973014232277553,6.13562688840681,0.20942204556472743,False,0.00044874313714293734,0.5050137666265018,0.5054625097636447,sideways,-0.2741629078538896,0.2717358327374613,0.012257560117937612
Frankfurt_Bayern,0,1,Manuel Neuer,FC Bayern München,45,2,3657302,3657366,1.28,39.149024963378906,3.049252510070801,44.42986297607422,7.2292094230651855,6.734930579509883,5.476009619525893,5.2611572978534715,0.6695566969988936,False,0.0022064997667853303,0.6392353852411871,0.6414418850079724,sideways,0.4659724693254934,0.2310576452439185,0.05040431463865302
Frankfurt_Bayern,0,42,Lennart Karl,FC Bayern München,45,2,3657763,3657816,1.06,6.954866886138916,18.996604919433594,0.9502047300338745,18.25559425354004,6.050211931488686,6.02968341546428,5.662812717831043,-3.018807552902017,False,0.010034982955711036,0.4497200992057714,0.4597550821614824,forward,-3.0855989259244363,0.5373985304740431,0.10900473317338927
Frankfurt_Bayern,0,20,Tom Bischof,FC Bayern München,4,2,3658570,3658622,1.04,6.88767147064209,-10.517743110656738,10.707714080810547,-14.396637916564941,5.444129908332853,5.557077942735092,5.217753856821659,-0.7930422116967457,False,0.020670899209395244,0.555147509579655,0.5758184087890502,sideways,-0.7890211915268006,0.23055099216908215,0.13431187798541028
Frankfurt_Bayern,0,45,Aleksandar Pavlovi&amp;#263;,FC Bayern München,1,2,3658776,3658915,2.78,11.309685707092285,0.21106666326522827,16.322214126586914,-15.325257301330566,16.324913582898837,6.457310285720322,5.887362464518552,-1.2587069249397234,False,0.0010331690516546255,0.5021255521571166,0.5031587212087713,sideways,-1.0000317085712933,0.21570738786701593,0.033847698881213806
Frankfurt_Bayern,0,2,Dayotchanculle Upamecano,FC Bayern München,1,2,3659293,3659354,1.22,28.061603546142578,3.6836190223693848,22.081823348999023,0.5336285829544067,6.7587137071010766,5.957194758859884,5.521877645224186,-2.656756277016531,False,0.00440858424403362,0.45694225449038134,0.46135083873441496,diagonal,-2.577412229093516,0.016694835116888067,0.12421090480823489
Frankfurt_Bayern,0,11,Nicolas Jackson,FC Bayern München,1,2,3659293,3659403,2.2,-0.7067476511001587,-14.014090538024902,-13.117995262145996,-16.27337646484375,12.615206703094987,6.475273253852116,5.805751206916579,-2.96152893336409,False,0.006529093059563784,0.4218892732928592,0.428418366352423,forward,-2.7661561448738663,0.4994992271307854,0.05462668947060549
Frankfurt_Bayern,0,45,Aleksandar Pavlovi&amp;#263;,FC Bayern München,1,2,3659297,3659422,2.5,17.072147369384766,-20.219266891479492,5.126547336578369,-15.416643142700195,12.874880776773162,5.677837346097951,5.279496453002563,2.759327833641802,False,-0.0013854151040496587,0.598590252444126,0.5972048373400763,diagonal,2.48184577833949,0.179906952090477,0.14607966197090694
Frankfurt_Bayern,1,7,Ansgar Knauff,Eintracht Frankfurt,21,2,3660237,3660328,1.82,18.69862937927246,-1.641876220703125,23.074438095092773,7.762271404266357,10.372352407707144,6.205840131964679,5.69162105829677,1.135286875314553,True,-4.8538549742460635e-05,0.36250716300719554,0.3624586244574531,diagonal,1.1656635459177225,0.1036152319178763,0.075367365116751
Frankfurt_Bayern,1,27,Mario Götze,Eintracht Frankfurt,40,2,3662186,3662423,4.74,0.12194761633872986,19.005813598632812,18.44197654724121,7.012428283691406,21.896683569475904,6.174562633696554,5.715448507156707,-0.5796439864966602,True,0.015509919888388346,0.38973834790288864,0.405248267791277,sideways,-1.3223185872331864,0.0853970056569344,0.24221433691083727
Frankfurt_Bayern,1,17,Sepe Wahi,Eintracht Frankfurt,40,2,3662243,3662428,3.7,3.557514190673828,0.9249237775802612,27.78458595275879,1.0500571727752686,24.22739491839367,8.4919892246064,6.920403957077301,0.005164977579390051,True,0.0019725714047243437,0.4954804803466925,0.49745305175141685,diagonal,-0.8965947185909248,0.17036147761926385,0.20461340598101663
Frankfurt_Bayern,0,2,Dayotchanculle Upamecano,FC Bayern München,20,2,3664195,3664283,1.76,19.323257446289062,-16.448129653930664,28.392024993896484,-20.593904495239258,9.971458963830962,6.195957024255566,5.72102627604149,-0.42878281893926684,False,-0.0011081614424269803,0.49097472751961285,0.48986656607718587,sideways,-0.7833175740170957,0.580270950961554,0.04618382682042759
Frankfurt_Bayern,0,6,Joshua Kimmich,FC Bayern München,2,2,3664243,3664461,4.36,20.728633880615234,2.7045094966888428,44.284114837646484,13.060966491699219,25.731631984904517,7.052571542070322,6.112466261076519,0.4142239158928209,False,-0.0016867342740319868,0.5623544400389028,0.5606677057648708,sideways,-0.06006497122103149,0.1820350519787965,0.020509669602158453
Frankfurt_Bayern,0,6,Joshua Kimmich,FC Bayern München,11,2,3664703,3664831,2.56,34.43608474731445,18.779409408569336,19.753509521484375,15.569794654846191,15.029292802040835,6.141384728867077,5.8446055589308425,-2.926377860805508,False,0.0002875972652357506,0.6141537961069652,0.6144413933722009,forward,-2.9443466497326685,0.13767147233010713,0.12944164313955284
Frankfurt_Bayern,0,27,Konrad Laimer,FC Bayern München,11,2,3664709,3664820,2.22,-6.031776428222656,-3.060852289199829,-18.296062469482422,-4.1795573234558105,12.315202517843904,6.2235364743679815,5.595790781530602,-3.050627902763365,False,0.01848299843953044,0.4410468815927524,0.45952988003228284,forward,2.940239336354378,0.27867907699028377,0.10402917117619398
Frankfurt_Bayern,0,42,Lennart Karl,FC Bayern München,11,2,3664721,3664831,2.2,-1.1444429159164429,17.748876571655273,-14.751899719238281,13.98784351348877,14.117657394868706,7.16847043612239,6.403804780353129,-2.8719299830104954,False,0.01878239610836574,0.4782123557133383,0.49699475182170405,forward,-2.965064029372715,0.27496822605203575,0.09919865319310929
Frankfurt_Bayern,0,17,Michael Olise,FC Bayern München,11,2,3664882,3664988,2.12,-19.93646240234375,27.33726692199707,-29.891252517700195,20.75088119506836,11.936428409900872,5.918143573145476,5.621991768947654,-2.5570852272565876,False,0.00010973784159207245,0.6276159137290739,0.627725651570666,diagonal,-2.612479301026942,0.08699833332284021,0.15273494183346814
Frankfurt_Bayern,0,42,Lennart Karl,FC Bayern München,11,2,3664882,3665014,2.64,-21.869966506958008,11.137466430664062,-36.61335372924805,0.6107761859893799,18.11570242341473,7.666376247644721,6.93872323398757,-2.5215363461659828,False,0.033092785289622784,0.39145091471155363,0.4245437000011764,forward,-2.836974721973679,0.35377492823473394,0.10677170690189795
Frankfurt_Bayern,0,6,Joshua Kimmich,FC Bayern München,11,2,3664882,3664948,1.32,13.993913650512695,14.384138107299805,7.073671340942383,13.239562034606934,7.014257480970319,5.655329066222044,5.297568109419736,-2.9776811629152413,False,0.0012770440012448425,0.5109566984576459,0.5122337424588908,forward,-2.959211180993487,0.08875172403610676,0.11726091447568819
Frankfurt_Bayern,0,27,Konrad Laimer,FC Bayern München,11,2,3664891,3665000,2.18,-23.72584342956543,-5.021142959594727,-33.6739387512207,-11.274590492248535,11.75032793467457,5.921778895329793,5.592535463645274,-2.58040337134997,False,0.033407530862684776,0.5098502252813769,0.5432577561440617,diagonal,-2.19360849197118,0.47942362197353944,0.11964525398871612
Frankfurt_Bayern,0,11,Nicolas Jackson,FC Bayern München,17,2,3665190,3665241,1.02,-41.892662048339844,0.5877666473388672,-47.35679626464844,-0.8856809735298157,5.659311850859424,5.9650872318075345,5.579651306342531,-2.878199588933859,False,0.03118148280583244,0.5130875545628943,0.5442690373687268,diagonal,-2.6561493858581158,0.22295984379318579,0.18013642353490242
Frankfurt_Bayern,1,7,Ansgar Knauff,Eintracht Frankfurt,40,2,3667884,3668002,2.36,-43.35371780395508,-16.822723388671875,-28.62588882446289,-21.312894821166992,15.397096672501773,7.626240912777593,6.540915259935453,-0.2959247755072362,True,7.171401956751478e-05,0.5193300022782542,0.5194017162978217,diagonal,-0.6147167937758697,0.19112497406245132,0.17973729529383628
Frankfurt_Bayern,1,6,Oscar Winther Höjlund,Eintracht Frankfurt,40,2,3669714,3669846,2.64,-19.348129272460938,-12.241985321044922,-4.959414482116699,-15.480295181274414,14.748619056329666,5.945798623752404,5.619959558917229,-0.22137060518527077,True,0.0028203505838395593,0.4382878409276876,0.44110819151152714,forward,-0.008917078108887823,0.32544811319457795,0.1202174711676065
Frankfurt_Bayern,1,7,Ansgar Knauff,Eintracht Frankfurt,40,2,3669744,3669837,1.86,3.9142096042633057,-6.796280860900879,10.457714080810547,-13.996204376220703,9.729149472644007,5.403911208075842,5.22456858175932,-0.833124288937122,True,0.011715514298865803,0.42536615810144235,0.43708167240030815,diagonal,-0.8285281773854839,0.2694459118785267,0.1362717145712243
Frankfurt_Bayern,0,27,Konrad Laimer,FC Bayern München,11,2,3670035,3670306,5.42,1.175371527671814,-24.3807430267334,29.926424026489258,-12.369552612304688,31.15913533719158,6.541210017175765,5.778525554179426,0.39572681894979,False,0.035809247151611046,0.59750632811505,0.633315575266661,sideways,0.5921892068448978,0.20229119526117845,0.11756799279711788
Frankfurt_Bayern,1,7,Ansgar Knauff,Eintracht Frankfurt,8,2,3670171,3670257,1.72,21.285903930664062,-18.056053161621094,27.215904235839844,-10.87763786315918,9.310990807458511,5.681821912312643,5.415931391377913,0.8803494508800813,True,-0.000491347918253171,0.4460563262821828,0.4455649783639296,diagonal,0.8112640321223947,0.04554486097533514,0.07431622190698603
Frankfurt_Union,0,7,Oliver Burke,1. FC Union Berlin,8,1,2790230,2790336,2.12,3.16125226020813,-7.134281158447266,13.340824127197266,-2.428609609603882,11.214589966681384,5.633803695603696,5.299153240692101,0.4330075130242445,True,0.018421703472646767,0.4310960230377011,0.4495177265103479,diagonal,0.6862469259808537,0.19451001311794966,0.27040860603866074
Frankfurt_Union,0,23,Andrej Ili&amp;#263;,1. FC Union Berlin,5,1,2790386,2790440,1.08,19.907276153564453,24.545881271362305,23.50324821472168,29.021286010742188,5.741102911974951,5.5856710452539025,5.307836354098607,0.8939270034733336,True,-0.0072566894768036905,0.40405139997937384,0.39679471050257015,diagonal,0.665970868432177,0.376219325150355,0.07686144810467097
Frankfurt_Union,0,10,Ilyas Ansah,1. FC Union Berlin,23,1,2790482,2790545,1.26,26.880565643310547,20.434913635253906,32.071434020996094,24.730295181274414,6.737612124510383,5.988676422121723,5.401432527527679,0.6912786684706345,True,0.0008754670608638881,0.4076155371270298,0.4084910041878937,diagonal,0.5737787834450545,0.3112564496373722,0.027376736612325005
Frankfurt_Union,1,16,Hugo Larsson,Eintracht Frankfurt,17,1,2799323,2799451,2.56,24.371986389160156,17.817310333251953,22.810548782348633,3.879885673522949,14.024617411736672,5.883849531349229,5.494606140602668,-1.68236311767576,False,0.0020405979655400697,0.45609235780685775,0.4581329557723978,sideways,-1.7882856352390406,0.021071307286134128,0.0892851555199
Frankfurt_Union,0,10,Ilyas Ansah,1. FC Union Berlin,8,1,2799515,2799676,3.22,20.233600616455078,1.7385857105255127,41.76402282714844,-1.948685646057129,21.843879019711512,8.132433644751824,6.77919414563021,-0.16961321312471256,True,0.020102235062050666,0.578460468871127,0.5985627039331777,forward,-0.3058287376899673,0.28774130101304024,0.08339350357752685
Frankfurt_Union,0,28,Christopher Trimmel,1. FC Union Berlin,7,1,2799541,2799644,2.06,-1.8489667177200317,-22.509456634521484,9.338985443115234,-23.02968978881836,11.200040896709627,5.714693989123238,5.4274826654539785,-0.04646593800177847,True,0.002252653952500072,0.5364560758000455,0.5387087297525456,forward,-0.056395671794165186,0.10139524260352172,0.09526481862014068
Frankfurt_Union,0,19,Janik Haberer,1. FC Union Berlin,7,1,2799553,2799612,1.18,13.567256927490234,3.5749905109405518,19.46735191345215,1.9103477001190186,6.130428739573826,5.305509709939468,5.199389922679083,-0.2749904517277298,True,0.00258615272762841,0.6273195056635145,0.6299056583911429,diagonal,-0.4190353848537164,0.19967441391713733,0.08440706014495283
Frankfurt_Union,0,39,Derrick K hn,1. FC Union Berlin,7,1,2799586,2799689,2.06,5.370052337646484,19.317523956298828,16.5069522857666,18.995452880859375,11.141556005876046,5.94852178255448,5.412415864728335,-0.02891121736369142,True,-0.00033763350098336975,0.508860683769201,0.5085230502682176,forward,0.006505879241153073,0.03707334367087442,0.098078275937458
Frankfurt_Union,0,23,Andrej Ili&amp;#263;,1. FC Union Berlin,7,1,2799598,2799698,2.0,36.67053985595703,3.8453094959259033,46.46648025512695,-2.881495237350464,11.883196128303139,6.678696639403637,6.023411777030699,-0.6017392219142632,True,0.03131169898213643,0.47371181268923807,0.5050235116713745,forward,-0.31460770212531347,0.14067440455767685,0.10182022832791615
Frankfurt_Union,0,10,Ilyas Ansah,1. FC Union Berlin,7,1,2799735,2799858,2.46,45.56187057495117,0.8030238151550293,43.33637619018555,14.418266296386719,13.795928858882949,6.187333601546521,5.681185320379079,1.7328195888920974,True,0.0028557575519039258,0.2872704901598036,0.29012624771170753,sideways,1.3477384612209542,0.25155487508568947,0.047110997960883826
Frankfurt_Union,0,39,Derrick K hn,1. FC Union Berlin,7,1,2799747,2799917,3.4,21.554237365722656,20.864089965820312,40.8228759765625,27.068466186523438,20.24289302948505,6.914045558222318,6.0164076596583875,0.31151021625260233,True,0.0029311172727857215,0.5370372605270539,0.5399683777998396,diagonal,0.41772751794011803,0.1896167117755754,0.17261987272467041
Frankfurt_Union,0,4,Diogo Monteiro Pinto Leite,1. FC Union Berlin,7,1,2799774,2799866,1.84,11.474432945251465,14.037185668945312,15.2322998046875,24.530433654785156,11.145843019959486,6.7085720420836745,6.057551657091565,1.226903945955823,True,0.00018785518665043188,0.6395766727131703,0.6397645278998207,sideways,1.3181412739979101,0.13017062670442137,0.10233307066426728
Frankfurt_Union,1,19,Jean-Matt Bahoya N goce,Eintracht Frankfurt,21,1,2801399,2801462,1.26,-21.077333450317383,-33.93313217163086,-27.75815200805664,-30.27760124206543,7.615526441319914,6.754752780259076,6.070331745332618,2.6409262304224397,False,0.030922017966073523,0.5204060124455004,0.551328030411574,forward,2.9288999346220104,0.34049428135485704,0.18262867333269173
Frankfurt_Union,0,7,Oliver Burke,1. FC Union Berlin,1,1,2803699,2803841,2.84,-33.17774963378906,-19.558019638061523,-13.770767211914062,-12.30615234375,20.717638523182856,8.524939096812407,7.498822178976663,0.35760685400320763,True,0.0123090532603643,0.48956774546872267,0.501876798729087,diagonal,0.8923259632473064,0.1400374600242539,0.2551267933381837
Frankfurt_Union,0,39,Derrick K hn,1. FC Union Berlin,1,1,2803752,2803840,1.76,-32.74460983276367,-1.0151000022888184,-23.433055877685547,4.511876106262207,10.828319443146517,6.79160141668296,6.220394668323437,0.535671555209362,True,0.016877276370063865,0.7294349904235304,0.7463122667935943,diagonal,0.909613197045499,0.2633236063586061,0.09831928941596542
Frankfurt_Union,0,10,Ilyas Ansah,1. FC Union Berlin,1,1,2803764,2803841,1.54,-37.149044036865234,1.4416619539260864,-30.321252822875977,8.82651424407959,10.057573077498088,7.345733332681819,6.447956288738793,0.8245728659002343,True,0.015454698651836463,0.713576084754692,0.7290307834065285,diagonal,0.7982135272682599,0.19984110822155499,0.1007681976848429
Frankfurt_Union,0,23,Andrej Ili&amp;#263;,1. FC Union Berlin,1,1,2803955,2804115,3.2,-31.33123779296875,-1.4806381464004517,-13.059195518493652,-1.1504666805267334,18.27502509101102,6.094034102129113,5.7063749766029686,0.01806779628109961,True,0.003741322066705355,0.4889127159075847,0.4926540379742901,forward,-0.02604488766262916,0.09556202858795047,0.07564067832799366
Frankfurt_Union,0,28,Christopher Trimmel,1. FC Union Berlin,1,1,2803957,2804072,2.3,-36.27832794189453,-16.629528045654297,-25.501266479492188,-23.084199905395508,12.56215915284203,5.7621916498513555,5.479070083399684,-0.5396300721338257,True,0.00353033973800998,0.6176107168469746,0.6211410565849845,diagonal,-0.5825415996036754,0.02933367657900906,0.1444472194473111
Frankfurt_Union,0,7,Oliver Burke,1. FC Union Berlin,19,1,2804367,2804504,2.74,4.250999927520752,-6.001657009124756,19.403642654418945,3.0095667839050293,17.629655012424003,7.9711862032695215,6.895092576755897,0.5365107517791495,True,0.004365544559705781,0.41434759000490456,0.41871313456461035,sideways,1.2789964278887365,0.05867074910892258,0.07214439677346625
Frankfurt_Union,0,23,Andrej Ili&amp;#263;,1. FC Union Berlin,19,1,2804397,2804504,2.14,6.492814064025879,8.372037887573242,19.17098617553711,9.390652656555176,12.719026068716474,6.838644309366261,6.098553983144145,0.08017176593594978,True,0.0054618315574520016,0.47453224759377793,0.47999407915122994,diagonal,0.7327581123757271,0.15562020955206965,0.15772524556909964
Frankfurt_Union,0,5,Danilho Doekhi,1. FC Union Berlin,4,1,2804871,2805054,3.66,-16.200605392456055,-10.45584774017334,-32.441837310791016,-24.47606658935547,21.455632146457585,6.196484897481473,5.8793134711548465,-2.429457267626513,True,-0.0013775947681096135,0.6065715448265648,0.6051939500584552,sideways,-2.3694606866874035,0.21044834459543837,0.06067984604312104
Frankfurt_Union,0,4,Diogo Monteiro Pinto Leite,1. FC Union Berlin,1,1,2805144,2805343,3.98,-31.788990020751953,14.661776542663574,-14.347152709960938,2.7450904846191406,21.124040697321433,5.495391227495103,5.323677418096485,-0.5993781140004346,True,4.1004975024683255e-05,0.6220089085273928,0.6220499135024175,diagonal,-0.6679398946864066,0.02096441800496166,0.14035055918735753
Frankfurt_Union,0,7,Oliver Burke,1. FC Union Berlin,1,1,2805189,2805376,3.74,2.7235524654388428,-17.823184967041016,23.659643173217773,-27.235271453857422,22.954460702871224,7.770787604933084,6.317199495017867,-0.42249024814371117,True,0.006090955523283981,0.4902923588843263,0.4963833144076103,forward,-0.259805863090793,0.4910402271564781,0.028241327594909608
Frankfurt_Union,0,8,Rani Khedira,1. FC Union Berlin,1,1,2805234,2805335,2.02,-3.120304584503174,-13.219537734985352,6.774657249450684,-18.163894653320312,11.061506905991166,5.840180092096465,5.496863777739716,-0.4633950042351548,True,0.00707725142810206,0.49277511481419417,0.49985236624229623,diagonal,-0.5184267208954165,0.23747506047888028,0.06609958944759828
Frankfurt_Union,0,10,Ilyas Ansah,1. FC Union Berlin,14,1,2806298,2806452,3.08,9.21263313293457,3.564509391784668,24.18342399597168,15.290823936462402,19.016598851148856,7.257547135747466,6.182307602481836,0.6644620760594409,True,0.003151157977839325,0.43095213686213213,0.43410329483997145,diagonal,0.47043858357872753,0.241277355315247,0.045639171190390265
Frankfurt_Union,0,4,Diogo Monteiro Pinto Leite,1. FC Union Berlin,14,1,2806327,2806471,2.88,-12.079029083251953,6.98269510269165,0.6242666840553284,14.994118690490723,15.018542913839227,5.432894666235073,5.212230212932338,0.562656998667336,True,0.0008082734140006931,0.7934390789532355,0.7942473523672362,diagonal,0.6864483158100186,0.021050877894927003,0.043533915204039764
Frankfurt_Union,0,19,Janik Haberer,1. FC Union Berlin,14,1,2806330,2806509,3.58,-10.214452743530273,2.112795352935791,8.228261947631836,9.5265474319458,19.87705825992951,5.871461838764752,5.566099395737511,0.3822190918715214,True,0.0032321464419047263,0.7657936573888774,0.7690258038307821,diagonal,0.4874984746748333,0.019415845052086902,0.07115691494015522
Frankfurt_Union,0,28,Christopher Trimmel,1. FC Union Berlin,14,1,2806370,2806538,3.36,0.6351619362831116,-21.721424102783203,20.382551193237305,-17.30356216430664,20.235535243059665,6.5173578096518545,6.007561346813161,0.2200946297124132,True,0.002811937327562908,0.5845816304164854,0.5873935677440483,forward,0.30672379680408124,0.019000959413394327,0.08850011055593976
Frankfurt_Union,0,7,Oliver Burke,1. FC Union Berlin,39,1,2806452,2806582,2.6,23.556499481201172,-18.389833450317383,38.70824432373047,-13.725366592407227,15.853473526065365,7.281957838207456,6.207669576073974,0.2986431123733821,True,0.0015298150595879356,0.5232468467654852,0.5247766618250731,diagonal,0.5290685546144838,0.04671843096172374,0.0721416449417242
Frankfurt_Union,0,23,Andrej Ili&amp;#263;,1. FC Union Berlin,39,1,2806458,2806574,2.32,27.822528839111328,0.22411905229091644,42.401309967041016,1.5190142393112183,14.636174798131073,7.275707469131098,6.420102213866495,0.08858806665484799,True,0.0013670951588536373,0.3801289010840053,0.38149599624285896,forward,0.33777404479724,0.23769221207237354,0.06746426186381228
Frankfurt_Union,1,20,Ritsu D&amp;#333;an,Eintracht Frankfurt,34,1,2807907,2808008,2.02,-17.142929077148438,21.068965911865234,-27.546762466430664,27.296552658081055,12.125287042935794,6.571580004251753,6.077542718179793,2.6022136682407555,False,0.010051077523218876,0.35222795053917855,0.3622790280623974,forward,2.762126722556287,0.4028893752716782,0.06527032044467886
Frankfurt_Union,1,8,Far Cha bi,Eintracht Frankfurt,17,1,2808090,2808275,3.7,-19.797761917114258,21.770586013793945,-34.154232025146484,7.674581050872803,20.11978105938333,6.154836435700541,5.443650080628481,-2.365348627711649,False,0.009873959891703588,0.5187536214888407,0.5286275813805443,diagonal,-2.306525998703723,0.5083589156214608,0.1380070049355254
Frankfurt_Union,1,17,Sepe Wahi,Eintracht Frankfurt,21,1,2808199,2808368,3.38,-25.844791412353516,13.57614803314209,-44.37455749511719,2.023757219314575,21.83597867276265,7.7873992147158795,6.678068472695785,-2.5841084048275165,False,0.005336507474995145,0.40829113182298943,0.4136276392979846,diagonal,-2.1397190370367722,0.07652341021945314,0.09948962815511465
Frankfurt_Union,1,42,Can Uzun,Eintracht Frankfurt,21,1,2808244,2808323,1.58,-20.34130859375,-2.3899285793304443,-26.261329650878906,-8.272757530212402,8.345916713110944,5.585015629744344,5.322434791476366,-2.3593455920976183,False,0.009168971130144754,0.45072503163713046,0.4598940027672752,diagonal,-2.0790349231829723,0.18581748137714973,0.04636112523148562
Frankfurt_Union,0,4,Diogo Monteiro Pinto Leite,1. FC Union Berlin,1,1,2809141,2809338,3.94,-35.20195007324219,21.576690673828125,-16.661113739013672,10.791509628295898,21.44953943928764,5.773913207986971,5.453261158412484,-0.5268539842352966,True,0.005508303478849785,0.6443322709678291,0.6498405744466789,diagonal,-0.546623982915603,0.05936445942585507,0.2776970132937343
Frankfurt_Union,0,7,Oliver Burke,1. FC Union Berlin,1,1,2809222,2809394,3.44,-4.616328716278076,-20.15443229675293,14.92190933227539,-14.920090675354004,20.227236050717643,7.022870332968655,6.060915531637453,0.2617557654781662,True,0.008832444227517278,0.6036782978915497,0.612510742119067,forward,-0.2950467610404114,0.2749303339716584,0.14471221139578952
Frankfurt_Union,0,5,Danilho Doekhi,1. FC Union Berlin,1,1,2809228,2809404,3.52,-37.52574920654297,-20.782018661499023,-19.50665283203125,-14.53071403503418,19.072667450747474,5.740312641459514,5.410635711269217,0.33393424331237764,True,0.0031168600059695573,0.5911009176371342,0.5942177776431038,forward,0.3458665737762239,0.20251151536440115,0.16016289113551369
Frankfurt_Union,0,14,Leopold Querfeld,1. FC Union Berlin,1,1,2809231,2809373,2.84,-34.599578857421875,6.988428592681885,-19.69060516357422,2.443723678588867,15.58627086124268,5.946189182051754,5.486782855439464,-0.2958822265877831,True,0.0003987956415956173,0.6372316736356152,0.6376304692772108,forward,-0.3426436961696263,0.05260103842129927,0.1643175112828719
Frankfurt_Union,1,42,Can Uzun,Eintracht Frankfurt,34,1,2810778,2810866,1.76,-11.675423622131348,12.239190101623535,-17.458728790283203,5.040809631347656,9.233812867002511,5.443957214044745,5.245723472521727,-2.24761766692561,False,0.0006501574092240281,0.45433558506945637,0.4549857424786804,diagonal,-2.107798995395779,0.01756539769592361,0.07449858583856493
Frankfurt_Union,1,17,Sepe Wahi,Eintracht Frankfurt,8,1,2811185,2811374,3.78,-22.263551712036133,-12.436704635620117,-43.795265197753906,2.88252854347229,26.42524533143347,8.451938731666747,6.977864633580153,2.5232081074028447,False,0.005088941115508061,0.48401775858848645,0.4891066997039945,diagonal,2.3646680076686417,0.059202917568241656,0.09553776119916141
Frankfurt_Union,0,4,Diogo Monteiro Pinto Leite,1. FC Union Berlin,1,1,2813115,2813398,5.66,-35.02030944824219,20.592653274536133,-3.432981014251709,13.951152801513672,32.277993217205136,6.649290236943269,5.968907044893085,-0.2072396471015574,True,0.0007998310170095335,0.6685360446113999,0.6693358756284095,forward,-0.3750723518294012,0.17579593947315178,0.17747951430778672
Frankfurt_Union,0,8,Rani Khedira,1. FC Union Berlin,1,1,2813147,2813275,2.56,-14.329700469970703,-1.6866666078567505,-0.4646380841732025,-1.5853190422058105,13.865432784126144,5.679056225203947,5.420263022820054,0.0073094341660922095,True,0.014367148359584248,0.4657378595317709,0.48010500789135513,forward,-0.08066201551190225,0.3337924760816595,0.12347072548992485
Frankfurt_Union,0,5,Danilho Doekhi,1. FC Union Berlin,1,1,2813156,2813289,2.66,-25.14887046813965,-13.928009033203125,-11.2949857711792,-9.602466583251953,14.513457158203366,5.787275361414816,5.449459423133297,0.30263518973043874,True,0.0028720795204224547,0.5837573063458662,0.5866293858662887,forward,0.263812055485093,0.18970559097381032,0.1262118575439768
Frankfurt_Union,0,10,Ilyas Ansah,1. FC Union Berlin,1,1,2813194,2813289,1.9,11.04340934753418,8.53870964050293,19.240524291992188,0.6396047472953796,11.38369674255917,6.5738266274900985,6.022459005223323,-0.7668859903070319,True,0.008226620294015607,0.36180171963805663,0.37002833993207224,diagonal,-0.5764940594572598,0.14142089781466513,0.1346010531218815
Frankfurt_Union,0,7,Oliver Burke,1. FC Union Berlin,1,1,2813196,2813299,2.06,10.602423667907715,-19.719833374023438,19.711885452270508,-11.194314002990723,12.476649171416987,6.829249301479179,6.047978162737722,0.7522975251451661,True,0.020404302785884565,0.5328184520890564,0.553222754874941,diagonal,0.6703767353966501,0.2397548070557389,0.17964835399302934
Frankfurt_Union,1,20,Ritsu D&amp;#333;an,Eintracht Frankfurt,34,1,2813499,2813573,1.48,10.935995101928711,19.838132858276367,13.784371376037598,26.91153907775879,7.625373626565391,5.584148036924369,5.304524628623483,1.187974801070163,False,-0.00016525036398740145,0.43961494940124096,0.43944969903725356,sideways,1.4555802026414293,0.26972348396034374,0.040682794902784924
Frankfurt_Union,1,21,Nathaniel Brown,Eintracht Frankfurt,4,1,2814251,2814439,3.76,28.348098754882812,-12.209314346313477,15.912147521972656,-26.122323989868164,18.66078027331562,6.080112701404384,5.542205952960911,-2.300195540775411,False,-0.01256308969101183,0.5468877883633376,0.5343246986723258,sideways,-1.3527564914559544,0.4306800172444396,0.041728791184618065
Frankfurt_Union,1,19,Jean-Matt Bahoya N goce,Eintracht Frankfurt,4,1,2814360,2814412,1.04,12.528780937194824,-29.114267349243164,13.764852523803711,-23.339603424072266,5.905473428599267,6.383181347476047,5.692791010217294,1.359927579904919,False,-0.009870977594638342,0.43713764641969977,0.4272666688250614,sideways,1.3046261113418165,0.6000291014997653,0.14965272882411912
Frankfurt_Union,0,39,Derrick K hn,1. FC Union Berlin,7,1,2814544,2814608,1.28,4.170190334320068,14.199347496032715,11.239361763000488,13.771995544433594,7.082076981974084,6.044043727525511,5.535272725383072,-0.06037942365583172,True,-0.0010440816915599505,0.47740612784717296,0.476362046155613,forward,0.00040097881840866627,0.09344791095188422,0.17130411856416367
Frankfurt_Union,1,34,Pharrell Collins,Eintracht Frankfurt,42,1,2817345,2817555,4.2,8.79788589477539,14.05380916595459,-16.98468017578125,19.542390823364258,26.360296693942434,7.233022926636096,6.362405609441653,2.9318441151744614,False,0.017568312799827845,0.7925065696145862,0.810074882414414,diagonal,2.5429125788686213,0.242617164572961,0.30024161083840845
Frankfurt_Union,1,17,Sepe Wahi,Eintracht Frankfurt,3,1,2817372,2817514,2.84,-4.78412389755249,9.65965747833252,-19.388961791992188,10.507219314575195,14.62941047989005,5.38401126360211,5.1833982780414996,3.083624719889908,False,0.03177535840558604,0.4124856016762693,0.44426096008185534,forward,-3.0306167844174148,0.2393832725065172,0.3035502487523733
Frankfurt_Union,1,20,Ritsu D&amp;#333;an,Eintracht Frankfurt,3,1,2817402,2817491,1.78,-4.814009666442871,19.094785690307617,-13.775261878967285,16.71645164489746,9.27148931121806,5.3428500975165365,5.201769040952302,-2.8821713608955415,False,0.031703033600024466,0.5192002264917973,0.5509032600918218,forward,-2.9848193318723295,0.0941723188596769,0.36125940355587055
Frankfurt_Union,0,14,Leopold Querfeld,1. FC Union Berlin,1,1,2819814,2820033,4.38,-43.43833923339844,7.157614231109619,-17.457727432250977,-1.7162095308303833,27.45426993602077,6.98876360473087,6.28534393299795,-0.32913226238261434,True,0.012055570351297784,0.7094182766722843,0.7214738470235821,forward,-0.20391793328216556,0.41986061312204065,0.15910652206322032
Frankfurt_Union,0,5,Danilho Doekhi,1. FC Union Berlin,1,1,2819825,2820016,3.82,-36.081295013427734,-15.956913948059082,-14.649333000183105,-13.562376022338867,21.565314920373254,6.295196403880643,5.699925398134931,0.11126597766045736,True,0.000998261152187374,0.5922281131551109,0.5932263743072983,forward,0.26508388352220524,0.373076843790872,0.15539776428064844
Frankfurt_Union,0,19,Janik Haberer,1. FC Union Berlin,1,1,2819883,2820005,2.44,-9.349224090576172,7.933500289916992,1.014952301979065,-0.8857333064079285,13.608638195004872,5.9281704064860055,5.572104362395242,-0.7050362466098419,True,0.0052952281139792,0.4693649812490025,0.4746602093629817,diagonal,-0.48218959584359805,0.17786547727785004,0.12297572803964346
Frankfurt_Union,0,10,Ilyas Ansah,1. FC Union Berlin,1,1,2819887,2820046,3.18,7.572152614593506,18.40239143371582,18.625076293945312,1.64228093624115,20.076564092222966,7.616278874435796,6.332361079189086,-0.9877870376975766,True,0.0021611099496539055,0.5792595038897504,0.5814206138394044,diagonal,-0.9974901106399633,0.06863316985784436,0.12125902980953006
Frankfurt_Union,0,19,Janik Haberer,1. FC Union Berlin,28,1,2821496,2821735,4.78,2.657566547393799,-13.484647750854492,-24.849103927612305,-5.281347274780273,28.703850949329638,6.738291550708246,6.133522884834614,2.851760965061181,True,0.005138846198567859,0.5109406161391836,0.5160794623377515,sideways,-3.134323941205105,0.4344501936395692,0.022007650974761435
Frankfurt_Union,0,4,Diogo Monteiro Pinto Leite,1. FC Union Berlin,28,1,2821544,2821727,3.66,-15.960528373718262,-5.917647838592529,-32.34563446044922,13.304023742675781,25.257560449330132,7.688062695537568,6.902407793459538,2.2766987350363945,True,-0.000330230959127209,0.6084547232156132,0.608124492256486,sideways,2.4775586043368105,0.37864586032886294,0.014199901492851026
Frankfurt_Union,0,39,Derrick K hn,1. FC Union Berlin,14,1,2821561,2821648,1.74,11.494376182556152,17.98869514465332,5.02103328704834,24.154138565063477,8.93962308003533,5.331844017507012,5.1400816573961885,2.3805511474066567,True,5.893543739066143e-05,0.6204982007727278,0.6205571362101184,sideways,2.3236825801993657,0.03375820531134292,0.05926176193227686
Frankfurt_Union,0,23,Andrej Ili&amp;#263;,1. FC Union Berlin,14,1,2821563,2821627,1.28,20.14103889465332,-15.059361457824707,13.894757270812988,-13.0563383102417,6.559583512242127,5.234844709046702,5.117467498587359,2.8312779949348372,True,0.0006774503803715359,0.34595871212693163,0.34663616250730317,sideways,2.780262197865527,0.027333023676744037,0.01633671495459639
Frankfurt_Union,0,10,Ilyas Ansah,1. FC Union Berlin,14,1,2821583,2821715,2.64,18.998876571655273,-8.87610912322998,7.8159379959106445,-0.5102999806404114,13.96584683429947,5.553435262998964,5.30319238881429,2.499317094228833,True,0.011323532623889743,0.5460351481121779,0.5573586807360676,sideways,2.270093080045151,0.07968679349512114,0.07152091560713632
Frankfurt_Union,0,7,Oliver Burke,1. FC Union Berlin,14,1,2822072,2822158,1.72,4.013171195983887,-26.547147750854492,13.532047271728516,-20.325838088989258,11.371617987524958,7.601203476017394,6.6050612231029,0.5788850506763797,True,-0.0014334674429803407,0.5857031069325649,0.5842696394895845,diagonal,0.7072782252099619,0.32469422580496193,0.10014212649867492
Frankfurt_Union,0,10,Ilyas Ansah,1. FC Union Berlin,23,1,2822121,2822191,1.4,9.010347366333008,-7.660990238189697,16.90574836730957,-9.164185523986816,8.037222967758478,6.086108606639457,5.727607534097387,-0.18813709532509676,True,0.00944513769547961,0.44545605659336174,0.45490119428884135,forward,-0.21919372385227007,0.1904732556076939,0.08170497577463597
Frankfurt_Union,0,39,Derrick K hn,1. FC Union Berlin,23,1,2822134,2822326,3.84,-8.14914321899414,12.48223876953125,15.115723609924316,10.100433349609375,23.386470995549534,7.303330125404416,6.083051632111067,-0.10202233173986949,True,7.371192956451278e-05,0.6217245220886811,0.6217982340182456,forward,-0.19814650005164838,0.04918168596987668,0.1034388447870871
Frankfurt_Union,1,17,Sepe Wahi,Eintracht Frankfurt,19,1,2823821,2823871,1.0,2.2735142707824707,-15.054537773132324,5.771361827850342,-18.973400115966797,5.252848712324748,5.492279476674883,5.2375768362463075,-0.8421030157352047,False,-0.0005830314337268439,0.4112873287131726,0.41070429727944574,sideways,-1.0712149375224636,0.4056798320123287,0.117773506888996
Frankfurt_Union,0,39,Derrick K hn,1. FC Union Berlin,14,1,2825089,2825147,1.16,24.168804168701172,27.319843292236328,30.456823348999023,26.81638526916504,6.308141976270708,5.721436459227483,5.429651780571977,-0.07989579942552838,True,0.00044123124711614725,0.6214649397971618,0.6219061710442779,forward,-0.15734191142117993,0.40254799152944537,0.123514392933116
Frankfurt_Union,0,4,Diogo Monteiro Pinto Leite,1. FC Union Berlin,14,1,2825099,2825311,4.24,-5.84930944442749,2.940171480178833,17.97980499267578,6.782537937164307,24.136911046079003,6.274932100681893,5.733881927653105,0.15987062229030555,True,6.388977131366325e-05,0.6374313843831528,0.6374952741544665,diagonal,0.6134746529586067,0.008323595529665984,0.04682547064133858
Frankfurt_Union,0,19,Janik Haberer,1. FC Union Berlin,14,1,2825109,2825277,3.36,6.0654144287109375,-2.473057270050049,22.674623489379883,5.925842761993408,18.612021582011636,6.068782130242963,5.54178611918435,0.46817912907223924,True,0.0019599792382286596,0.671237502802227,0.6731974820404557,diagonal,0.573895327681306,0.027444984082114175,0.03609589269953136
Frankfurt_Union,0,7,Oliver Burke,1. FC Union Berlin,14,1,2825133,2825279,2.92,25.71589469909668,-25.074670791625977,38.3691520690918,-13.611328125,17.07375609418804,6.430207811721174,5.8443274223108626,0.7360980748030536,True,0.0016071751349032715,0.4480665478416742,0.4496737229765775,diagonal,0.6761709972059691,0.05186397553360608,0.06083883251303466
Frankfurt_Union,0,28,Christopher Trimmel,1. FC Union Berlin,39,1,2825179,2825312,2.66,15.554680824279785,-25.134828567504883,29.082862854003906,-18.483333587646484,15.07494923694379,5.921638000041874,5.662442498273316,0.456967009096901,True,0.0018970837203139412,0.5420914475112671,0.5439885312315811,diagonal,0.4570731204350204,0.0,0.06282725111689035
Frankfurt_Union,0,8,Rani Khedira,1. FC Union Berlin,39,1,2825186,2825308,2.44,17.90977668762207,-8.444557189941406,30.029600143432617,-3.069538116455078,13.258240857683848,5.722420425859542,5.433450430028917,0.4174269383559629,True,0.0025593059983385347,0.5013363786504669,0.5038956846488054,diagonal,0.630041537874473,0.0234057822564088,0.06921297334848986
Frankfurt_Union,0,10,Ilyas Ansah,1. FC Union Berlin,39,1,2825233,2825284,1.02,30.524166107177734,-2.6442952156066895,35.373558044433594,-4.911818981170654,5.353341590868223,5.608671007729283,5.275500628401933,-0.43738452607758105,True,0.06214061099018864,0.4193572256828509,0.4814978366730395,diagonal,-0.6526244426397252,0.14047456131997077,0.285209608946565
Frankfurt_Union,1,16,Hugo Larsson,Eintracht Frankfurt,34,1,2826387,2826470,1.66,32.949642181396484,9.835057258605957,39.03211975097656,16.645252227783203,9.131007003756586,6.01026050129179,5.54874488432009,0.8417825977689131,False,0.005378507285037193,0.5671068702399081,0.5724853775249453,sideways,0.7649055666841275,0.3311723992342928,0.044780419433719514
Frankfurt_Union,1,19,Jean-Matt Bahoya N goce,Eintracht Frankfurt,8,1,2828299,2828405,2.12,-24.03704261779785,-28.30933380126953,-30.854276657104492,-19.887624740600586,10.835121755164293,5.207013361543335,5.106821258538577,2.251293164669578,False,0.002034305002956871,0.5753050816221805,0.5773393866251374,diagonal,2.220601535998544,0.0035283282010341132,0.05775786583697218
Frankfurt_Union,1,42,Can Uzun,Eintracht Frankfurt,8,1,2828327,2828494,3.34,-21.80908966064453,-4.910980701446533,-29.8330135345459,11.405233383178711,18.182469479954793,5.842127673153536,5.456444260626775,2.027843185217766,False,0.002623639332689831,0.4524130855964178,0.4550367249291076,diagonal,2.134208444985809,0.14383928634740004,0.038219811337726096
Frankfurt_Union,1,19,Jean-Matt Bahoya N goce,Eintracht Frankfurt,20,1,2828483,2828534,1.02,-35.64311599731445,-14.5888090133667,-39.62442398071289,-11.062066078186035,5.318714975397616,5.322156528300241,5.1942449810713605,2.416664359546243,False,0.005716446794933772,0.5238340226360264,0.5295504694309602,diagonal,2.4092767774022437,0.0,0.0622379688765029
Frankfurt_Union,1,42,Can Uzun,Eintracht Frankfurt,20,1,2831685,2831942,5.14,-1.7021191120147705,-6.559618949890137,-26.47507667541504,7.345062255859375,28.408442158477367,6.009295040168576,5.568041104007126,2.6301268939711178,False,0.005384237618454413,0.5187954093923709,0.5241796470108253,diagonal,2.0405882180271364,0.36843962454730544,0.038379230379081516
Frankfurt_Union,1,19,Jean-Matt Bahoya N goce,Eintracht Frankfurt,20,1,2831721,2831941,4.4,-7.915304660797119,-23.762985229492188,-31.6203670501709,-15.236599922180176,25.19184846915465,6.056233664273931,5.73460087630223,2.7963148423669697,False,0.001464811346969963,0.6293303627800508,0.6307951741270208,forward,3.0373242429561254,0.020247567530351594,0.14145928111013276
Frankfurt_Union,1,8,Far Cha bi,Eintracht Frankfurt,20,1,2831729,2831912,3.66,-1.937166690826416,0.2702285647392273,-22.199813842773438,2.2712762355804443,20.36121463433078,6.042605978061918,5.650394791397989,3.043156339333875,False,0.006143860018138936,0.49947578950008054,0.5056196495182195,diagonal,2.6779238993864767,0.30058303618808413,0.0614383429793301
Frankfurt_Union,1,20,Ritsu D&amp;#333;an,Eintracht Frankfurt,17,1,2831992,2832096,2.08,-34.39723205566406,13.263290405273438,-43.251705169677734,20.767271041870117,11.606524868418147,6.169890376767774,5.658877644458554,2.438563941175118,False,0.005500429553750519,0.551180578333007,0.5566810078867576,forward,2.88271346338493,0.25361806860072367,0.08113897429276672
Frankfurt_Union,1,42,Can Uzun,Eintracht Frankfurt,17,1,2831998,2832098,2.0,-30.768943786621094,10.657018661499023,-34.63915252685547,20.250600814819336,10.344821614000532,5.341261807777319,5.18148114769151,1.9542444350085548,False,0.004393006320730364,0.6001329584907165,0.6045259648114468,diagonal,2.205480343250972,0.3038330290139137,0.040382969951218935
Frankfurt_Union,1,42,Can Uzun,Eintracht Frankfurt,3,1,2834145,2834270,2.5,-1.5513571500778198,15.622947692871094,-8.435595512390137,4.654866695404053,12.949576772857489,5.310744141839528,5.179677231142482,-2.131306991720426,False,-7.827403435656244e-05,0.4390396558822022,0.4389613818478456,diagonal,-2.0688429613121455,0.1249318454777225,0.02650810080216017
Frankfurt_Union,1,19,Jean-Matt Bahoya N goce,Eintracht Frankfurt,8,1,2835219,2835311,1.84,-28.993885040283203,-21.55351448059082,-35.842498779296875,-12.503371238708496,11.349387774007687,7.455414298743034,6.306351101924527,2.218597684859068,False,0.00048382028628185525,0.43912879391978626,0.4396126142060681,sideways,1.8857992974336715,0.003760025741535949,0.06692060084100401
Frankfurt_Union,0,7,Oliver Burke,1. FC Union Berlin,1,1,2835462,2835528,1.32,-24.062124252319336,-17.351015090942383,-16.482038497924805,-21.029375076293945,8.425439586502918,7.2452488850547985,6.473781025224123,-0.45179130707272874,True,0.0026747368479845823,0.4715820978132903,0.4742568346612749,diagonal,-0.8653755504819621,0.24451425682037706,0.1995605665809688
Frankfurt_Union,0,10,Ilyas Ansah,1. FC Union Berlin,14,1,2835873,2835929,1.12,-8.997152328491211,11.587623596191406,-11.796091079711914,16.7833194732666,5.901636534059099,5.48919799827213,5.277134569081423,2.0649251327138702,True,-0.000613797917562775,0.4693374109857005,0.4687236130681377,sideways,1.8560407110313557,0.1454925370125377,0.05658345376564404
Frankfurt_Union,1,21,Nathaniel Brown,Eintracht Frankfurt,34,1,2837870,2837922,1.04,-11.18045711517334,-16.658071517944336,-6.580395221710205,-14.002766609191895,5.311422933841406,5.220323978524797,5.091866139087988,0.5235103923223122,False,0.007160186887080977,0.5800455771373826,0.5872057640244636,sideways,0.49396536521596446,0.1024865294558181,0.19090337619259276
Frankfurt_Union,1,16,Hugo Larsson,Eintracht Frankfurt,34,1,2837923,2838040,2.34,-0.535880982875824,11.333495140075684,10.149480819702148,5.716852188110352,12.071604487467862,5.671052082392364,5.315219180845559,-0.48394780509404756,False,0.0008357475781709534,0.4615590283168585,0.4623947758950295,sideways,-0.8713041175474491,0.22988012405843283,0.05464506315890143
Frankfurt_Union,1,20,Ritsu D&amp;#333;an,Eintracht Frankfurt,4,1,2838060,2838175,2.3,-7.275604724884033,31.426366806030273,5.311200141906738,33.02156066894531,12.687485969054297,5.951856089976733,5.518015283168112,0.12606333841070597,False,0.00046079145353872253,0.5581577658157769,0.5586185572693156,sideways,0.2039462321002847,0.15647679425268526,0.05848089204300979
Frankfurt_Union,1,19,Jean-Matt Bahoya N goce,Eintracht Frankfurt,17,1,2838448,2838561,2.26,0.1433190554380417,-23.271419525146484,-12.507461547851562,-25.856042861938477,12.912107793294565,6.4156254958610095,5.731599950707302,-2.940060693025213,False,0.0010634049744738805,0.6298379852003492,0.630901390174823,forward,-3.104535668203825,0.18066203193397057,0.1213086959098316
Frankfurt_Union,1,20,Ritsu D&amp;#333;an,Eintracht Frankfurt,4,1,2840548,2840740,3.84,-23.905017852783203,22.61105728149414,-45.502845764160156,16.968048095703125,22.32285203911846,6.9118470275465205,6.1702699518078665,-2.8860291082217104,False,0.0057441076030188,0.3989763097017929,0.4047204173048117,sideways,-1.9513035355193997,0.02963657481125315,0.3867627996572486
Frankfurt_Union,1,17,Sepe Wahi,Eintracht Frankfurt,4,1,2840630,2840781,3.02,-26.09971809387207,-1.1655619144439697,-46.02705001831055,-3.0898284912109375,20.020023963152674,7.372060323432493,6.622293643654068,-3.0453269420989386,False,0.0017629809909753824,0.4015732415681143,0.4033362225590897,forward,2.926214819095057,0.20335788599219679,0.09155876246082993
Frankfurt_Union,1,42,Can Uzun,Eintracht Frankfurt,4,1,2840631,2840802,3.42,-15.392057418823242,-3.658742904663086,-34.26967239379883,1.7827810049057007,19.64623448912873,6.2796704781914245,5.78605224050468,2.8609477148804667,False,0.0008418230865296916,0.5012817486938244,0.502123571780354,diagonal,2.5135764906831484,0.10305262244997716,0.07092417558833136
Frankfurt_Union,1,19,Jean-Matt Bahoya N goce,Eintracht Frankfurt,4,1,2840638,2840758,2.4,-25.526166915893555,-22.420747756958008,-35.84355163574219,-12.404638290405273,14.379529766419115,6.533826608135246,6.0013346640129495,2.3710101045998626,False,0.00031366695803081157,0.44515300632068483,0.44546667327871564,diagonal,2.3043801774612445,0.02745843408248981,0.0584440121928107
Frankfurt_Union,1,8,Far Cha bi,Eintracht Frankfurt,20,1,2840700,2840759,1.18,-26.342214584350586,13.792343139648438,-32.44878387451172,13.96310043334961,6.108956256914203,5.382949165134824,5.1771961268228335,3.1136370536267775,False,-0.00039261876369001136,0.4833875413263774,0.4829949225626874,forward,2.990774603835692,0.24025841644290524,0.06313766508031858
Frankfurt_Union,0,10,Ilyas Ansah,1. FC Union Berlin,39,1,2842274,2842391,2.34,-33.25856018066406,8.424448013305664,-20.50685691833496,16.280776977539062,14.97757793786256,7.521388707151012,6.418290547556169,0.5521739615594133,True,0.007471636716429697,0.5871252598148164,0.5945968965312461,diagonal,0.6679924114072464,0.5520691572381751,0.05605121521413938
Frankfurt_Union,1,8,Far Cha bi,Eintracht Frankfurt,42,1,2842623,2842723,2.0,-33.26155090332031,20.47852897644043,-45.472999572753906,19.566429138183594,12.24546465925894,6.658641149496871,6.11045724818366,-3.0670389016333366,False,0.03320129063845695,0.48323095807819455,0.5164322487166515,forward,-3.0701100791022653,0.3752416101238126,0.18080083270848737
Frankfurt_Union,0,7,Oliver Burke,1. FC Union Berlin,5,1,2842861,2842907,0.92,-29.361865997314453,-13.997547149658203,-26.38726234436035,-18.265005111694336,5.2018712354222565,6.110043621123187,5.6351677805977225,-0.9620573763709444,True,-0.0010056253930992853,0.46013503400528877,0.4591294086121895,sideways,-1.279315044408584,0.5128031477234946,0.0906471768903721
Frankfurt_Union,0,23,Andrej Ili&amp;#263;,1. FC Union Berlin,7,1,2842969,2843157,3.76,-24.188276290893555,6.203723907470703,-14.493566513061523,-13.224176406860352,21.71245514215232,6.3451262682711365,5.877378534055883,-1.1079413098860564,True,0.0036196430451563844,0.7234858202404841,0.7271054632856405,diagonal,-0.5855781964470523,0.06001660649571679,0.10493084967439509
Frankfurt_Union,0,28,Christopher Trimmel,1. FC Union Berlin,7,1,2842998,2843089,1.82,-43.071632385253906,-13.736638069152832,-47.07943344116211,-22.427772521972656,9.570699419620839,5.437508242063662,5.252896668621824,-2.002872842979889,True,0.003102070674792068,0.5852487956186807,0.5883508662934728,sideways,-1.9132393674712915,0.15175483645251273,0.10093414753549092
Frankfurt_Union,1,20,Ritsu D&amp;#333;an,Eintracht Frankfurt,8,1,2848317,2848392,1.5,-38.26235580444336,19.241024017333984,-39.42326354980469,10.966328620910645,8.355734001081505,6.0021843298108,5.582892127883553,-1.7101826943975011,False,0.018735546009440163,0.3441116188849986,0.36284716489443875,diagonal,-1.9872509247103154,0.3929429139737547,0.20229332831044264
Frankfurt_Union,0,23,Andrej Ili&amp;#263;,1. FC Union Berlin,1,1,2848572,2848634,1.24,-28.14873695373535,12.544976234436035,-21.53587532043457,10.709718704223633,6.862806217822474,5.756397493141368,5.528803222810141,-0.2707154087035629,True,0.026478696650032996,0.6510316491266086,0.6775103457766416,forward,-0.2838439756066021,0.2781124519392856,0.17031479927231835
Frankfurt_Union,0,5,Danilho Doekhi,1. FC Union Berlin,1,1,2849276,2849368,1.84,-32.17924499511719,-18.965595245361328,-23.92491912841797,-14.356014251708984,9.454212418319187,5.311523216634986,5.131087998826299,0.5093032119479819,True,0.002469873974104364,0.7061134991350282,0.7085833731091326,diagonal,0.5102922507788601,0.258709876226162,0.18250810939962883
Frankfurt_Union,0,19,Janik Haberer,1. FC Union Berlin,1,1,2849355,2849511,3.12,-7.941819190979004,4.405176162719727,8.277724266052246,11.770237922668457,17.813414178151934,6.338230184086151,5.826462204860974,0.4262463473713256,True,0.007767428163167556,0.5852909266843986,0.5930583548475662,diagonal,0.40280119336722664,0.24212706620908522,0.09593697769792339
Frankfurt_Union,0,23,Andrej Ili&amp;#263;,1. FC Union Berlin,1,1,2849357,2849412,1.1,11.030695915222168,11.500394821166992,16.921104431152344,10.463775634765625,5.980927337976793,5.806592272840694,5.405782161445015,-0.17420051974789752,True,0.028209504078440584,0.566106091522707,0.5943155956011476,forward,0.01437072106534415,0.3869106438785733,0.09041299897284512
Frankfurt_Union,0,10,Ilyas Ansah,1. FC Union Berlin,1,1,2849360,2849446,1.72,9.89406681060791,17.72748565673828,19.467618942260742,15.367880821228027,9.860052504791131,6.09292028475787,5.706618237216383,-0.24165468732360976,True,0.006810597608593039,0.48198343896263296,0.488794036571226,forward,-0.1534505294266951,0.24033124755247012,0.1034173697343781
Frankfurt_Union,0,5,Danilho Doekhi,1. FC Union Berlin,1,1,2849373,2849469,1.92,-23.48920440673828,-14.111376762390137,-14.272538185119629,-10.113414764404297,10.046424059239445,5.582252406678263,5.239557151297569,0.4092798499987113,True,0.003676621160770388,0.5319008204414596,0.53557744160223,diagonal,0.48776153625826474,0.047080669862535056,0.08979757795075093
Frankfurt_Union,1,8,Far Cha bi,Eintracht Frankfurt,4,1,2849461,2849688,4.54,6.284624099731445,13.485737800598145,26.27946662902832,30.21372413635254,26.06950813921438,6.790730085223285,6.092989482910348,0.6966719083189619,False,0.0008961742432708197,0.5643039302930948,0.5652001045363656,sideways,0.18172375460249499,0.4134836199663328,0.055147997979382815
Frankfurt_Union,1,16,Hugo Larsson,Eintracht Frankfurt,40,1,2850008,2850083,1.5,25.9390811920166,9.347352027893066,17.512256622314453,8.448833465576172,8.474591903765267,6.076908861510317,5.643369967941137,-3.0353680040657185,False,0.0012129265283095658,0.4661112478555163,0.46732417438382584,forward,-3.0966847204428687,0.25710007465999557,0.09540062126465942
Frankfurt_Union,1,21,Nathaniel Brown,Eintracht Frankfurt,3,1,2850738,2850885,2.94,18.436847686767578,-10.04045295715332,2.2724380493164062,-17.750776290893555,17.909138026106767,7.043031781743855,6.225899967471894,-2.6965188049303515,False,0.002516916196229846,0.46844103144421906,0.4709579476404489,forward,-2.8510490391647103,0.19647939712024834,0.1441910414370035
Frankfurt_Union,0,14,Leopold Querfeld,1. FC Union Berlin,1,1,2853874,2854050,3.52,-42.78833770751953,7.857838153839111,-22.91022300720215,12.180676460266113,20.34272290187542,6.39215720861908,5.776683705922712,0.21413317053367445,True,0.011632064470396442,0.6700864815714743,0.6817185460418708,forward,0.13707746044482622,0.35706153512633804,0.14362040784914873
Frankfurt_Union,0,19,Janik Haberer,1. FC Union Berlin,1,1,2853958,2854050,1.84,-9.800633430480957,12.23922348022461,-1.5439238548278809,17.472604751586914,9.775557914928791,5.59586687207382,5.312802984656176,0.5649264766716265,True,0.012709309182173445,0.47320518947012735,0.4859144986523008,diagonal,0.6317550512906881,0.19491599098858844,0.05861839273078418
Frankfurt_Union,1,42,Can Uzun,Eintracht Frankfurt,3,1,2855047,2855095,0.96,9.147842407226562,-5.721476078033447,5.853166580200195,-9.772818565368652,5.221902407636443,5.610945584931387,5.424463287484199,-2.2535528249794043,False,0.003850195430665393,0.43031726021380856,0.43416745564447395,diagonal,-2.069341570668975,0.23600347904928728,0.06093289913542559
Frankfurt_Union,0,5,Danilho Doekhi,1. FC Union Berlin,4,1,2855958,2856103,2.9,-24.682409286499023,-2.934023857116699,-35.490821838378906,-14.833905220031738,16.07572574856536,5.930706876035855,5.5707306411847535,-2.3081666873706874,True,-0.001527472368615057,0.572723456324366,0.571195983955751,sideways,-2.050374741228227,0.5306234026993039,0.030009319999306696
Frankfurt_Union,0,7,Oliver Burke,1. FC Union Berlin,1,1,2856233,2856317,1.68,-0.8715095520019531,-21.687732696533203,-5.439233303070068,-29.373220443725586,8.940403915837138,5.672566100256822,5.400490733963375,-2.107037030418838,True,-3.4170369383135224e-05,0.5350684675385341,0.535034297169151,sideways,-1.693581699381547,0.4333478322215472,0.05253624345852858
Frankfurt_Union,0,8,Rani Khedira,1. FC Union Berlin,1,1,2856272,2856332,1.2,-7.204833030700684,-9.120195388793945,-5.182757377624512,-15.431880950927734,6.627681689852912,5.862083618420908,5.52086713661291,-1.260757650521537,True,0.0009192836566554452,0.4225119894949576,0.42343127315161305,sideways,-1.187553259510418,0.25517365713245665,0.04218623214692274
Frankfurt_Union,0,7,Oliver Burke,1. FC Union Berlin,8,1,2860455,2860595,2.8,-4.672704696655273,-33.31789016723633,9.834952354431152,-24.844505310058594,16.80090366765391,6.726061974128569,6.1552435117435795,0.5286186467130652,True,0.009942035340777922,0.4518744103338268,0.4618164456746047,forward,0.20552580162992448,0.26793688885092526,0.16013029380826543
Frankfurt_Union,0,23,Andrej Ili&amp;#263;,1. FC Union Berlin,8,1,2860473,2860536,1.26,1.566361904144287,-21.33951759338379,2.0465381145477295,-14.719114303588867,6.637793979370318,5.906098695126079,5.38599102899415,1.4983933571072798,True,0.0017538351634673877,0.42802208869423103,0.4297759238576984,sideways,1.7175140177121875,0.7938113285638217,0.050726580407910275
Frankfurt_Union,1,34,Pharrell Collins,Eintracht Frankfurt,3,1,2860634,2860825,3.82,18.265470504760742,-9.883442878723145,26.816543579101562,9.293023109436035,20.996611596106224,6.116736723536315,5.55005078534625,1.1513447108974768,False,-0.0004209318585822741,0.5055964524182528,0.5051755205596705,sideways,0.7606630093354452,0.3914553032034121,0.027658630563723176
Frankfurt_Union,1,42,Can Uzun,Eintracht Frankfurt,3,1,2864380,2864471,1.82,-20.13532829284668,6.7276716232299805,-26.188610076904297,-1.9059333801269531,10.544257001382014,6.544703799346177,5.824483094590489,-2.182280457134465,False,0.009462187101708541,0.47091548872409683,0.4803776758258054,diagonal,-1.981782646715581,0.12472406016319842,0.10683789367813525
Frankfurt_Union,1,20,Ritsu D&amp;#333;an,Eintracht Frankfurt,3,1,2864459,2864660,4.02,-27.289724349975586,28.675737380981445,-50.615989685058594,14.231566429138184,27.436266673306115,7.952391989002163,6.980183122947685,-2.5871580361468784,False,0.0003526086087323188,0.6011196084987289,0.6014722171074612,forward,-3.077122807773619,0.18279238224688002,0.12761973444169497
Frankfurt_Union,0,8,Rani Khedira,1. FC Union Berlin,39,1,2866497,2866758,5.22,9.733223915100098,14.356986045837402,23.58309555053711,-12.333109855651855,30.069588682733528,6.647053610176957,6.084268030427386,-1.0921320507751116,True,0.0016791734147989512,0.5642116299045322,0.5658908033193312,diagonal,-0.7959617285359073,0.18907830762056196,0.06417042335920009
Frankfurt_Union,0,7,Oliver Burke,1. FC Union Berlin,39,1,2866506,2866601,1.9,23.030391693115234,5.222318649291992,31.068510055541992,-1.930219054222107,10.759653452066798,6.388055363546791,5.740970207484604,-0.727166350111462,True,0.03293073447436995,0.4404235204356595,0.47335425491002947,diagonal,-0.6098557950019639,0.49229762445460956,0.05128929493270205
Frankfurt_Union,1,19,Jean-Matt Bahoya N goce,Eintracht Frankfurt,3,1,2866619,2866805,3.72,12.265252113342285,-5.49161434173584,28.3883056640625,-24.918533325195312,25.245950902853505,8.104197934725095,6.930386706114207,-0.8780677855990903,False,0.00015754086587943528,0.4233986996128884,0.42355624047876783,sideways,-1.0610408053957192,0.4994846796474739,0.013275871462206738
Frankfurt_Union,0,8,Rani Khedira,1. FC Union Berlin,7,1,2866811,2867009,3.96,27.563100814819336,-15.190624237060547,48.2900505065918,-29.038877487182617,24.927506124856993,7.7782062638931375,6.323841578821258,-0.5890135404547177,True,0.010795064414365618,0.37108791327255053,0.38188297768691615,diagonal,-0.7411575523768729,0.40561762801413176,0.06726919259691112
Frankfurt_Union,1,21,Nathaniel Brown,Eintracht Frankfurt,40,1,2868247,2868457,4.2,33.06755065917969,0.19385714828968048,16.221956253051758,-17.502452850341797,24.43222131660224,6.107511973460397,5.835507565792476,-2.331570959283818,False,0.0009611526488934041,0.4531207562705553,0.4540819089194487,diagonal,-2.1147655867425477,0.2107088190825876,0.035531347268256804
Frankfurt_Union,1,42,Can Uzun,Eintracht Frankfurt,16,1,2868797,2869192,7.9,5.757190227508545,-14.932243347167969,-34.12868118286133,-16.728485107421875,39.92629738187403,6.981228347400682,5.876272570077064,-3.096588524375692,False,8.680743439837268e-05,0.35539173651413786,0.35547854394853623,forward,2.817045976738043,0.35730596500314205,0.12916490929626423
Frankfurt_Union,1,17,Sepe Wahi,Eintracht Frankfurt,42,1,2868868,2869079,4.22,-5.236257076263428,-5.833561897277832,-32.83399200439453,2.775576114654541,28.90937962793194,7.769663679821647,6.856622631974842,2.8392081188959963,False,0.033439685617224435,0.3471301620165564,0.3805698476337808,diagonal,2.614713942152705,0.2426541574892477,0.19338786566617683
Frankfurt_Union,1,21,Nathaniel Brown,Eintracht Frankfurt,42,1,2868892,2869149,5.14,-4.328057289123535,-29.36262321472168,-35.37826156616211,-19.736865997314453,32.50800497807104,7.268463712596099,6.418199984476796,2.840981286584112,False,0.00808937209116467,0.5972106744790503,0.605300046570215,forward,2.956733194885478,0.2637286730959092,0.12933073738738574
Frankfurt_Union,1,8,Far Cha bi,Eintracht Frankfurt,42,1,2868945,2869126,3.62,-1.431323766708374,9.761261940002441,-21.24772834777832,4.484699726104736,20.506876878690793,6.131688665779496,5.671340033405248,-2.881358360656418,False,0.000347524543643174,0.6431166623609172,0.6434641869045604,forward,-2.868892652520995,0.04642044961299899,0.07112194037588626
Frankfurt_Union,1,20,Ritsu D&amp;#333;an,Eintracht Frankfurt,42,1,2868968,2869156,3.76,-18.497133255004883,22.323719024658203,-38.3292236328125,11.204756736755371,22.736383422025035,6.612199328400514,6.042292563553023,-2.630605777614755,False,0.0041603112777856,0.5757303919835599,0.5798907032613455,diagonal,-2.511255677209434,0.01677236247944933,0.12015288673905253
Frankfurt_Union,0,10,Ilyas Ansah,1. FC Union Berlin,19,1,2871590,2871801,4.22,-7.352842807769775,0.754271388053894,11.202690124511719,4.303114414215088,18.89185245615993,6.327969957798073,5.6509349724989155,0.18897317813126385,True,0.006758232766302774,0.45415483790841876,0.46091307067472154,sideways,1.7379966266799438,0.5356409761313278,0.07825517326001627
Frankfurt_Union,0,7,Oliver Burke,1. FC Union Berlin,19,1,2871618,2871802,3.68,-10.642851829528809,-17.460084915161133,11.613276481628418,-14.836318969726562,22.41025200971904,6.566998741072078,6.1285501155552256,0.11734796260257634,True,0.014552412467386033,0.5572514797983469,0.5718038922657329,forward,0.06172779386511489,0.24847936850148702,0.11447515420017068
Frankfurt_Union,0,23,Andrej Ili&amp;#263;,1. FC Union Berlin,19,1,2871629,2871804,3.5,1.3952476978302002,-8.055533409118652,23.06740951538086,-2.5662429332733154,22.356540603910684,8.119436637157877,6.657584949930305,0.2480705003348799,True,0.0030062731429434386,0.371555973165275,0.37456224630821844,forward,0.18243480037847676,0.35731811594710394,0.10099135853485636
Frankfurt_Union,1,42,Can Uzun,Eintracht Frankfurt,8,1,2872051,2872142,1.82,-2.466761827468872,10.431376457214355,-7.32083797454834,18.785919189453125,9.662320606689136,5.715921929540609,5.347018097844689,2.09713584381416,False,0.0003769714227127019,0.489996528040245,0.4903734994629577,sideways,1.951947749838528,0.2592022605242006,0.04432350871693777
Frankfurt_Union,0,4,Diogo Monteiro Pinto Leite,1. FC Union Berlin,14,1,2872228,2872372,2.88,-19.41189956665039,22.32038116455078,-35.533470153808594,26.33949089050293,16.61500169082049,6.715169274248039,5.8395752686823545,2.897272795200096,True,0.0017728840110117217,0.47901091429234505,0.48078379830335677,sideways,-3.075120453755395,0.3338414228559585,0.0323543651568884
Frankfurt_Union,0,5,Danilho Doekhi,1. FC Union Berlin,4,1,2872395,2872465,1.4,-28.472509384155273,-4.211490631103516,-31.416929244995117,-10.946361541748047,7.350380568375628,5.457687089298932,5.238105488261657,-1.9829467474122218,True,-0.0023779221787552096,0.5406487942089644,0.5382708720302092,sideways,-2.008234699791836,0.4725243190798999,0.029628201663622677
Frankfurt_Union,0,7,Oliver Burke,1. FC Union Berlin,19,1,2874757,2874849,1.84,-23.58108139038086,-26.57313346862793,-12.681842803955078,-28.89887046813965,11.144615487074034,6.623380477311583,6.0714830167007765,-0.21023226471487114,True,0.014027697494080948,0.649192797603756,0.663220495097837,forward,-0.06254526507736802,0.3036125712388444,0.1734296507906898
Frankfurt_Union,0,10,Ilyas Ansah,1. FC Union Berlin,1,1,2876069,2876168,1.98,22.43503761291504,-15.019437789916992,32.926734924316406,-18.300142288208008,10.99266730503446,6.3007849470434545,5.685694796117366,-0.3030627882447905,True,0.05859378890019151,0.5085882692951426,0.5671820581953341,forward,0.0425017504127324,0.21022510747370024,0.18819060695315823
Frankfurt_Union,0,7,Oliver Burke,1. FC Union Berlin,1,1,2876121,2876232,2.22,21.37627601623535,-14.696847915649414,34.42009735107422,-14.210343360900879,13.052890932547804,6.4236223887039285,5.882652069953934,0.03728042076076676,True,0.006968289025634511,0.5531897220904418,0.5601580111160763,forward,0.30770810752817207,0.35619756210452985,0.08574693779744848
Frankfurt_Union,0,39,Derrick K hn,1. FC Union Berlin,8,1,2876362,2876457,1.9,18.91586685180664,6.298828601837158,29.866090774536133,6.895857334136963,10.966487462497224,6.507452807230001,5.773375693032739,0.05446812801900238,True,0.0008447858421982701,0.6025469220513626,0.6033917078935609,forward,0.20191813263322836,0.0,0.12564929524178498
Frankfurt_Union,0,10,Ilyas Ansah,1. FC Union Berlin,8,1,2876373,2876428,1.1,37.85852813720703,-22.314714431762695,43.65158462524414,-22.427505493164062,5.794154407428309,5.964653902359725,5.337156796822121,-0.01946758373565653,True,0.0018747841597742676,0.507035904943388,0.5089106891031623,forward,-0.14426799204180973,0.4927591137416597,0.03834661402514993
Frankfurt_Union,1,17,Sepe Wahi,Eintracht Frankfurt,16,1,2880591,2880926,6.7,15.192237854003906,-13.737613677978516,-39.596527099609375,2.9827334880828857,57.28332021187232,9.733513442945897,8.586705172069221,2.8453918381684375,False,0.004738123952950479,0.4264816505642005,0.431219774517151,forward,-3.105925808221364,0.0675298047363307,0.10471038216509632
Frankfurt_Union,1,42,Can Uzun,Eintracht Frankfurt,20,1,2880618,2880999,7.62,25.260957717895508,-9.848709106445312,-28.53530502319336,-11.288747787475586,53.815533039366336,8.46349329984225,7.098290809656551,-3.114830666713179,False,0.003551739591136749,0.5244049715659523,0.5279567111570891,forward,3.1058361380426587,0.05481061093105537,0.08819918939835959
Frankfurt_Union,1,8,Far Cha bi,Eintracht Frankfurt,20,1,2880622,2880949,6.54,14.635095596313477,5.504847526550293,-30.729942321777344,7.660337924957275,45.41621741368872,7.9149429770564295,7.051032351460898,3.094114009181263,False,-0.002057827879298202,0.5232675341725992,0.521209706293301,diagonal,2.415362767599938,0.3930648814657807,0.05259207396259209
Frankfurt_Union,1,21,Nathaniel Brown,Eintracht Frankfurt,20,1,2880691,2880885,3.88,31.598024368286133,-7.402256965637207,11.44909954071045,-10.606661796569824,20.40214160395423,5.495288886733824,5.258628910291349,-2.9838774496724416,False,0.0009012646258901302,0.6944405424689082,0.6953418070947983,forward,-2.9230652972637063,0.0,0.08010287384154398
Frankfurt_Union,1,16,Hugo Larsson,Eintracht Frankfurt,19,1,2880762,2880855,1.86,12.758404731750488,-2.7322094440460205,3.28043794631958,-1.037090539932251,9.628358244519953,5.322549325156069,5.170203183557555,2.964615427751733,False,4.136931834664015e-05,0.7523611873262901,0.7524025566446367,forward,2.882656114116835,0.04944428323997108,0.0555834147716422
Frankfurt_Union,0,23,Andrej Ili&amp;#263;,1. FC Union Berlin,10,1,2883205,2883384,3.58,-25.291719436645508,2.329190492630005,-1.968738079071045,7.649509429931641,23.922108038389432,8.099659665280434,6.734181234998633,0.22427723850993367,True,0.015105731196602024,0.4311614781740784,0.44626720937068043,forward,0.351186188419194,0.3834191918074668,0.10305301247210595
Frankfurt_Union,0,7,Oliver Burke,1. FC Union Berlin,10,1,2883259,2883793,10.68,-26.151765823364258,-1.6693333387374878,48.530704498291016,13.650362014770508,76.23755268284269,9.913976724169764,8.02988256986616,0.2023243815034393,True,0.0014611061291244232,0.4845570623026799,0.48601816843180434,forward,-0.30801144168769967,0.18835298782193022,0.08808250327750985
Frankfurt_Union,0,19,Janik Haberer,1. FC Union Berlin,23,1,2883398,2883542,2.88,-16.6767578125,7.140866756439209,-1.713171362876892,5.211738109588623,15.087427109068129,5.426848101497794,5.247266689351607,-0.12821432377138522,True,0.0011655516957530532,0.542445187859217,0.5436107395549701,forward,0.01444982557546914,0.14360035125680123,0.07623056041818871
Frankfurt_Union,0,10,Ilyas Ansah,1. FC Union Berlin,7,1,2883531,2883791,5.2,1.1161285638809204,10.445343017578125,30.897775650024414,13.125038146972656,29.90196095827329,6.412084606353257,5.8575294982472546,0.08973642045842424,True,0.0012303911096255282,0.5085259528798872,0.5097563439895128,forward,0.008231032308052241,0.1152563006497847,0.0408311961454843
Frankfurt_Union,0,7,Oliver Burke,1. FC Union Berlin,10,1,2888567,2888644,1.54,2.7794618606567383,-5.263875961303711,10.311114311218262,-2.508052349090576,8.019997033520701,5.388404735039868,5.220472886952241,0.3507678795265081,True,0.014850220256894142,0.3876231338288785,0.4024733540857726,forward,0.12781080777125528,0.15616787284492878,0.19042234246814657
Frankfurt_Union,0,39,Derrick K hn,1. FC Union Berlin,10,1,2888600,2888690,1.8,1.8270761966705322,27.37789535522461,10.20292854309082,23.396215438842773,9.274086342360238,5.389461841762603,5.158851737665953,-0.4437551451874352,True,0.02469457153049659,0.5078650595663038,0.5325596310968004,forward,-0.3172299523076488,0.20219204368057067,0.17629771216665283
Frankfurt_Union,0,19,Janik Haberer,1. FC Union Berlin,39,1,2888956,2889033,1.54,3.0968809127807617,17.863962173461914,11.556204795837402,19.42634391784668,8.602394856877895,5.837411596379516,5.575784090570497,0.18263534809829218,True,0.02843078432859031,0.41585897371002717,0.4442897580386175,forward,0.3633198140005959,0.2478677727678974,0.20364027615908356
Frankfurt_Union,0,5,Danilho Doekhi,1. FC Union Berlin,4,1,2889611,2889723,2.24,-12.93284797668457,-16.005708694458008,-23.747270584106445,-22.51624298095703,12.62294708170785,6.071983603195442,5.683434970163607,-2.599686767362648,True,0.0001710547831285103,0.6068518233376151,0.6070228781207436,sideways,-2.4090146778614008,0.061214470618308564,0.08035936750814451
Frankfurt_Union,1,21,Nathaniel Brown,Eintracht Frankfurt,16,1,2893881,2894020,2.78,9.652619361877441,-8.871480941772461,-2.9265809059143066,-17.534290313720703,15.273524334348188,5.866897178952821,5.528747317845391,-2.5385171079376248,False,0.03317404463875495,0.5235965843179189,0.5567706289566738,forward,-2.7882410784841896,0.4831473876989808,0.1098239579886914
Frankfurt_Union,1,19,Jean-Matt Bahoya N goce,Eintracht Frankfurt,20,1,2894734,2894807,1.46,-33.205665588378906,-18.169710159301758,-39.607879638671875,-13.166690826416016,8.125179825148315,6.0532688336873965,5.560553203574422,2.4782645878318563,False,0.0016597718850402954,0.6117121345940254,0.6133719064790657,diagonal,2.467905825400502,0.04573464055115448,0.07519034275631943
Frankfurt_Union,1,20,Ritsu D&amp;#333;an,Eintracht Frankfurt,42,1,2894763,2894954,3.82,-27.493471145629883,28.129384994506836,-45.47600555419922,14.246519088745117,22.717955663147624,6.890034049509553,5.975306778219692,-2.4841474051972554,False,0.012433229824936665,0.4143920022161764,0.42682523204111306,diagonal,-2.0509300377333766,0.2007012318466928,0.21520867606455385
Frankfurt_Union,1,42,Can Uzun,Eintracht Frankfurt,20,1,2894913,2895025,2.24,-38.18461227416992,23.853351593017578,-40.17784118652344,11.05538558959961,12.952254449387723,6.348484006990453,5.796123440851033,-1.7253008058226824,False,0.005160491019030877,0.39236408335861744,0.3975245743776483,sideways,-1.3948689506488094,0.43876507444553775,0.13859774719236018
Frankfurt_Union,1,34,Pharrell Collins,Eintracht Frankfurt,4,1,2897311,2897430,2.38,1.537761926651001,12.506190299987793,13.242443084716797,18.483152389526367,13.142436487644206,5.8838068172738796,5.565153426174897,0.4721290046727132,False,7.221869564255634e-06,0.5365186368925452,0.5365258587621095,sideways,0.23788409631496016,0.168149151702976,0.050773340559610795
Frankfurt_Union,1,16,Hugo Larsson,Eintracht Frankfurt,4,1,2897345,2897514,3.38,3.719204902648926,-11.851338386535645,10.166194915771484,5.509657382965088,18.51939130581576,6.302705442624307,5.594044163501437,1.2152302882428307,False,0.01914844567368157,0.6954786196407983,0.7146270653144798,sideways,1.0007825626321343,0.21132997194165684,0.05386055406215908
Frankfurt_Union,1,42,Can Uzun,Eintracht Frankfurt,20,1,2897578,2897635,1.14,-11.848651885986328,4.2119903564453125,-11.693971633911133,10.255757331848145,6.045746044397824,5.615223385701237,5.30857732774279,1.5452085612334505,False,0.003192197059645796,0.3810867712013997,0.3842789682610455,sideways,1.6473022540900413,0.1928860571100823,0.12389239148505383
Frankfurt_Union,1,19,Jean-Matt Bahoya N goce,Eintracht Frankfurt,3,1,2897921,2898008,1.74,-11.176128387451172,-11.469385147094727,-13.902519226074219,-20.080785751342773,9.032686608743342,5.426598668526979,5.1868980717413535,-1.8774143137228432,False,0.011655017693688763,0.41263337724885757,0.42428839494254633,sideways,-1.907064137053418,0.2548588507920345,0.09292198866547187
Frankfurt_Union,1,42,Can Uzun,Eintracht Frankfurt,3,1,2897967,2898027,1.2,-10.763689994812012,8.292104721069336,-16.70767593383789,5.788752555847168,6.449631067468888,5.757993778477968,5.386464739491085,-2.742981433851511,False,0.0034003941857500553,0.43590646225767926,0.4393068564434293,diagonal,-2.5893134749838325,0.16693332260257723,0.1366916185500001
Frankfurt_Union,1,8,Far Cha bi,Eintracht Frankfurt,34,1,2898596,2898691,1.9,-20.62158966064453,18.795642852783203,-30.25965690612793,13.663176536560059,10.919457436870438,6.323698625679636,5.765767944000008,-2.652268537144468,False,0.013792099277513292,0.44153036001852464,0.45532245929603793,diagonal,-2.5166324059812863,0.051953160243372036,0.17503226148753237
Frankfurt_Union,1,19,Jean-Matt Bahoya N goce,Eintracht Frankfurt,21,1,2900401,2900456,1.1,-32.615081787109375,-25.458843231201172,-36.13639450073242,-20.94679069519043,5.723483320045956,5.356066494414458,5.179047961006979,2.233485993090361,False,0.0075840700477673995,0.481026159943685,0.4886102299914524,diagonal,2.316855971923338,0.032120777594824346,0.07829987264469628
Frankfurt_Union,1,20,Ritsu D&amp;#333;an,Eintracht Frankfurt,34,1,2900651,2900770,2.38,-30.32332420349121,20.662860870361328,-37.505584716796875,33.62068176269531,14.815194509651125,7.284638374864056,6.464873618104919,2.076919559791685,False,0.004055940944696967,0.6678646014929076,0.6719205424376046,sideways,1.415256935754276,0.20330685256565964,0.11066629447353672
Frankfurt_Union,1,8,Far Cha bi,Eintracht Frankfurt,34,1,2900765,2900981,4.32,-31.814651489257812,17.707176208496094,-51.04322052001953,17.032785415649414,19.240391625750373,7.699949375282644,6.0120161585184855,-3.1065346895768586,False,0.0023322678270478736,0.5438642732014011,0.546196541028449,diagonal,2.284330714415162,0.2897737807252096,0.0832525414020774
Frankfurt_Union,1,19,Jean-Matt Bahoya N goce,Eintracht Frankfurt,16,1,2905974,2906154,3.6,2.54762864112854,-2.1759142875671387,5.001947402954102,-27.605356216430664,25.547606490591075,8.38037410770032,7.1174656914248855,-1.4745794957125051,False,0.004866705409273364,0.5521533155641531,0.5570200209734265,sideways,-1.6377979628412314,0.49846327589650785,0.02212939294165461
Frankfurt_Union,1,42,Can Uzun,Eintracht Frankfurt,16,1,2906002,2906154,3.04,4.260814189910889,6.598585605621338,3.75,-10.058433532714844,16.664849765644817,5.87967511441968,5.5100255232409685,-1.601453321653511,False,0.001179129911738852,0.4487586342521835,0.44993776416392234,sideways,-1.8120545032707907,0.16388502311534128,0.022645038023531
Frankfurt_Union,1,3,Arthur Theate,Eintracht Frankfurt,16,1,2906018,2906211,3.86,17.901981353759766,3.363490343093872,31.46832847595215,-15.231504440307617,23.017810609059804,6.903070711594528,6.071942380925459,-0.940499254164718,False,0.0009104495396790035,0.6634894946765751,0.6643999442162541,sideways,-1.391067550386015,0.06480836590697296,0.044676460595408314
Frankfurt_Union,0,10,Ilyas Ansah,1. FC Union Berlin,28,1,2906038,2906166,2.56,16.565147399902344,9.169424057006836,21.47646713256836,-3.5360426902770996,13.621671952547251,5.538729530490836,5.316036643993328,-1.2019368005765534,True,0.0008836977737753382,0.43576066300070854,0.4366443607744839,sideways,-1.3203435598942954,0.09827214073844365,0.02497117653696925
Frankfurt_Union,0,5,Danilho Doekhi,1. FC Union Berlin,28,1,2906042,2906159,2.34,-7.5256667137146,-2.306328535079956,-8.740204811096191,-14.85954761505127,12.611836189062524,5.654590124227299,5.380070088392116,-1.6672472497071777,True,0.0004413437209991322,0.6450381982329988,0.6454795419539979,sideways,-1.7203312549196281,0.23529376467000784,0.018990555947739178
Frankfurt_Union,0,10,Ilyas Ansah,1. FC Union Berlin,28,1,2906190,2906298,2.16,22.546756744384766,-5.651800155639648,23.058481216430664,-17.132123947143555,11.491722947106812,5.735883644973901,5.3797547506614976,-1.5262517669941584,True,0.0007222777518436918,0.3714272424018295,0.3721495201536732,diagonal,-1.1418462732918426,0.2246962686917014,0.05417225439345119
Frankfurt_Union,1,42,Can Uzun,Eintracht Frankfurt,16,1,2906448,2906601,3.06,5.37293815612793,-28.42958641052246,-9.680794715881348,-22.790332794189453,16.075324405160153,5.442157813744115,5.271333721431288,2.7831654161518804,False,0.009801155853257748,0.4744332987066556,0.4842344545599134,forward,2.9287440460450926,0.1062694782235566,0.1871719133135807
Frankfurt_Union,1,20,Ritsu D&amp;#333;an,Eintracht Frankfurt,16,1,2906453,2906661,4.16,3.6902427673339844,11.462262153625488,-16.42327117919922,22.618804931640625,23.00047586540477,5.89232944073212,5.580012309575112,2.635164258145517,False,0.01321223449104686,0.46885870710654093,0.4820709415975878,diagonal,2.4196659993474956,0.277980647219606,0.11901961093482281
Frankfurt_Union,1,19,Jean-Matt Bahoya N goce,Eintracht Frankfurt,16,1,2906486,2906678,3.84,12.350862503051758,-23.753938674926758,-10.158614158630371,-22.796422958374023,22.529833020469948,6.307949267477978,5.860256034717389,3.099079946059381,False,0.009774440038743615,0.5041406321980858,0.5139150722368294,forward,3.123172511973669,0.1199126214118112,0.1457878370377193
Frankfurt_Union,1,34,Pharrell Collins,Eintracht Frankfurt,8,1,2906795,2907089,5.88,-0.39740002155303955,17.812971115112305,-34.87568283081055,26.74774742126465,35.61716177794243,7.195450726677463,6.422568258470602,2.8880282948535454,False,0.0030479660023557953,0.5757425888671132,0.578790554869469,diagonal,2.398581803458368,0.38606734138945387,0.06539948095265503
Frankfurt_Union,1,17,Sepe Wahi,Eintracht Frankfurt,8,1,2909636,2909694,1.16,-21.947294235229492,-12.607266426086426,-26.562843322753906,-8.326038360595703,6.295411593223503,5.7740913338410484,5.482359402421249,2.39375458480238,False,0.01768631244121588,0.515909976075848,0.5335962885170639,diagonal,2.1296126360075087,0.3164939774313665,0.12380554863504326
Frankfurt_Union,0,10,Ilyas Ansah,1. FC Union Berlin,4,1,2910838,2910891,1.06,-1.3324952125549316,25.172372817993164,3.3022143840789795,21.77420997619629,5.747003022837163,5.593405834058017,5.402117006859998,-0.6326612494280213,True,0.009645347766522316,0.36486115574204037,0.3745065035085627,diagonal,-0.6310467770765871,0.46489167091277345,0.0821088871512981
Frankfurt_Union,0,5,Danilho Doekhi,1. FC Union Berlin,19,1,2913746,2913834,1.76,-3.411638021469116,5.504866600036621,-9.926204681396484,-2.174142837524414,10.070092586902499,6.144403122088078,5.702244158229037,-2.2743376832898825,True,0.0009686680169013195,0.6182420442995566,0.619210712316458,sideways,-2.155011156731722,0.4870814977257757,0.03152596137382295
Frankfurt_Union,0,4,Diogo Monteiro Pinto Leite,1. FC Union Berlin,5,1,2913910,2913976,1.32,-1.6759713888168335,21.45943832397461,-7.284628391265869,25.49475860595703,6.909474882311918,5.510776784772924,5.246071048566616,2.517911711218684,True,-2.2135632188113874e-05,0.5956751086065186,0.5956529729743305,sideways,2.426919790456653,0.10330862389048721,0.11861009476298268
Frankfurt_Union,0,10,Ilyas Ansah,1. FC Union Berlin,5,1,2914005,2914081,1.52,11.59900951385498,12.146642684936523,4.292795181274414,9.368119239807129,7.816710331638202,5.323761085096782,5.140963883803118,-2.778187094859233,True,0.0026694479023147144,0.5533784813765977,0.5560479292789124,sideways,-2.708195277766486,0.037194324761036256,0.056503079591397914
Frankfurt_Union,0,7,Oliver Burke,1. FC Union Berlin,5,1,2914223,2914286,1.26,-2.3291237354278564,-19.007980346679688,-3.4610190391540527,-25.525976181030273,6.6155465893007666,5.454843510804123,5.263314148392183,-1.7427385594629772,True,5.483956221330466e-05,0.46775084282654356,0.46780568238875686,sideways,-1.6760152835661692,0.17089105961453976,0.06129699239797229
Frankfurt_Union,0,23,Andrej Ili&amp;#263;,1. FC Union Berlin,19,1,2915312,2915436,2.48,5.323904991149902,-12.998652458190918,20.011104583740234,-20.654428482055664,16.562751534698815,8.027390477042779,6.670712310172727,-0.48050665160105016,True,0.0015984614253394258,0.341582901958893,0.34318136338423244,diagonal,-0.4382869342354359,0.471966000794383,0.05896017280711439
Frankfurt_Union,0,10,Ilyas Ansah,1. FC Union Berlin,19,1,2915342,2915479,2.74,-0.9199666380882263,-22.151491165161133,13.769585609436035,-22.402099609375,14.691689821972705,5.716282599699745,5.360985074907068,-0.017058663917496743,True,0.015518005105620625,0.4987415882280555,0.5142595933336761,forward,0.006662606263504661,0.3476810024418255,0.05801712644524017
Frankfurt_Union,1,20,Ritsu D&amp;#333;an,Eintracht Frankfurt,34,1,2915882,2916187,6.1,4.1568145751953125,16.113096237182617,-27.904190063476562,31.866119384765625,35.72206260463169,7.19274870615793,5.880951571350974,2.6848927652621124,False,0.0328979557911766,0.5834724995521464,0.616370455343323,diagonal,2.4942179355662093,0.32598003903451134,0.10392956354856521
Frankfurt_Union,1,42,Can Uzun,Eintracht Frankfurt,34,1,2916069,2916218,2.98,-15.49329948425293,1.451385736465454,-28.84598159790039,8.912629127502441,15.295890708566597,5.277791735313177,5.146373507168436,2.6320317521262018,False,0.0017356191455416559,0.6685012997341985,0.6702369188797401,diagonal,2.4488265777059137,0.20367671339036342,0.07340053435717236
Frankfurt_Union,1,42,Can Uzun,Eintracht Frankfurt,20,1,2916262,2916314,1.04,-31.915542602539062,11.710124015808105,-34.88819885253906,16.764066696166992,5.8633626697499475,6.0142923022995305,5.577785122645967,2.1024834654728934,False,0.008037699733619452,0.4675593705671643,0.47559707030078374,diagonal,2.1201044779425176,0.29764416596314797,0.04603924861129713
Frankfurt_Union,0,23,Andrej Ili&amp;#263;,1. FC Union Berlin,4,1,2920034,2920209,3.5,8.015361785888672,6.274585723876953,29.03081512451172,14.237937927246094,22.473634715878664,7.621094393295169,6.613636172729489,0.3622102949631299,True,0.004437868919452415,0.3908956416462887,0.3953335105657411,forward,0.1127087797347975,0.2351215274018753,0.15606913829464827
Frankfurt_Union,0,10,Ilyas Ansah,1. FC Union Berlin,4,1,2920043,2920186,2.86,6.202652454376221,27.47540855407715,24.132780075073242,22.238195419311523,18.679343615701377,7.683404153484285,6.65949768586647,-0.2841843196950968,True,0.007689818965634143,0.5782261337147483,0.5859159526803824,forward,0.259428848249331,0.3832302772560822,0.11960227138946493
Frankfurt_Union,0,7,Oliver Burke,1. FC Union Berlin,10,1,2920301,2920422,2.42,22.159929275512695,0.33084285259246826,36.35470962524414,-6.530614376068115,15.766146786005152,7.167211332031747,6.575063354467627,-0.45026252851476284,True,0.006106580447177379,0.6424617884057024,0.6485683688528798,forward,0.06437831589747019,0.3929034219737293,0.07351807676891392
Frankfurt_Union,0,8,Rani Khedira,1. FC Union Berlin,10,1,2920317,2920521,4.08,8.987709999084473,7.1568284034729,31.490585327148438,1.0849238634109497,23.307668754596946,6.178529138708499,5.745361404963854,-0.2635514603406036,True,0.002386392278983185,0.5258609389650548,0.528247331244038,forward,-0.26688869439002083,0.2652167320260132,0.09558175896965379
Frankfurt_Union,0,39,Derrick K hn,1. FC Union Berlin,19,1,2920946,2921045,1.98,17.453004837036133,22.124452590942383,30.039995193481445,22.07767105102539,12.587077291640197,7.220130785412824,6.382388875627049,-0.0037166410069171167,True,0.030030284237689386,0.5610028153486574,0.5910330995863468,forward,0.3330899157611266,0.24799052060555474,0.24911494775744805
Frankfurt_Union,1,3,Arthur Theate,Eintracht Frankfurt,42,1,2924571,2924639,1.36,-23.108808517456055,-26.366329193115234,-30.337629318237305,-23.545751571655273,7.759607482887804,6.477074557957155,5.874036060557582,2.7695759921721743,False,0.02133023101684528,0.5612465971415991,0.5825768281584444,diagonal,2.288814978896811,0.42725030631849137,0.21112272698020185
Frankfurt_Union,1,42,Can Uzun,Eintracht Frankfurt,8,1,2924764,2924956,3.84,-26.152013778686523,-15.370580673217773,-19.300600051879883,0.5676524043083191,17.348462286018936,6.934563835376889,5.823189978229523,1.1648055794246919,False,0.01093851008048996,0.3445752287506964,0.35551373883118637,sideways,1.9134986683409887,0.11409335007965794,0.1560192082639376
Frankfurt_Union,1,42,Can Uzun,Eintracht Frankfurt,20,1,2927482,2927576,1.88,-33.97431945800781,13.149219512939453,-43.13300704956055,18.710948944091797,10.715147813493205,6.292557735128124,5.721605452397804,2.5958500330823253,False,0.013461175620966437,0.45086637098177723,0.46432754660274367,forward,2.8526800672530097,0.3452857187228671,0.061348020714261535
Frankfurt_Union,1,19,Jean-Matt Bahoya N goce,Eintracht Frankfurt,16,1,2929823,2929933,2.2,-21.55357551574707,-18.613452911376953,-29.02411460876465,-9.257828712463379,11.972328866665881,6.082060397131234,5.609006695308272,2.2446267412500363,False,0.05750870737513614,0.5903519377426052,0.6478606451177413,sideways,1.8053434745192702,0.393368471810051,0.19680903189112486
Frankfurt_Union,0,7,Oliver Burke,1. FC Union Berlin,8,1,2931406,2931732,6.52,-20.728784561157227,-16.83777618408203,24.86361312866211,-21.646394729614258,45.845278267484424,8.800019689303815,7.079917041890025,-0.10508125719334091,True,0.006139445773136298,0.5615093019175983,0.5676487476907346,forward,-0.07635146826415308,0.4482952360922196,0.08810861067548015
Frankfurt_Union,0,23,Andrej Ili&amp;#263;,1. FC Union Berlin,8,1,2931420,2931598,3.56,-8.328828811645508,-11.443171501159668,3.552795171737671,-26.11214828491211,18.877284454199827,5.793561628160596,5.378492209474079,-0.8899976740828289,True,0.00984131533587923,0.4975336496314913,0.5073749649673706,diagonal,-0.9895278716544437,0.43375662023551914,0.08626619210386911
Frankfurt_Union,0,10,Ilyas Ansah,1. FC Union Berlin,8,1,2931663,2931734,1.42,3.3872618675231934,0.888861894607544,10.065104484558105,-1.8876761198043823,7.232063700173153,5.244260899827127,5.096063736684816,-0.3940385212518114,True,8.047675087186068e-05,0.43467353191717617,0.43475400866804803,forward,-0.3175130845372729,0.07842296973700849,0.05907430446010578
Frankfurt_Union,1,8,Far Cha bi,Eintracht Frankfurt,21,1,2932177,2932245,1.36,0.4008761942386627,3.9860856533050537,-5.817495346069336,8.16933822631836,7.494514440771658,5.782561604769536,5.497284519438168,2.5494076960440584,False,0.025219353806650302,0.5310814840122727,0.556300837818923,diagonal,2.5210097975922072,0.30795080426595833,0.14004934878978678
Frankfurt_Union,1,19,Jean-Matt Bahoya N goce,Eintracht Frankfurt,34,1,2932575,2932630,1.1,-27.832923889160156,-27.055809020996094,-31.371213912963867,-21.797895431518555,6.337598252253092,6.489963443115002,5.830074278659448,2.1631333234135393,False,0.009111689933144596,0.4887867511084647,0.4978984410416093,diagonal,2.4988166280682,0.36066562428569143,0.15045723140271686
Frankfurt_Union,0,10,Ilyas Ansah,1. FC Union Berlin,8,1,2932862,2932940,1.56,-11.852956771850586,7.957790851593018,-3.0515668392181396,8.47421932220459,8.816527837618503,6.242604318212394,5.6439657245875345,0.058608587311195885,True,0.008973912294298947,0.4003773507342503,0.40935126302854924,forward,-0.0036645436997853648,0.5400511710882885,0.0811378506517534
Frankfurt_Union,1,17,Sepe Wahi,Eintracht Frankfurt,3,1,2933543,2933779,4.72,-19.893909454345703,-10.740852355957031,-48.15489959716797,-27.814685821533203,33.01816701549203,8.635630008511281,7.443582322562219,-2.598128402405332,False,0.01996488143177877,0.42577324978621867,0.44573813121799744,sideways,-1.8290621716349238,0.2143598950649951,0.12523640176297712
Frankfurt_Union,1,19,Jean-Matt Bahoya N goce,Eintracht Frankfurt,3,1,2933635,2933734,1.98,-16.202836990356445,-17.949190139770508,-26.439828872680664,-15.532771110534668,10.518321335822796,5.583507020292753,5.30753728378893,2.9097879970354192,False,0.0013608012916134227,0.33021361913538383,0.33157442042699725,forward,3.0335754584512533,0.13067181020874674,0.07089404400235048
Frankfurt_Union,1,20,Ritsu D&amp;#333;an,Eintracht Frankfurt,3,1,2933637,2933796,3.18,-23.234294891357422,22.955204010009766,-38.01898193359375,11.790800094604492,18.526491457455926,6.557436951382258,5.828955587003359,-2.494814560820316,False,0.0016229653238464259,0.5875732431037736,0.58919620842762,diagonal,-2.5842386324624496,0.0,0.03778903030138532
Frankfurt_Union,0,10,Ilyas Ansah,1. FC Union Berlin,14,1,2936092,2936145,1.06,11.825324058532715,21.72392463684082,17.251651763916016,22.266786575317383,5.453414659684053,5.272664588545559,5.140323996307057,0.09971046677370636,True,0.009299989938495234,0.5107653784847584,0.5200653684232537,forward,0.12399699304703611,0.24603052281092772,0.2559244315176106
Frankfurt_Union,0,5,Danilho Doekhi,1. FC Union Berlin,14,1,2936904,2937019,2.3,-14.511895179748535,-6.983676433563232,-23.736709594726562,-15.150094985961914,12.320210751596248,5.60470259308726,5.361854033953788,-2.416977535372435,True,-0.0003070935275863995,0.5770400847908643,0.5767329912632779,sideways,-2.3130644203502246,0.33169364361692055,0.038133879208083483
Frankfurt_Union,0,8,Rani Khedira,1. FC Union Berlin,14,1,2936954,2937082,2.56,-2.533223867416382,3.9242286682128906,-17.249160766601562,4.782052516937256,14.740917901414424,6.332863934567516,5.773163201753859,3.0833663776205866,True,8.577580750313007e-05,0.541914810015913,0.5420005858234161,sideways,-3.0931014505612198,0.28470590929205297,0.04451478169201078
Frankfurt_Union,0,10,Ilyas Ansah,1. FC Union Berlin,14,1,2936984,2937062,1.56,10.822694778442383,5.831933498382568,4.473818778991699,0.21870000660419464,8.474468519595984,5.832937301888668,5.429644669525342,-2.4176148621025515,True,0.006156746846394057,0.4906742359265604,0.49683098277295445,sideways,-2.3091096526988246,0.09521483573563434,0.04385860213741171
Frankfurt_Union,0,10,Ilyas Ansah,1. FC Union Berlin,1,1,2937088,2937298,4.2,3.5238475799560547,-2.1267809867858887,18.64528465270996,-24.4732723236084,26.98191124090248,7.565868524908519,6.549306374692598,-0.9758930069189125,True,0.005996079807536303,0.48687806871113287,0.4928741485186692,sideways,-1.674673116783302,0.17265700268874015,0.1047043070496653
Frankfurt_Union,0,14,Leopold Querfeld,1. FC Union Berlin,1,1,2937193,2937305,2.24,-26.607318878173828,12.388947486877441,-18.18497657775879,4.061676025390625,11.843956257039,5.499518042050914,5.295105418200245,-0.7797222224871838,True,0.0021618454737757364,0.6282296880156848,0.6303915334894605,diagonal,-0.6570044343637191,0.0028465078047414465,0.04707387991089642
Frankfurt_Union,0,4,Diogo Monteiro Pinto Leite,1. FC Union Berlin,1,1,2940774,2940830,1.12,-17.44540023803711,16.62908172607422,-12.826851844787598,13.204794883728027,5.749498207622374,5.292976029805053,5.121106947604428,-0.6379876323938874,True,1.3064594246881e-05,0.6318461612997955,0.6318592258940424,diagonal,-0.6127017091302521,0.03119699954039741,0.10389587723002142
Frankfurt_Union,0,5,Danilho Doekhi,1. FC Union Berlin,1,1,2940789,2940919,2.6,-26.282304763793945,-13.220105171203613,-11.882204055786133,-11.953100204467773,14.455732495674523,5.882331969673553,5.556935250752635,0.08775984180150664,True,0.0004263163447139062,0.5272240389718456,0.5276503553165595,forward,0.08056600571926242,0.1267352667899191,0.11401119408350685
Frankfurt_Union,0,10,Ilyas Ansah,1. FC Union Berlin,1,1,2940836,2940919,1.66,15.073251724243164,2.315014362335205,20.8402042388916,-6.031452178955078,10.145010844306087,6.954805621629685,6.0988093083921004,-0.9661731720594502,True,0.010307863117184679,0.4173032710135262,0.4276111341307109,diagonal,-0.8667577271450858,0.14157151072827615,0.08804635654251974
Frankfurt_Union,1,19,Jean-Matt Bahoya N goce,Eintracht Frankfurt,3,1,2942092,2942218,2.52,-21.208213806152344,-25.21640968322754,-36.58689498901367,-26.317256927490234,15.418031637640839,7.417456317818571,6.33754247787462,-3.0701318622284592,False,0.003170703571694411,0.4772526058105691,0.4804233093822635,diagonal,-2.514188969128064,0.12237422064736529,0.17654707798108496
Frankfurt_Union,1,20,Ritsu D&amp;#333;an,Eintracht Frankfurt,3,2,2988963,2989096,2.66,12.064871788024902,-15.865442276000977,28.39600944519043,-14.920599937438965,16.35844687682878,7.0284322763875915,6.1828141321406225,0.0577908452158358,True,0.04346929682570355,0.5561459075515632,0.5996152043772668,forward,0.036174452204319626,0.295625541371523,0.2384934507116689
Frankfurt_Union,1,42,Can Uzun,Eintracht Frankfurt,3,2,2988986,2989037,1.02,19.157514572143555,-24.980228424072266,24.916427612304688,-24.641695022583008,5.768854675588719,6.021387410969792,5.621933551994938,0.05871668170711384,True,0.014549297894481561,0.5464352172627733,0.5609845151572549,forward,-0.1329821491512952,0.32293504271916673,0.20224242396348646
Frankfurt_Union,0,4,Diogo Monteiro Pinto Leite,1. FC Union Berlin,19,2,2990312,2990364,1.04,13.802166938781738,-28.242433547973633,8.696471214294434,-29.19915771484375,5.194559650492163,5.320282461413418,5.1573633010662405,-2.95635705407878,False,0.0047401788270379774,0.44954718961090145,0.45428736843793943,diagonal,-2.5463290907289164,0.39745570163546007,0.1152305776276563
Frankfurt_Union,1,42,Can Uzun,Eintracht Frankfurt,20,2,2991046,2991189,2.86,19.390857696533203,2.3152427673339844,33.65187072753906,-3.320328712463379,15.3341500766891,6.350167405904754,5.732930884197723,-0.37633850990199186,True,0.009749808550482741,0.48873527197941447,0.4984850805298972,diagonal,-0.976669599449205,0.14062461988769373,0.11335536589897975
Frankfurt_Union,1,17,Sepe Wahi,Eintracht Frankfurt,20,2,2991067,2991116,0.98,29.185394287109375,-10.655104637145996,32.74296951293945,-14.752266883850098,5.4261478014570645,5.959530573321811,5.535129951263513,-0.8557723539586354,True,0.017823791371986752,0.4215467697123722,0.43937056108435896,diagonal,-1.169801044468675,0.20549928165871217,0.1383462875857691
Frankfurt_Union,1,21,Nathaniel Brown,Eintracht Frankfurt,20,2,2991113,2991184,1.42,30.547943115234375,11.62502384185791,36.748477935791016,6.946976184844971,7.76728793995817,5.777827164808408,5.456304206583436,-0.6463485973035369,True,0.003965503312922447,0.4284652424186662,0.43243074573158863,diagonal,-0.5664405336374356,0.029453629014431184,0.11036420367150258
Frankfurt_Union,1,19,Jean-Matt Bahoya N goce,Eintracht Frankfurt,17,2,2991151,2991202,1.02,24.80769157409668,24.402191162109375,29.125286102294922,21.405399322509766,5.255700128414692,5.241872390817166,5.139064939892315,-0.6067473505689153,True,0.0005328037980552036,0.5985362710503838,0.599069074848439,diagonal,-0.5214690026382462,0.03174964630676951,0.09586110044509039
Frankfurt_Union,0,7,Oliver Burke,1. FC Union Berlin,19,2,2993262,2993622,7.2,18.533891677856445,3.0151712894439697,-37.92036819458008,20.207542419433594,59.01407529408469,9.925313862946512,8.253004086906174,2.845979334196285,False,0.015245144414287481,0.4310500144671622,0.44629515888144966,forward,2.866824397828767,0.2039432546690426,0.258061543884998
Frankfurt_Union,0,23,Andrej Ili&amp;#263;,1. FC Union Berlin,19,2,2993294,2993568,5.48,14.0272855758667,-15.316733360290527,-26.25957679748535,-6.839685916900635,41.16906135979897,9.022718249716638,7.521063185547095,2.934200946041762,False,0.006703508468395181,0.5459176463034887,0.5526211547718839,forward,2.988565197146743,0.23581719331714737,0.14975754673576433
Frankfurt_Union,0,14,Leopold Querfeld,1. FC Union Berlin,19,2,2993383,2993470,1.74,27.299880981445312,-4.871376037597656,18.598058700561523,-2.8543331623077393,8.932534520999253,5.263527901758871,5.126620199538959,2.913819686161732,False,0.0006731224006789605,0.6429135988367781,0.6435867212374571,forward,2.94293485544816,0.03423196004323806,0.048297316196150214
Frankfurt_Union,0,5,Danilho Doekhi,1. FC Union Berlin,19,2,2993400,2993506,2.12,27.929536819458008,2.1223714351654053,17.233829498291016,5.05084753036499,11.089370015479716,5.4531625369593995,5.244824629583904,2.8743431603667853,False,0.0004960385307839488,0.5911438917078965,0.5916399302386804,forward,2.9712791836629746,0.04624133017126805,0.07042985861238828
Frankfurt_Union,0,28,Christopher Trimmel,1. FC Union Berlin,19,2,2993421,2993550,2.58,23.554729461669922,11.477789878845215,10.648037910461426,17.04937171936035,14.05792342430399,5.877789474898517,5.474296536276244,2.7340762323236394,False,0.0006915480277676078,0.6776481069893869,0.6783396550171545,forward,2.88050798808203,0.05040415243476649,0.06880099073239189
Frankfurt_Union,1,8,Far Cha bi,Eintracht Frankfurt,4,2,2994428,2994524,1.92,-0.511814296245575,-13.19461441040039,3.504347562789917,-23.506465911865234,11.066338033253556,6.175093716175617,5.751562036967112,-1.199399939347351,True,-3.0541140503270725e-06,0.4784250933632867,0.4784220392492364,sideways,-1.2130810566598844,0.3719084508725793,0.011876452112183107
Frankfurt_Union,1,17,Sepe Wahi,Eintracht Frankfurt,34,2,2994529,2994577,0.96,17.80365753173828,-0.546914279460907,16.341999053955078,-5.7983808517456055,5.451086741696477,6.013977923670716,5.631820158467183,-1.842258912327894,True,-0.00022929088587464452,0.37637595519761385,0.3761466643117392,sideways,-1.6192444838553597,0.11181524825178833,0.04999451437197536
Frankfurt_Union,1,21,Nathaniel Brown,Eintracht Frankfurt,3,2,2995328,2995403,1.5,24.906848907470703,17.691442489624023,32.774452209472656,17.291690826416016,7.87775241486489,5.720578491843912,5.471613973758198,-0.05076618314586346,True,0.018350310008691972,0.39491830578670595,0.4132686157953979,forward,0.20788668769219504,0.4074944065400255,0.16948033912827276
Frankfurt_Union,0,4,Diogo Monteiro Pinto Leite,1. FC Union Berlin,1,2,2996965,2997202,4.74,40.555850982666016,-20.817581176757812,15.771319389343262,-8.49842357635498,27.67733098194218,6.599358205588535,5.9135938296004715,2.680307628592973,False,0.00015487099223276957,0.6268683754721273,0.62702324646436,forward,2.928438712195722,0.22407470968157783,0.19318420884879156
Frankfurt_Union,0,14,Leopold Querfeld,1. FC Union Berlin,1,2,2996974,2997184,4.2,43.55158996582031,-6.583352565765381,20.228796005249023,1.6480286121368408,24.73273851038707,6.529309814252547,5.89664686223237,2.8023074038305915,False,0.0021824489362066712,0.7238600114190259,0.7260424603552326,forward,2.8632128043752703,0.27237607579421896,0.13713305437853407
Frankfurt_Union,0,7,Oliver Burke,1. FC Union Berlin,23,2,2997168,2997377,4.18,-12.72520923614502,18.873037338256836,-39.459251403808594,3.6310904026031494,30.773786848740226,8.830153306564005,7.430700255204955,-2.6234241052335046,False,0.0027006984863122696,0.3760078058344705,0.3787085043207828,diagonal,-2.4731388534057075,0.4056726631356824,0.14541520501898733
Frankfurt_Union,0,8,Rani Khedira,1. FC Union Berlin,14,2,2998356,2998411,1.1,13.344047546386719,4.435885429382324,18.64781379699707,6.717714309692383,5.773792469437263,5.347053930842528,5.215625297579834,0.40629048499071024,False,-0.00031725167098589635,0.440818592008321,0.4405013403373351,sideways,0.4555253347514482,0.3285579112458319,0.024984999218135392
Frankfurt_Union,0,5,Danilho Doekhi,1. FC Union Berlin,1,2,2998539,2998706,3.34,30.21893310546875,27.959184646606445,16.867109298706055,15.255461692810059,18.429752463168036,5.918990371346041,5.536769416335307,-2.38106317735041,False,0.0045850331955986645,0.568841270977295,0.5734263041728936,diagonal,-2.595642752643617,0.024805229635273675,0.16525552077455685
Frankfurt_Union,0,4,Diogo Monteiro Pinto Leite,1. FC Union Berlin,1,2,2998559,2998611,1.04,20.066347122192383,-9.384604454040527,14.77110481262207,-8.236300468444824,5.418320141925772,5.341024813673325,5.1938044232258544,2.9280433697207933,False,0.003785249449996697,0.6882138263213937,0.6919990757713904,forward,2.802734988523359,0.10766686271361037,0.13188179680117715
Frankfurt_Union,0,4,Diogo Monteiro Pinto Leite,1. FC Union Berlin,28,2,3000904,3000953,0.98,-31.923376083374023,0.3743857145309448,-37.04396438598633,0.451623797416687,5.121170792533464,5.788785570864899,5.3239988206159685,3.1265099675124666,False,0.013252560538326075,0.44649876394748533,0.4597513244858114,diagonal,-2.695240230886949,0.23781315612630766,0.21523024561123216
Frankfurt_Union,0,5,Danilho Doekhi,1. FC Union Berlin,28,2,3000933,3001019,1.72,-33.6285514831543,5.365752696990967,-42.66996765136719,3.4342238903045654,9.24543183728488,5.704243586989855,5.3781556049062145,-2.9311251603498363,False,0.017634110210699883,0.4296179181877403,0.4472520283984402,forward,-3.0777188757451217,0.1912381332998869,0.1854151302479616
Frankfurt_Union,1,8,Far Cha bi,Eintracht Frankfurt,40,2,3001087,3001176,1.78,-38.07671356201172,11.826699256896973,-31.40735626220703,19.63724708557129,10.270588307223065,6.257477010475401,5.834290417353623,0.8640476098967385,True,-0.0021512900157840686,0.6781638982815539,0.6760126082657698,sideways,1.2102621115605907,0.3069763193663158,0.15893028500169443
Frankfurt_Union,1,17,Sepe Wahi,Eintracht Frankfurt,40,2,3001104,3001175,1.42,-17.504486083984375,-10.7163667678833,-10.26364803314209,-7.368618965148926,7.9772897044822395,5.916108823503756,5.609271608520397,0.4330704866083237,True,0.004594354941230727,0.5000659256580647,0.5046602805992955,diagonal,0.406390617761949,0.15983166405548713,0.12404635911857556
Frankfurt_Union,1,19,Jean-Matt Bahoya N goce,Eintracht Frankfurt,40,2,3001113,3001175,1.24,-43.48006820678711,12.0447998046875,-37.11579132080078,13.544709205627441,6.538635063415594,5.5213222711445855,5.296627610664809,0.23145279541339897,True,0.003246051619789192,0.6371963588225291,0.6404424104423183,diagonal,0.4902577783267924,0.2588420807443134,0.099172565139679
Frankfurt_Union,1,21,Nathaniel Brown,Eintracht Frankfurt,3,2,3001602,3001662,1.2,-13.009343147277832,13.088171005249023,-6.870862007141113,14.062561988830566,6.215334946460986,5.318218316297285,5.1836677236922295,0.15742146468168453,True,0.012779826989705145,0.6258734426098348,0.6386532695995399,forward,0.03996742784167274,0.30913751258488237,0.14780163598974627
Frankfurt_Union,1,42,Can Uzun,Eintracht Frankfurt,8,2,3002152,3002352,4.0,18.486270904541016,5.894557476043701,41.00926971435547,-6.245494842529297,25.5864484773599,7.7861381635489915,6.495503151136026,-0.4943640719151701,True,0.0014106131280997025,0.36561132376399125,0.36702193689209095,diagonal,-0.8445656646786937,0.06795835601022958,0.06922129396592822
Frankfurt_Union,1,19,Jean-Matt Bahoya N goce,Eintracht Frankfurt,8,2,3002161,3002336,3.5,20.142913818359375,25.58521842956543,38.06977462768555,15.421976089477539,20.60737327609489,6.61230477323632,5.888569155629483,-0.5157469250128213,True,0.008000507692583425,0.5540400223988753,0.5620405300914587,diagonal,-0.41763431655467104,0.0020055466331832025,0.15014504443445129
Frankfurt_Union,1,17,Sepe Wahi,Eintracht Frankfurt,8,2,3002191,3002242,1.02,29.94070053100586,-3.5645618438720703,33.3018798828125,-7.933900356292725,5.512589742682984,5.87346534916333,5.389667292447063,-0.9150791721769199,True,0.0011991720274290296,0.3683662340891837,0.3695654061166127,diagonal,-1.0062171734356082,0.1616517552677058,0.03509385544386111
Frankfurt_Union,0,7,Oliver Burke,1. FC Union Berlin,1,2,3002401,3002551,3.0,27.90719985961914,16.63625717163086,14.102980613708496,28.40993309020996,18.143205715222965,6.591756309395082,6.12908525244596,2.435414993484395,False,0.007143195217985343,0.5738648778006582,0.5810080730186435,diagonal,2.2740760394164714,0.23679092851134367,0.20521372633343227
Frankfurt_Union,0,23,Andrej Ili&amp;#263;,1. FC Union Berlin,7,2,3002674,3002776,2.04,-4.228657245635986,11.414180755615234,-13.346585273742676,20.238094329833984,12.688501183789024,6.934187798810559,6.239957745132119,2.3725801069407684,False,0.007966092934036384,0.3961190033479549,0.4040850962819913,diagonal,2.060407407059212,0.2319554326195115,0.031953154142558525
Frankfurt_Union,1,20,Ritsu D&amp;#333;an,Eintracht Frankfurt,42,2,3003687,3003769,1.64,24.808671951293945,-3.061709403991699,33.223140716552734,-4.290862083435059,8.50376980585073,5.394067325836387,5.18101426057032,-0.14505018937746794,True,0.03343832868299024,0.5069851777591303,0.5404235064421206,forward,-0.07847931331910324,0.2591683517838604,0.1706963838537936
Frankfurt_Union,0,23,Andrej Ili&amp;#263;,1. FC Union Berlin,4,2,3004121,3004180,1.18,13.912895202636719,-4.339328289031982,10.580771446228027,-10.146595001220703,6.695326384465388,6.021038388516673,5.663672330156443,-2.0917171812746695,False,0.02867034641577504,0.3825544941730877,0.4112248405888627,diagonal,-2.0417755419822012,0.3981757415183864,0.14128781160296666
Frankfurt_Union,1,8,Far Cha bi,Eintracht Frankfurt,34,2,3004435,3004501,1.32,25.15983772277832,-17.274486541748047,19.561662673950195,-21.61570930480957,7.084192187952365,5.689606252187998,5.365981045496322,-2.4819883521697266,True,0.0008185520284515468,0.4792484701709631,0.48006702219941466,sideways,-2.5258878857152722,0.09839172065462848,0.03130870670313025
Frankfurt_Union,1,8,Far Cha bi,Eintracht Frankfurt,20,2,3004707,3004780,1.46,25.099214553833008,-22.645723342895508,33.016014099121094,-22.686809539794922,7.91690615808027,5.865898283491005,5.410340021520593,-0.005189701697698536,True,0.026250492010147786,0.43586928346601267,0.46211977547616045,forward,0.09107936843766137,0.42496722455074953,0.13870859894906037
Frankfurt_Union,0,19,Janik Haberer,1. FC Union Berlin,14,2,3008419,3008548,2.58,10.675304412841797,-12.04910945892334,-2.4297428131103516,-17.59415626525879,14.229891316481902,5.843385278295027,5.522634822119552,-2.7413129215389733,False,0.01803363376490108,0.582514104018614,0.6005477377835151,forward,-2.859798544726089,0.16711291692684255,0.11284248898827923
Frankfurt_Union,1,19,Jean-Matt Bahoya N goce,Eintracht Frankfurt,16,2,3009793,3010188,7.9,-24.145204544067383,-3.36578106880188,18.600351333618164,9.212014198303223,44.557642229740445,6.361189839888008,5.8775870973568205,0.28617143227001335,True,0.0014350106290278997,0.4858968284180533,0.4873318390470812,forward,-0.10336505725351694,0.08093298865894745,0.1285080285792145
Frankfurt_Union,1,42,Can Uzun,Eintracht Frankfurt,16,2,3009853,3010324,9.42,-23.208099365234375,-19.386890411376953,29.051647186279297,-22.32756233215332,52.342417416222645,8.119983316253416,6.044772647611482,-0.05621102795666131,True,0.0037936461658103493,0.5721907863894428,0.5759844325552531,forward,-0.08425138890933119,0.1793632246434564,0.058515127126354476
Frankfurt_Union,1,17,Sepe Wahi,Eintracht Frankfurt,16,2,3009854,3010199,6.9,-8.957695007324219,-21.668519973754883,32.87009811401367,-8.67281436920166,43.80014430982685,8.732577259714539,7.346643843384399,0.3012400350120696,True,0.0052614846349430255,0.5150023758515855,0.5202638604865285,diagonal,-0.5229450135618159,0.3705706257790995,0.0703262938164654
Frankfurt_Union,1,20,Ritsu D&amp;#333;an,Eintracht Frankfurt,16,2,3009873,3009972,1.98,-25.98858070373535,-30.837081909179688,-15.713213920593262,-30.66936683654785,10.276735419075832,5.424391527504733,5.190371223381221,0.016320602945675344,True,0.002423682601761845,0.6458115066890322,0.648235189290794,forward,0.07546247965122384,0.061859471334314756,0.06797824613700033
Frankfurt_Union,0,5,Danilho Doekhi,1. FC Union Berlin,14,2,3010030,3010189,3.18,14.386009216308594,4.4885430335998535,27.295146942138672,18.712648391723633,19.208618119569532,6.5282879880824805,6.055883028188748,0.8338236166462382,False,-0.004854637487427649,0.611541021673137,0.6066863841857093,sideways,0.5831150896567677,0.1841066700186996,0.03720734671512109
Frankfurt_Union,0,4,Diogo Monteiro Pinto Leite,1. FC Union Berlin,14,2,3010100,3010200,2.0,11.424647331237793,-18.000452041625977,17.199256896972656,-8.261685371398926,11.322088671875074,6.118670107994151,5.705391805461949,1.0355761789138922,False,0.0012303479867805667,0.5176922734995049,0.5189226214862854,sideways,0.7943542226795788,0.3034149923476978,0.029293833071534648
Frankfurt_Union,0,10,Ilyas Ansah,1. FC Union Berlin,14,2,3010131,3010186,1.1,-12.91380500793457,-21.80974769592285,-7.773223876953125,-19.510147094726562,5.631495120234485,5.305496776777495,5.119933559077459,0.42064178078828696,False,0.0006789238683945764,0.4901899803186767,0.4908689041870713,sideways,0.36702957989809043,0.00617699355954399,0.04649752544941084
Frankfurt_Union,0,8,Rani Khedira,1. FC Union Berlin,10,2,3011070,3011198,2.56,-19.026161193847656,-1.3762999773025513,-34.26140594482422,-5.739838123321533,15.847812081606776,6.680031894968042,6.21399814489665,-2.862649195761673,False,0.03811645010047948,0.45565926825079117,0.49377571835127065,forward,-2.8582647111926622,0.3815316176914475,0.1490873540059484
Frankfurt_Union,0,7,Oliver Burke,1. FC Union Berlin,23,2,3011268,3011366,1.96,-38.45947265625,4.8654046058654785,-48.996585845947266,1.4292380809783936,11.083230339537597,6.229946454828095,5.710835827380891,-2.8263649705231253,False,0.02056705181217311,0.5113150254498239,0.531882077261997,forward,-3.04186170811622,0.13924216813510618,0.10240660353690138
Frankfurt_Union,1,42,Can Uzun,Eintracht Frankfurt,8,2,3018812,3018858,0.92,20.636581420898438,-8.702300071716309,21.16532325744629,-13.716285705566406,5.041787368202983,5.744303710988638,5.457600639883918,-1.4657312337624924,True,0.004190606592754442,0.42515390571857853,0.42934451231133297,sideways,-1.4957866034757963,0.3053809683724769,0.05542041037244297
Frankfurt_Union,1,8,Far Cha bi,Eintracht Frankfurt,20,2,3019032,3019127,1.9,16.580760955810547,-28.222143173217773,27.196609497070312,-31.492328643798828,11.108121050068123,6.394856899657273,5.8322421709693515,-0.2988233607195044,True,0.012385024153092838,0.5042689844669572,0.5166540086200501,diagonal,-0.44050455580045117,0.4952171651021249,0.15945226481806915
Frankfurt_Union,1,42,Can Uzun,Eintracht Frankfurt,20,2,3019227,3019319,1.84,28.061567306518555,-21.896238327026367,31.901290893554688,-12.906124114990234,9.775767528449911,5.7060055143433965,5.448995865069475,1.1671439967419315,True,0.01084126874826613,0.3172230221789583,0.32806429092722444,diagonal,1.024431438017848,0.252766366057784,0.1359309688587291
Frankfurt_Union,0,23,Andrej Ili&amp;#263;,1. FC Union Berlin,7,2,3019465,3019693,4.56,15.534747123718262,-3.891033411026001,-5.823476314544678,18.129695892333984,30.677128736089717,7.914492151898879,6.87193403680755,2.3409231588059516,False,0.007868549864101904,0.5873154242317012,0.5951839740958031,diagonal,2.2662049143180654,0.3010242488199001,0.07237262857586389
Frankfurt_Union,0,28,Christopher Trimmel,1. FC Union Berlin,7,2,3019577,3019820,4.86,29.798580169677734,10.671066284179688,2.781947612762451,17.2777042388916,27.812696736922415,6.40721288948044,5.836807084443788,2.901759706233078,False,0.00517057540333099,0.6753882237182266,0.6805587991215576,diagonal,2.4882246206129643,0.07253087106825488,0.05980211390667694
Frankfurt_Union,0,8,Rani Khedira,1. FC Union Berlin,7,2,3019580,3019996,8.32,15.232309341430664,5.231909275054932,-33.78745651245117,-6.365047454833984,50.37287811674369,7.324177259996446,6.162770629194917,-2.909286604464148,False,0.00473286038414833,0.4365885054755246,0.4413213658596729,forward,2.9919855844248313,0.4032821851790171,0.04476968399051199
Frankfurt_Union,0,10,Ilyas Ansah,1. FC Union Berlin,7,2,3019587,3019996,8.18,7.091433525085449,-14.568642616271973,-46.064212799072266,-11.46471881866455,53.24619309472082,8.419232677069862,6.926470629438245,3.0832657713527265,False,0.0009584828773623322,0.5029163859702854,0.5038748688476478,diagonal,2.6705554455230076,0.055816022155596,0.05566652311520752
Frankfurt_Union,0,23,Andrej Ili&amp;#263;,1. FC Union Berlin,7,2,3019763,3019939,3.52,-11.8217191696167,21.086013793945312,-30.663713455200195,17.577457427978516,19.165873745569943,6.141952122297021,5.523870648510395,-2.957491767120987,False,0.0019251192653145788,0.5666395695423172,0.5685646888076318,forward,2.8417545533882427,0.11848882931113963,0.07794067680757663
Frankfurt_Union,1,20,Ritsu D&amp;#333;an,Eintracht Frankfurt,34,2,3023715,3023763,0.96,17.77893829345703,-33.50836181640625,12.69660472869873,-33.707427978515625,5.086230608256548,5.577652428447675,5.263844715375644,-3.1024444052727738,True,-0.00736679639777249,0.5047107885067526,0.49734399210898006,sideways,-3.013150429447002,0.6415228683091122,0.10334600348701078
Frankfurt_Union,1,8,Far Cha bi,Eintracht Frankfurt,20,2,3023792,3023928,2.72,12.806861877441406,-26.402252197265625,27.62273406982422,-30.874160766601562,15.476047139806807,6.614035320015734,5.794355112509573,-0.2931369417087371,True,0.04220801112289285,0.45685904682169415,0.499067057944587,forward,-0.08761523698463888,0.4608421475072826,0.1945758561265089
Frankfurt_Union,1,8,Far Cha bi,Eintracht Frankfurt,3,2,3024455,3024597,2.84,20.44296646118164,-26.995718002319336,32.08660125732422,-11.525400161743164,19.362462791556027,7.325654068544203,6.802224444893527,0.9256054976138018,True,0.0024886934080240453,0.5207949134450921,0.5232836068531161,diagonal,1.0456318045422186,0.001441277386006719,0.1104082836539773
Frankfurt_Union,0,4,Diogo Monteiro Pinto Leite,1. FC Union Berlin,1,2,3028424,3028653,4.58,38.19621276855469,-21.283342361450195,13.622123718261719,-11.26301383972168,26.538516091430107,6.234479363414692,5.797192671058725,2.754414643929276,False,0.00028989576843385656,0.6261149009838801,0.626404796752314,forward,2.7572365957313436,0.12298201524703188,0.2686423252339147
Frankfurt_Union,0,14,Leopold Querfeld,1. FC Union Berlin,1,2,3028456,3028653,3.94,41.17061996459961,-6.09789514541626,18.761234283447266,-2.872666597366333,22.640288553677753,6.323678111087408,5.751866348937525,2.998651104483989,False,0.0003204992832297471,0.6426541922822897,0.6429746915655195,forward,2.9153154989562196,0.338530860367337,0.18281997966159905
Frankfurt_Union,1,3,Arthur Theate,Eintracht Frankfurt,4,2,3028681,3028880,3.98,-22.33712387084961,9.206275939941406,-37.3039665222168,28.367618560791016,24.31385263557324,7.870797712603753,6.639411195296384,2.23390350524329,True,-7.176747028347918e-05,0.6254431857167537,0.6253714182464702,sideways,2.880946633257281,0.658862878232889,0.016473722350327315
Frankfurt_Union,1,19,Jean-Matt Bahoya N goce,Eintracht Frankfurt,3,2,3028847,3028897,1.0,1.208480954170227,20.403547286987305,-3.3109428882598877,23.70353889465332,5.595992894758885,6.016062191401202,5.5850754652609815,2.5108976686438527,True,0.0005115054590611456,0.4134124483991839,0.41392395385824504,sideways,2.244622829250947,0.15002659063609816,0.03566184661440673
Frankfurt_Union,1,8,Far Cha bi,Eintracht Frankfurt,4,2,3029198,3029277,1.58,-14.819095611572266,-2.0911619663238525,-11.479376792907715,-10.021671295166016,8.605039221444299,5.9689197479539065,5.436103534411096,-1.172214224548288,True,-0.00013852654149582033,0.638863064412121,0.6387245378706252,sideways,-1.1889118922965047,0.4696674244911359,0.05474794315384603
Frankfurt_Union,1,42,Can Uzun,Eintracht Frankfurt,8,2,3030597,3030644,0.94,32.45869064331055,-25.385805130004883,35.574424743652344,-29.793256759643555,5.397539147763292,6.470224874452055,5.82572786325273,-0.9554383670895049,True,0.005015616647578824,0.46284051578151986,0.4678561324290987,sideways,-1.3059028797301713,0.48658620832416905,0.04821345889335892
Frankfurt_Union,1,42,Can Uzun,Eintracht Frankfurt,8,2,3032189,3032347,3.16,28.82674217224121,-23.962810516357422,44.928314208984375,-12.61777114868164,19.696967794778534,7.7140598519780355,6.700035348355158,0.6138012213285536,True,0.016235100493014243,0.49925415965233744,0.5154892601453517,diagonal,0.5769038219964753,0.4724041705453519,0.13865995625511632
Frankfurt_Union,1,20,Ritsu D&amp;#333;an,Eintracht Frankfurt,8,2,3032214,3032279,1.3,26.880205154418945,-26.0267333984375,31.95783805847168,-21.213438034057617,6.996439678370698,5.63708624592239,5.364888196531178,0.7586792725046965,True,0.02259815297189194,0.44019443957768734,0.4627925925495793,diagonal,0.9517720005029978,0.41435983519722547,0.16362212987157865
Frankfurt_Union,1,19,Jean-Matt Bahoya N goce,Eintracht Frankfurt,8,2,3032256,3032358,2.04,36.54866027832031,17.74390411376953,46.86835861206055,8.928318977355957,13.572424801661526,7.681372940427582,6.618577845222522,-0.7069552778420907,True,0.01754375075310821,0.5164653028343369,0.5340090535874451,diagonal,-0.8075957257217361,0.015151658987421456,0.12434941466181283
Frankfurt_Union,1,21,Nathaniel Brown,Eintracht Frankfurt,8,2,3032302,3032388,1.72,31.128952026367188,1.2107475996017456,39.62687683105469,-2.0024333000183105,9.085111858409132,5.63003944078894,5.317299826242198,-0.36149759938614806,True,0.015388612425234038,0.5218252653520398,0.5372138777772738,diagonal,-0.41249387710181845,0.027636862130470022,0.15907571801416698
Frankfurt_Union,0,23,Andrej Ili&amp;#263;,1. FC Union Berlin,1,2,3033498,3033562,1.28,-11.367176055908203,-9.339594841003418,-17.803346633911133,-11.874547958374023,6.91738960999144,5.666959896473479,5.373575041212206,-2.766390160777051,False,-0.0027722861383200903,0.489206905007331,0.4864346188690109,diagonal,-2.6409139177326715,0.40690121899614373,0.07097703742395288
Frankfurt_Union,0,7,Oliver Burke,1. FC Union Berlin,8,2,3036237,3036876,12.78,21.345247268676758,20.668880462646484,-50.57777786254883,33.49414825439453,73.05757344695317,8.833195607623543,7.223818724385874,2.9651280874865895,False,0.016818172775563967,0.4875036280337587,0.5043218008093227,forward,3.1285126516275406,0.33187112004358804,0.17914799367927034
Frankfurt_Union,0,39,Derrick K hn,1. FC Union Berlin,10,2,3036292,3036681,7.78,23.7507381439209,-15.90099048614502,-37.25585174560547,-22.489904403686523,61.36137055641467,9.017069708402428,7.91793082406343,-3.034006366861861,False,0.004208244424209195,0.5639168883088683,0.5681251327330775,forward,-2.96374289974731,0.21782889364077718,0.12117785659118194
Frankfurt_Union,0,8,Rani Khedira,1. FC Union Berlin,10,2,3036303,3036713,8.2,13.09749984741211,4.554562091827393,-42.524322509765625,-3.551461935043335,56.209383094441115,8.153333917981392,6.891192171065258,-2.996876834075673,False,0.00935272200841114,0.47524560600985366,0.4845983280182648,forward,-2.8075882075362024,0.43147948727720853,0.06929153059133769
Frankfurt_Union,0,23,Andrej Ili&amp;#263;,1. FC Union Berlin,10,2,3036306,3036757,9.02,8.513404846191406,17.99427032470703,-45.675907135009766,13.059267044067383,54.413562559125616,7.861053107011371,6.558994497071347,-3.05077349629231,False,-0.0001777426868254106,0.41569320778144125,0.41551546509461584,forward,-2.846532308175618,0.20269819554293192,0.1007148611514567
Frankfurt_Union,0,28,Christopher Trimmel,1. FC Union Berlin,10,2,3036535,3036787,5.04,6.005023956298828,17.705699920654297,-24.462966918945312,15.282957077026367,30.56416448817652,7.361700247522828,6.259974097065967,-3.0622419750391705,False,0.00011110399157798767,0.7104831573953919,0.7105942613869699,forward,-2.9015079461400144,0.0010751838998657307,0.0506134414159235
Frankfurt_Union,0,19,Janik Haberer,1. FC Union Berlin,39,2,3036592,3036658,1.32,-3.140723943710327,-12.12456226348877,-9.296823501586914,-9.488157272338867,6.696879351149192,5.285141769136122,5.1053899452382945,2.7369648522176626,False,0.0023694639721260624,0.45063851163541596,0.453007975607542,forward,3.0574584358918244,0.17327204811005442,0.04174237755563253
Frankfurt_Union,1,21,Nathaniel Brown,Eintracht Frankfurt,42,2,3037672,3037753,1.62,-2.3175857067108154,21.41261863708496,3.729980945587158,15.285128593444824,8.609250643865325,5.574520189324444,5.318901556723475,-0.7919625881327081,True,0.0006785156029859851,0.4354243559675232,0.4361028715705092,diagonal,-0.6951082204053063,0.021875604330626398,0.2061311972066947
Frankfurt_Union,1,9,Jonathan Burkardt,Eintracht Frankfurt,34,2,3038825,3038895,1.4,22.760433197021484,0.2419142872095108,26.378433227539062,-6.17717170715332,7.36848622336028,5.482407034234585,5.260013562631977,-1.05754763114086,True,0.007559965876388852,0.36170995195740974,0.3692699178337986,diagonal,-0.9472649856504751,0.3047406521715652,0.13700805049249334
Frankfurt_Union,0,10,Ilyas Ansah,1. FC Union Berlin,1,2,3043156,3043381,4.5,-19.65509033203125,-26.434038162231445,-44.703861236572266,-27.118370056152344,25.058117127374473,6.782500693064893,5.993639856138177,-3.114279468634107,False,0.015211073184229873,0.4642734902417341,0.47948456342596396,forward,3.0314363914742977,0.2654899813974272,0.23065549694051074
Frankfurt_Union,0,19,Janik Haberer,1. FC Union Berlin,1,2,3043249,3043352,2.06,-16.479665756225586,-19.928010940551758,-26.6400146484375,-23.53375816345215,10.78119207912213,5.462389988095448,5.225086253788086,-2.8005733032500646,False,0.0005910785422069686,0.4447668549285479,0.44535793347075486,forward,-2.8846740948652987,0.30290316250048854,0.06899597684847375
Frankfurt_Union,1,9,Jonathan Burkardt,Eintracht Frankfurt,4,2,3044116,3044270,3.08,-19.86241340637207,-11.442071914672852,-0.7160857319831848,-13.92890453338623,19.30715411158689,7.733014236312502,6.339901112052667,-0.12916252217086713,True,0.004078542144638542,0.5867121146219317,0.5907906567665703,diagonal,0.40090200471337084,0.24678471486267214,0.11003624472829054
Frankfurt_Union,1,20,Ritsu D&amp;#333;an,Eintracht Frankfurt,4,2,3044142,3044582,8.8,-30.3696346282959,-31.37221908569336,14.351271629333496,-0.45353808999061584,54.36841262183131,7.895319550954509,6.449094236776105,0.604910324395206,True,0.002089485614480857,0.5082754624200947,0.5103649480345755,forward,0.15994422764799884,0.14077400220263048,0.06802936520496637
Frankfurt_Union,1,17,Sepe Wahi,Eintracht Frankfurt,42,2,3044401,3044588,3.74,-2.263676166534424,-22.938690185546875,24.048477172851562,-17.99704360961914,26.772173692786684,8.630885904967059,7.270215385220806,0.18564597526689533,True,0.013158955449176502,0.41506063873335164,0.42821959418252814,forward,-0.24074378007786779,0.4174344233916358,0.07352368896727583
Frankfurt_Union,1,7,Ansgar Knauff,Eintracht Frankfurt,9,2,3044422,3044534,2.24,4.1603522300720215,-2.533785581588745,16.61411476135254,4.4721856117248535,14.289150903642472,7.700287566510855,6.4168682770806775,0.5124339730477657,True,0.005253008372761048,0.4906524708391426,0.49590547921190364,forward,0.17098742170336753,0.106215260940589,0.08522044992438704
Frankfurt_Union,1,21,Nathaniel Brown,Eintracht Frankfurt,9,2,3044454,3044553,1.98,-8.859509468078613,5.489533424377441,1.6689666509628296,7.274952411651611,10.678788805353587,5.708747138721602,5.396193812369924,0.16798192655296582,True,-0.00021521717911943128,0.47545181353754823,0.4752365963584288,forward,0.10639175127094118,0.07365377078739276,0.07375611305747333
Frankfurt_Union,1,42,Can Uzun,Eintracht Frankfurt,20,2,3045650,3045763,2.26,25.702438354492188,-20.7530517578125,33.540313720703125,-10.600385665893555,12.82610303366759,6.111459208779499,5.68817821419867,0.9133621925678943,True,0.011212619213197883,0.4181047627028256,0.4293173819160235,diagonal,0.8857190020578574,0.5679273390931286,0.1398170407004845
Frankfurt_Union,0,7,Oliver Burke,1. FC Union Berlin,1,2,3047496,3047571,1.5,-24.73637580871582,-5.29276180267334,-32.190948486328125,-10.111690521240234,8.876526787005865,6.428503133646909,5.896773689820134,-2.5677246377111898,False,0.008157794795509932,0.414702549189903,0.42286034398541295,diagonal,-2.630176958835946,0.0989266777359221,0.0841911198407538
Frankfurt_Union,0,7,Oliver Burke,1. FC Union Berlin,8,2,3047889,3048052,3.26,-30.7613525390625,-7.888937950134277,-46.49364471435547,3.2806761264801025,19.29417776712152,6.619794619019209,6.023938638187766,2.5242000049424727,False,0.04237427995888654,0.5003977735593609,0.5427720535182474,diagonal,2.2837781237001127,0.16284891380024413,0.15827206911386696
Frankfurt_Union,0,23,Andrej Ili&amp;#263;,1. FC Union Berlin,8,2,3047899,3047988,1.78,-31.392000198364258,-22.508380889892578,-35.15870666503906,-13.422204971313477,9.835988533414248,5.980488724217779,5.516911604299567,1.9637855696679898,False,0.023556573675531434,0.4182262184422641,0.44178279211779553,diagonal,2.127798483398174,0.2514361043826682,0.14784178474417595
Frankfurt_Union,0,10,Ilyas Ansah,1. FC Union Berlin,8,2,3047915,3047971,1.12,-29.597013473510742,-7.397833347320557,-33.2657356262207,-2.663752317428589,5.98924414524636,5.541194879451613,5.329008141033578,2.230081235185254,False,0.031973789057717084,0.6129979501376972,0.6449717391954143,diagonal,2.27635695579561,0.15596051446166692,0.11921752095810367
Frankfurt_Union,0,28,Christopher Trimmel,1. FC Union Berlin,8,2,3047948,3048067,2.38,-7.014342784881592,2.3061046600341797,-19.099285125732422,6.893271446228027,12.926249669028103,5.600975136699939,5.427760998925353,2.778815276186615,False,0.0008312106712908829,0.4586970501436275,0.4595282608149184,forward,2.892922807961169,0.0,0.08778504089179254
Frankfurt_Union,0,19,Janik Haberer,1. FC Union Berlin,8,2,3047998,3048049,1.02,-23.162738800048828,-16.316537857055664,-24.147075653076172,-11.166342735290527,5.243417667178649,5.271649195107754,5.136899963015619,1.7596449398804475,False,0.009584496945276966,0.5455182618181605,0.5551027587634375,sideways,1.6593677145462158,0.08500867688276594,0.2233210152458214
Frankfurt_Union,0,10,Ilyas Ansah,1. FC Union Berlin,8,2,3048018,3048078,1.2,-37.17327117919922,-0.5806714296340942,-43.44856643676758,-2.504142999649048,6.563465049066364,5.828945575503067,5.482239920425594,-2.844169645063157,False,0.013169453775810414,0.4515486768311806,0.464718130606991,forward,3.0454041029866015,0.1214478089916834,0.10165527411155785
Frankfurt_Union,1,9,Jonathan Burkardt,Eintracht Frankfurt,34,2,3049526,3049610,1.68,14.428980827331543,-9.38565731048584,22.165348052978516,-16.232452392578125,10.331020314868601,6.918739219537352,6.205960663210781,-0.7244737069907845,True,0.026530513064582317,0.46521617613640526,0.4917466892009876,sideways,-1.1872779465796173,0.2030670022671539,0.0882714727622056
Frankfurt_Union,1,42,Can Uzun,Eintracht Frankfurt,34,2,3049576,3049705,2.58,13.42619514465332,-18.94933319091797,25.92259979248047,-26.218894958496094,14.457062544475262,6.533993544213455,5.864695637871494,-0.526879035754137,True,0.03018080224966352,0.4474853686406042,0.4776661708902677,diagonal,-0.6967387033492869,0.3091197391691662,0.11673560180215241
Frankfurt_Union,1,7,Ansgar Knauff,Eintracht Frankfurt,42,2,3050635,3050703,1.36,14.058110237121582,27.8923397064209,20.211666107177734,24.541505813598633,7.006735161484909,5.316713126480113,5.142842147697813,-0.49863867437159276,True,0.0007022586148812682,0.7075377657606859,0.7082400243755672,diagonal,-0.5212634383953906,0.0,0.1329929407331896
Frankfurt_Union,1,17,Sepe Wahi,Eintracht Frankfurt,42,2,3050722,3050861,2.78,29.90298080444336,10.278362274169922,36.87376403808594,-8.124185562133789,19.678556495786953,8.332961464107367,7.1056169429111105,-1.208703160679865,True,0.024869185406253713,0.37320584564746645,0.39807503105372016,diagonal,-1.1559287234885867,0.011518363529382862,0.15750867742561583
Frankfurt_Union,0,10,Ilyas Ansah,1. FC Union Berlin,7,2,3051826,3051877,1.02,-18.897005081176758,1.9045190811157227,-22.741405487060547,5.597528457641602,5.330828522459478,5.522298135728552,5.226695815289616,2.376277075677676,False,0.003742642758556569,0.4613160087324222,0.46505865149097875,diagonal,2.3829805760605756,0.18401125923667508,0.09946323667891512
Frankfurt_Union,1,21,Nathaniel Brown,Eintracht Frankfurt,4,2,3051962,3052034,1.44,-25.50556182861328,24.441570281982422,-28.169700622558594,32.25955581665039,8.259451152085227,6.405305907195757,5.767494063626705,1.8992253258178782,True,5.144463670458954e-05,0.5814798285107577,0.5815312731474623,sideways,2.0238663427324948,0.4280165382355564,0.04274633566383159
Frankfurt_Union,0,39,Derrick K hn,1. FC Union Berlin,8,2,3052393,3052521,2.56,-17.363981246948242,-18.741622924804688,-36.07953643798828,-23.60862922668457,19.33803910564368,8.96392849491654,7.481279625755443,-2.887176451634083,False,0.002062071239180452,0.6282849190490715,0.6303469902882519,forward,-2.7526695777956838,0.14774769149237857,0.18251487744967712
Frankfurt_Union,1,42,Can Uzun,Eintracht Frankfurt,34,2,3057246,3057323,1.54,-7.674114227294922,-10.074837684631348,-4.098771572113037,-17.517114639282227,8.256546576607596,5.617140816369595,5.395630504930407,-1.1229433564594165,True,0.006584811250095024,0.687746797025593,0.6943316082756881,sideways,-1.420514967666956,0.46746385055045747,0.030305691637790677
Frankfurt_Union,1,6,Oscar Winther H jlund,Eintracht Frankfurt,3,2,3059310,3059397,1.74,4.770019054412842,-6.418400287628174,5.440633296966553,2.929337978363037,9.371762595786999,5.650907648006825,5.373227855852932,1.4991782230052897,True,0.0011168938137131046,0.44556038308484125,0.44667727689855435,sideways,1.3946333051973394,0.06734770218742037,0.07476554843438989
Frankfurt_Union,1,42,Can Uzun,Eintracht Frankfurt,34,2,3059595,3059676,1.62,10.567828178405762,-17.172618865966797,18.3398380279541,-21.147790908813477,8.729612240627086,5.720096655531179,5.401705199022954,-0.4727837083189828,True,0.008916986280811279,0.5024719291563455,0.5113889154371568,diagonal,-0.7385473105656727,0.380098632180059,0.10513241275239747
Frankfurt_Union,1,30,Michy Batshuayi-Atunga,Eintracht Frankfurt,34,2,3059673,3059805,2.64,28.05158042907715,0.39428097009658813,27.12347984313965,-14.44845199584961,14.87172123851182,6.21076772828101,5.719871997291587,-1.6332439793575522,True,0.003178595347331281,0.4070481419361592,0.41022673728349046,sideways,-1.1959243842953584,0.09927342289883558,0.09844317704366938
Frankfurt_Union,1,34,Pharrell Collins,Eintracht Frankfurt,42,2,3059748,3059805,1.14,13.172752380371094,-23.158485412597656,19.08707618713379,-20.982786178588867,6.301816662527275,6.478917404473809,5.634057317404854,0.35250464956666555,True,0.027314719920316366,0.4639475334261439,0.4912622533464603,diagonal,0.7580464919280437,0.40272813958937975,0.1849746010163658
Frankfurt_Union,0,23,Andrej Ili&amp;#263;,1. FC Union Berlin,19,2,3063074,3063184,2.2,-36.70939254760742,-21.754985809326172,-40.0173225402832,-9.20883846282959,12.974907093172083,6.343071956272714,5.895811519595997,1.8285905218771001,False,0.01743902436560718,0.4254486420429527,0.44288766640855987,sideways,1.871435154863268,0.5082363855155979,0.12413168165467076
Frankfurt_Union,1,7,Ansgar Knauff,Eintracht Frankfurt,3,2,3064947,3065121,3.48,23.39719581604004,28.451171875,27.234291076660156,8.096575736999512,20.713108988758247,6.6139095444541995,5.963198170136675,-1.3844704690543943,True,0.028097107454637837,0.46745207756188834,0.4955491850165262,sideways,-1.332875351931333,0.13948199855426263,0.33854437651923813
Frankfurt_Union,1,20,Ritsu D&amp;#333;an,Eintracht Frankfurt,34,2,3066170,3066233,1.26,24.8603572845459,-26.022804260253906,20.184057235717773,-20.692642211914062,7.090727015492299,5.999452260816401,5.626851051219643,2.290943281274027,True,0.017269343279365024,0.42141594325557286,0.4386852865349379,sideways,2.1279796207705695,0.06882791468729967,0.32591303903786745
Frankfurt_Union,1,42,Can Uzun,Eintracht Frankfurt,20,2,3066297,3066363,1.32,14.994747161865234,-21.488937377929688,22.307880401611328,-20.00425148010254,7.462319344378529,6.048626094247791,5.637609905514476,0.20029424368316115,True,0.011431221500554423,0.4390434290874462,0.4504746505880006,diagonal,0.5308513559447059,0.5478304669843811,0.143400034795544
Frankfurt_Union,1,7,Ansgar Knauff,Eintracht Frankfurt,21,2,3067315,3067388,1.46,27.280303955078125,22.974672317504883,34.762779235839844,27.06357192993164,8.52681279070403,6.510462533684859,5.840147529203351,0.5001239918880436,True,0.014216702273257775,0.4954928837163366,0.5097095859895944,diagonal,0.7058769322978056,0.24553109073915336,0.09911756912986745
Frankfurt_Union,1,9,Jonathan Burkardt,Eintracht Frankfurt,6,2,3067545,3067674,2.58,35.91962432861328,7.218605041503906,41.45418930053711,-8.722137451171875,16.87420162989187,7.653467987332327,6.628610548634606,-1.2366215189764178,True,0.027143288269058985,0.5083029708580887,0.5354462591271477,sideways,-1.420007654151515,0.15623354433971753,0.14322521380295505
Frankfurt_Union,0,7,Oliver Burke,1. FC Union Berlin,6,2,3072451,3072665,4.28,-11.051390647888184,-10.3460054397583,-32.453041076660156,-22.672243118286133,24.697505468830546,8.010040816519332,6.844352145041974,-2.6190462213759633,False,0.0031534133460530134,0.4834456721625033,0.4865990855085563,diagonal,2.5362088721398757,0.20096981271651365,0.07445263261939596
Frankfurt_Union,1,7,Ansgar Knauff,Eintracht Frankfurt,3,2,3072917,3073135,4.36,2.9533286094665527,10.905466079711914,19.30866241455078,27.93353271484375,23.610421368671524,5.667344340585454,5.4170705836119435,0.8055471530037348,True,0.0015503569808872353,0.4089869911928369,0.4105373481737241,diagonal,0.7598082482866401,0.2540596533199815,0.06676055256676326
Frankfurt_Union,1,21,Nathaniel Brown,Eintracht Frankfurt,3,2,3072939,3073146,4.14,-17.500810623168945,15.445366859436035,3.5420286655426025,28.140243530273438,24.575617571453094,7.015972621810601,6.044157045702639,0.5428330916795397,True,0.00018566850660972634,0.6444586588244157,0.6446443273310254,diagonal,0.8801162876685457,0.3989653810190166,0.05404028995940715
Frankfurt_Union,1,6,Oscar Winther H jlund,Eintracht Frankfurt,3,2,3072963,3073120,3.14,-20.931190490722656,-3.978266477584839,-6.5849761962890625,3.696695327758789,16.270184488668047,5.35625464117953,5.181345342867203,0.49123976162667504,True,0.011824491678877114,0.6394426150011978,0.6512671066800749,diagonal,0.4912482070925937,0.06098830760248943,0.10459543654758217
Frankfurt_Union,1,20,Ritsu D&amp;#333;an,Eintracht Frankfurt,3,2,3072982,3073038,1.12,-3.9095380306243896,-31.923599243164062,1.8032143115997314,-31.603666305541992,5.721703977676813,5.226593347307697,5.099761733240579,0.05594485295492293,True,0.0063177584019351585,0.6097723822228149,0.6160901406247501,forward,0.05610478120601517,0.0038367298795730933,0.1993171324563592
Frankfurt_Union,1,20,Ritsu D&amp;#333;an,Eintracht Frankfurt,42,2,3073745,3073913,3.36,32.83091735839844,-28.205514907836914,45.80733871459961,-9.556090354919434,22.719783171690597,7.528551474243143,6.7787864446373876,0.9628892370564963,True,0.004710903183961335,0.411462805409212,0.4161737085931733,diagonal,0.699048763638901,0.4118371173227102,0.1659187342992017
Frankfurt_Union,1,30,Michy Batshuayi-Atunga,Eintracht Frankfurt,42,2,3073751,3073905,3.08,33.19183349609375,-13.408380508422852,51.52992248535156,-12.295281410217285,18.371839793019223,6.961258037654378,6.032030141441816,0.060624370489413486,True,0.02991092834237702,0.38260716355141516,0.4125180918937922,forward,0.21246557625945792,0.4582201388164337,0.13417058730942844
Frankfurt_Union,1,9,Jonathan Burkardt,Eintracht Frankfurt,42,2,3073800,3073915,2.3,35.734683990478516,-0.1960476189851761,48.2485466003418,3.5557334423065186,13.064173090953798,7.351942671619122,6.096177785294446,0.2912824670016809,True,0.008912682196654864,0.3125634307600983,0.32147611295675316,diagonal,-0.5015989275733501,0.16261257781296415,0.08462686796385814
Frankfurt_Union,1,7,Ansgar Knauff,Eintracht Frankfurt,42,2,3073822,3073919,1.94,35.097862243652344,21.55069923400879,46.48262023925781,17.994142532348633,11.927355540547385,6.910811359226572,6.184440689976872,-0.3027904257711136,True,0.001915564967473582,0.7143493176334474,0.716264882600921,diagonal,-0.6964604054471226,0.03219879718870136,0.13657769478520979
Frankfurt_Union,0,7,Oliver Burke,1. FC Union Berlin,23,2,3076152,3076245,1.86,37.98248291015625,-1.351257085800171,26.938989639282227,-3.4027810096740723,11.232430459792164,6.6802836722283745,6.079414649624445,-2.9579187313096122,False,0.029344633975120438,0.6569988320570793,0.6863434660321998,forward,3.090104967677388,0.2688928150030673,0.12598539765784367
Frankfurt_Union,1,7,Ansgar Knauff,Eintracht Frankfurt,21,2,3079684,3079753,1.38,24.851276397705078,18.7830867767334,25.8894100189209,26.04418182373047,7.334931676370548,5.595547989940853,5.333755880087375,1.428786668093096,True,0.001527078695945372,0.5114368799004184,0.5129639585963638,sideways,1.5262723491076444,0.4588344060185895,0.02669000354501725
Frankfurt_Union,1,7,Ansgar Knauff,Eintracht Frankfurt,3,2,3079908,3080054,2.92,23.962623596191406,30.198843002319336,29.144142150878906,14.793523788452148,16.25336871586061,6.165809938584608,5.790513739268737,-1.2463367656552435,True,0.008385034015812864,0.40228419186706826,0.41066922588288113,diagonal,-0.6868274276971759,0.24853916054171502,0.28071434466368866
Frankfurt_Union,1,9,Jonathan Burkardt,Eintracht Frankfurt,3,2,3079914,3079979,1.3,28.922224044799805,9.088805198669434,31.20361328125,16.007457733154297,7.2850868039526215,6.05443441879021,5.5962407632617905,1.2522789817650186,True,0.0068197703579510605,0.39749084833066944,0.4043106186886205,sideways,1.4418611704234974,0.20073026289981702,0.08524706233400531
Frankfurt_Union,0,7,Oliver Burke,1. FC Union Berlin,1,2,3084444,3084576,2.64,-6.91681432723999,-2.384342908859253,-11.489280700683594,11.071375846862793,14.21139739678553,5.853393800396323,5.402433217187913,1.8983697473335919,False,0.0025135408558529804,0.38753687991462576,0.39005042077047875,sideways,1.9228029004278209,0.09504774545289568,0.09829324884511324
Frankfurt_Union,0,6,Aljoscha Kemlein,1. FC Union Berlin,7,2,3084808,3084992,3.68,0.9673380851745605,26.56620979309082,-18.67056655883789,21.115413665771484,20.38034536579116,6.4990685576558205,5.723531607466343,-2.8708432967249427,False,0.01677773453740361,0.5211996718990265,0.5379774064364301,forward,2.8053335829914765,0.2595927614820353,0.09528284472089119
Frankfurt_Union,0,39,Derrick K hn,1. FC Union Berlin,8,2,3084839,3084915,1.52,-5.22222375869751,-13.483238220214844,-13.488795280456543,-12.665985107421875,8.306871094144128,5.7439203999366475,5.4614449121533815,3.0430504626504145,False,0.0012227204161573413,0.5189589813014768,0.5201817017176341,forward,3.0969110639058717,0.10438508225729982,0.13000067827108952
Frankfurt_Union,0,7,Oliver Burke,1. FC Union Berlin,8,2,3084876,3085002,2.52,-12.382442474365234,25.819091796875,-27.419052124023438,32.384578704833984,16.407475372365337,7.530436256062775,6.531798464018803,2.729909768196929,False,0.03380318402417759,0.6205727537187559,0.6543759377429335,forward,2.8241529805693446,0.3366782292029776,0.12291942393356782
Frankfurt_Union,0,39,Derrick K hn,1. FC Union Berlin,6,2,3086525,3086764,4.78,-3.2984237670898438,-10.312442779541016,-36.89785385131836,-11.923885345458984,33.63805061427033,8.269168754758137,7.064210024735945,-3.0936689621202604,False,-0.00020547410183446857,0.46271878908151964,0.4625133149796852,forward,-2.765720770479072,0.19845350048959165,0.16606602315186628
Frankfurt_Union,0,7,Oliver Burke,1. FC Union Berlin,19,2,3086573,3086782,4.18,-26.812171936035156,13.216357231140137,-47.74823760986328,-5.843138217926025,28.312244924622597,8.283331168775431,6.913675961818377,-2.403079567896828,False,0.005410864763150225,0.41244235129052403,0.41785321605367426,diagonal,-1.9807329295143221,0.2638666188738564,0.11629310086007562
Frankfurt_Union,1,7,Ansgar Knauff,Eintracht Frankfurt,21,2,3087576,3087821,4.9,14.205276489257812,31.321870803833008,51.22395706176758,20.158832550048828,38.66517987007122,9.604357691110199,7.99803249256253,-0.2928795705306866,True,0.024231005370541514,0.4941225069183722,0.5183535122889137,forward,-0.2255819710235972,0.368869896742493,0.19760295699575564
Frankfurt_Union,1,9,Jonathan Burkardt,Eintracht Frankfurt,21,2,3087674,3087877,4.06,16.869966506958008,22.96305274963379,35.922603607177734,7.443761825561523,24.5733874599873,6.86684477350251,6.195717999817047,-0.6835490476178451,True,0.007488579247976301,0.5061430705223185,0.5136316497702949,forward,-0.28027331734089395,0.17726908272500638,0.07717649278041692
Frankfurt_Union,1,42,Can Uzun,Eintracht Frankfurt,21,2,3087680,3087841,3.22,20.707965850830078,-7.412823677062988,40.06623840332031,-1.0964809656143188,20.362684043734692,7.202425479581485,6.335181243049637,0.3153950406018592,True,0.0021044257201757732,0.4412611571703572,0.44336558289053296,forward,0.2271040669260338,0.03722440717119842,0.06244761304710718
Frankfurt_Union,1,30,Michy Batshuayi-Atunga,Eintracht Frankfurt,21,2,3087686,3087770,1.68,30.947166442871094,3.869276285171509,39.343570709228516,-0.6194285750389099,9.520928312206838,6.170884013613553,5.681581722483381,-0.4909417754760339,True,0.014135878964150805,0.3495212065343383,0.36365708549848913,diagonal,-0.5158283448886104,0.21529308889140497,0.09397657511667273
Frankfurt_Union,1,20,Ritsu D&amp;#333;an,Eintracht Frankfurt,21,2,3087687,3087837,3.0,26.02654266357422,-22.825504302978516,41.390777587890625,-11.005800247192383,19.38466194639337,7.097368950137137,6.455627858890077,0.6557390426888926,True,0.0017297181716344756,0.6110888490719878,0.6128185672436223,diagonal,0.645066450836666,0.005106967743193968,0.121106947541597
Frankfurt_Union,1,30,Michy Batshuayi-Atunga,Eintracht Frankfurt,34,2,3090357,3090422,1.3,17.248275756835938,-5.307133197784424,20.108524322509766,-11.976914405822754,7.257203539969128,5.945717549739269,5.595608051172816,-1.1656802504491737,True,0.002237842963181358,0.3899107664313813,0.39214860939456264,sideways,-1.4172523839091837,0.24659963575204313,0.0403938964868425
Frankfurt_Union,1,9,Jonathan Burkardt,Eintracht Frankfurt,21,2,3090862,3090989,2.54,19.040800094604492,13.189990997314453,32.515541076660156,16.416728973388672,13.855702165524848,5.937010483956794,5.598489296585065,0.23503969760464408,True,0.036102158847650556,0.42165529119069756,0.4577574500383481,forward,0.0512742759977275,0.475496655514228,0.12002249362556042
Frankfurt_Union,1,7,Ansgar Knauff,Eintracht Frankfurt,42,2,3092691,3092763,1.44,31.361404418945312,3.606081008911133,33.1578483581543,10.957009315490723,7.567255631680072,5.444887340433122,5.235066691875826,1.3311109385194415,True,0.003770514314755835,0.38614643065526305,0.3899169449700189,sideways,1.3544054955524751,0.1251968756086657,0.05614822653052109
Frankfurt_Union,1,9,Jonathan Burkardt,Eintracht Frankfurt,34,2,3092997,3093048,1.02,38.361995697021484,7.338414192199707,42.184814453125,2.8478047847747803,5.897416052142674,6.544947831963768,5.7665847759535716,-0.865552811041487,True,0.009255484266636749,0.44029156675854914,0.4495470510251859,diagonal,-0.7438472099445124,0.06040713977255734,0.08898477496619094
Frankfurt_Union,0,6,Aljoscha Kemlein,1. FC Union Berlin,5,2,3096906,3096962,1.12,-7.1822381019592285,-3.7733190059661865,-12.701480865478516,-5.578738212585449,5.807028430642452,5.41348598156137,5.181900765144864,-2.8254502915787394,False,0.010104378994667762,0.565783374537736,0.5758877535324037,diagonal,-2.748100339462552,0.3875960396262283,0.1106625804318159
Frankfurt_Union,1,42,Can Uzun,Eintracht Frankfurt,40,2,3097176,3097330,3.08,-12.865309715270996,3.5427048206329346,-2.9096760749816895,18.949424743652344,18.343436427398856,6.461427756498141,5.948646698241215,0.9971057430956372,True,0.005234208422530251,0.48013179719531385,0.4853660056178441,diagonal,1.0364615373807702,0.1913924376963703,0.10439006804021105
Frankfurt_Union,1,21,Nathaniel Brown,Eintracht Frankfurt,3,2,3097336,3097710,7.48,-14.0628662109375,23.01814842224121,32.5636100769043,29.21036148071289,47.03585646697826,6.989950177234684,6.338805488301655,0.13203205176963284,True,0.001996741639332167,0.7286961589242729,0.730692900563605,diagonal,0.4526516751341237,0.17809076483989142,0.07570176681949246
Frankfurt_Union,1,42,Can Uzun,Eintracht Frankfurt,20,2,3100322,3100435,2.26,12.401847839355469,-23.794172286987305,21.755266189575195,-32.20926284790039,12.58174010153586,6.256830554345146,5.686554871665954,-0.7326386999267992,True,0.002160137586825206,0.6755927240641894,0.6777528616510146,diagonal,-1.022200078736504,0.5014971552698831,0.09969603716938234
Frankfurt_Union,1,30,Michy Batshuayi-Atunga,Eintracht Frankfurt,20,2,3100579,3100674,1.9,33.49458312988281,-9.108610153198242,40.98458480834961,-1.0584619045257568,10.995681514532881,6.250949974166959,5.790087599489272,0.8214276850877656,True,0.010448262689056853,0.3660058778066548,0.37645414049571163,diagonal,0.945795146817062,0.21651023148127635,0.11518258168565404
Frankfurt_Union,1,20,Ritsu D&amp;#333;an,Eintracht Frankfurt,4,2,3100643,3100693,1.0,27.158052444458008,-21.288789749145508,29.642101287841797,-16.044939041137695,5.802453696858802,6.178295654396936,5.785670432536155,1.128403482131018,True,0.006150691183869128,0.6536941102038907,0.6598448013877598,diagonal,1.1207295166640365,0.057941149161137746,0.14975801356155638
Frankfurt_Union,0,11,Wooyeong Jeong,1. FC Union Berlin,19,2,3121505,3121553,0.96,-37.968360900878906,-14.802776336669922,-41.378944396972656,-10.255642890930176,5.684056857315212,6.303449465555618,5.909115760980596,2.2143302870243775,False,0.08890204933907764,0.5623537583547145,0.6512558076937921,diagonal,2.1170364010926686,0.14639690450218598,0.3113478159722414
Frankfurt_Union,1,7,Ansgar Knauff,Eintracht Frankfurt,40,2,3121613,3121859,4.92,-23.292818069458008,-11.767867088317871,5.319533348083496,0.3095666766166687,31.056900360262453,7.725112891100895,6.7205120382156585,0.3994165125670942,True,0.05529240690523163,0.7454865062393183,0.80077891314455,forward,-0.03109222793246698,0.18831680416690064,0.269728423298217
Frankfurt_Union,1,6,Oscar Winther H jlund,Eintracht Frankfurt,40,2,3121653,3121870,4.34,-30.70623779296875,0.3074333369731903,-8.618914604187012,14.32095718383789,26.157765505722026,7.215564090749728,6.2851499956786405,0.5653731329582714,True,0.0046939522460751615,0.5487248206325939,0.553418772878669,diagonal,0.599679141073832,0.3577782236848654,0.13641714800821492
Frankfurt_Union,1,30,Michy Batshuayi-Atunga,Eintracht Frankfurt,40,2,3121712,3121760,0.96,-15.187614440917969,-4.481947422027588,-10.507014274597168,-2.604280948638916,5.043178492007809,5.44287529342593,5.24004540590612,0.3815054084040731,True,0.023092832292354815,0.6658931826350049,0.6889860149273597,diagonal,0.4417414194795951,0.1539209337179131,0.13469709066783922
Frankfurt_Union,1,21,Nathaniel Brown,Eintracht Frankfurt,40,2,3121747,3121805,1.16,-29.17112922668457,8.125028610229492,-22.280351638793945,10.222633361816406,7.2029689336867015,6.769227699212981,6.161638886466125,0.2954955008276901,True,0.0005236645833983644,0.3837892053671814,0.3843128699505798,forward,0.3280104627505165,0.2641434981940913,0.14113853394219397
Frankfurt_Union,1,9,Jonathan Burkardt,Eintracht Frankfurt,40,2,3121756,3121937,3.62,-37.03094482421875,2.6215999126434326,-18.458375930786133,1.5367571115493774,18.604225305139327,6.808165133677195,5.704724884639284,-0.05834473162809367,True,0.010322162960989423,0.6584372678012036,0.668759430762193,forward,0.11929827745287887,0.10411335707677322,0.1719794443321282
Frankfurt_Union,0,11,Wooyeong Jeong,1. FC Union Berlin,14,2,3122009,3122108,1.98,-24.495437622070312,6.989804744720459,-34.78753662109375,11.86220932006836,11.387169453010278,6.327217062265388,5.7600967398361025,2.6994406683759706,False,0.04877655453497021,0.5050582974696008,0.553834852004571,forward,2.7558836001463507,0.39343821669874685,0.14940985661514575
Frankfurt_Union,0,6,Aljoscha Kemlein,1. FC Union Berlin,21,2,3125148,3125200,1.04,-32.94308853149414,25.58397674560547,-36.287723541259766,30.075143814086914,5.5997468679898486,6.0370373039385985,5.488392552907546,2.210905805549197,False,0.005451884180832756,0.47787924572880525,0.483331129909638,sideways,1.8972769137274084,0.35641534490146826,0.07372113458825733
Frankfurt_Union,1,20,Ritsu D&amp;#333;an,Eintracht Frankfurt,30,2,3125993,3126247,5.08,-18.117908477783203,-2.808152437210083,15.159780502319336,-5.005809307098389,33.350176604842815,7.614116066838769,6.5811650128532815,-0.06594419292748173,True,0.0014907422780386925,0.5482441927870926,0.5497349350651313,forward,0.07213447076171607,0.0870925525838948,0.08345854991742571
Frankfurt_Union,1,4,Robin Koch,Eintracht Frankfurt,30,2,3125993,3126377,7.68,-32.946842193603516,6.470885753631592,20.696304321289062,-3.745961904525757,54.607427554209394,8.667545619042565,7.122273927408431,-0.1882054134209065,True,0.0036723158767743014,0.8063091896523488,0.8099815055291231,forward,0.034248291541761414,0.041185162298018045,0.0933017400964569
Frankfurt_Union,1,6,Oscar Winther H jlund,Eintracht Frankfurt,30,2,3126042,3126178,2.72,-24.485023498535156,8.111348152160645,-9.067980766296387,8.754485130310059,15.430451444476258,6.108251914376999,5.664933204234743,0.04169180245454248,True,0.006777458494020228,0.7125774136982579,0.7193548721922781,forward,0.07180665851987283,0.06169994142331386,0.04388100979953214
Frankfurt_Union,1,5,Aur Amenda,Eintracht Frankfurt,30,2,3126071,3126149,1.56,-27.97435760498047,-0.5454333424568176,-20.116138458251953,0.7292047739028931,7.960923971857015,5.205651757798091,5.095029131020125,0.16080394486549085,True,0.0028318585462683288,0.7043752391458871,0.7072070976921554,forward,0.15889745551456924,0.0,0.06997081898941471
Frankfurt_Union,1,7,Ansgar Knauff,Eintracht Frankfurt,42,2,3127828,3127881,1.06,29.1103572845459,-22.479381561279297,28.900300979614258,-27.969942092895508,5.494577199619933,5.275974675337188,5.176941270162963,-1.6090353937281294,True,0.002814686337393957,0.4576637899783336,0.4604784763157276,sideways,-1.6055038741263623,0.20246634027312574,0.0945475280407154
Frankfurt_Union,0,11,Wooyeong Jeong,1. FC Union Berlin,1,2,3131162,3131349,3.74,-14.322580337524414,3.053123712539673,-25.664146423339844,22.958105087280273,22.909373732332558,7.3595013718714615,6.182681395433232,2.088702801760087,False,0.015068536820317446,0.41217222711234097,0.4272407639326584,diagonal,2.2605095823053425,0.1829765516012986,0.09531954337372227
Frankfurt_Union,1,9,Jonathan Burkardt,Eintracht Frankfurt,42,2,3131529,3131780,5.02,-4.927000045776367,24.236495971679688,21.244247436523438,5.413504600524902,32.237233115426505,7.120737288977087,6.481635132825566,-0.6235118527974388,True,0.012081641485147898,0.3357361654513386,0.3478178069364865,forward,-0.18894863008237706,0.29819612103355836,0.11533628192203649
Frankfurt_Union,1,30,Michy Batshuayi-Atunga,Eintracht Frankfurt,42,2,3131576,3131676,2.0,-1.5467475652694702,11.026166915893555,5.6351189613342285,2.7999379634857178,10.92016710418772,5.929795262343579,5.481234810798863,-0.8530747626475398,True,0.008982884394108048,0.48255424564477767,0.4915371300388857,diagonal,-0.6071731326301968,0.48195309490685756,0.06703596278992767
Frankfurt_Union,1,20,Ritsu D&amp;#333;an,Eintracht Frankfurt,42,2,3131576,3131672,1.92,-1.399914264678955,0.6506571769714355,9.160699844360352,1.8277571201324463,10.626012169964314,6.115107188562411,5.5211021645066625,0.11100314166210107,True,0.03407724678412327,0.5771415774525255,0.6112188242366488,forward,0.026427920325551475,0.3333029557698455,0.14231743445226502
Frankfurt_Union,1,20,Ritsu D&amp;#333;an,Eintracht Frankfurt,6,2,3131907,3132163,5.12,9.5411958694458,-5.067361831665039,41.879371643066406,-0.4593619108200073,32.664832398714225,7.092929633268972,6.456366338770923,0.14154127479124415,True,0.007007097994451872,0.6296257253872412,0.636632823381693,forward,-0.3301940371308811,0.32458008013496786,0.06299983755565103
Frankfurt_Union,1,30,Michy Batshuayi-Atunga,Eintracht Frankfurt,6,2,3131926,3132141,4.3,16.038286209106445,-6.567885875701904,41.58115005493164,-2.8752903938293457,25.80839310842714,6.586070619454272,5.998189503004888,0.1435700220094922,True,0.02529831837746277,0.5602947260847756,0.5855930444622384,forward,0.07533689501263523,0.16729124191508704,0.11505013461965029
Frankfurt_Union,1,42,Can Uzun,Eintracht Frankfurt,7,2,3131943,3132108,3.3,13.680538177490234,20.104324340820312,32.45909881591797,16.86610984802246,19.055717586920558,6.37993438420076,5.78858658907089,-0.170762704239497,True,0.00033869299050859336,0.6276983975075986,0.6280370904981072,forward,-0.003570346010379922,0.0,0.10688395041670619
Frankfurt_Union,1,4,Robin Koch,Eintracht Frankfurt,7,2,3131969,3132094,2.5,21.700714111328125,3.7235190868377686,36.44335174560547,2.4339380264282227,14.798931844122322,6.613024603793301,5.915475095017561,-0.08725080485239055,True,0.01882576212579712,0.5779346708628832,0.5967604329886803,forward,0.03257517131241503,0.14604516956532765,0.0988938158934162
Frankfurt_Union,1,6,Oscar Winther H jlund,Eintracht Frankfurt,7,2,3132050,3132173,2.46,8.855071067810059,-15.992047309875488,22.0407657623291,-12.841419219970703,13.55688024355031,5.965292579974542,5.50269098859541,0.23454521119970467,True,0.00242546409056299,0.6407102061335946,0.6431356702241576,forward,0.19891498622685205,0.08706368834702204,0.14547575416961217
Frankfurt_Union,0,13,Andr Sch fer,1. FC Union Berlin,19,2,3132284,3132494,4.2,30.80933380126953,-11.880257606506348,12.552962303161621,-32.87907409667969,27.82526539433007,7.804679802637528,6.625644201512242,-2.2864458410869752,False,0.0015392113098247062,0.5202039377053611,0.5217431490151858,diagonal,-2.014835368158064,0.5248848243099757,0.06709578151872432
Frankfurt_Union,0,23,Andrej Ili&amp;#263;,1. FC Union Berlin,19,2,3132301,3132542,4.82,16.481199264526367,1.0615999698638916,-7.457776069641113,-24.709638595581055,35.174298532407946,8.885660798366665,7.389800391065537,-2.3193522799899178,False,0.0003904685872959668,0.47288808698092,0.47327855556821596,diagonal,-1.9961869326536112,0.1995559004142258,0.07804664187359688
Frankfurt_Union,0,6,Aljoscha Kemlein,1. FC Union Berlin,19,2,3132333,3132578,4.9,38.493896484375,-5.362985610961914,11.445995330810547,-8.365804672241211,27.214075018779813,6.16262701773217,5.553087249892557,-3.0310268548999644,False,0.005756144175763533,0.6903530994865611,0.6961092436623246,forward,-2.977042693985455,0.1650665468548452,0.0983505057759781
Frankfurt_Union,0,11,Wooyeong Jeong,1. FC Union Berlin,19,2,3132349,3132615,5.32,27.23729133605957,-3.7041618824005127,-2.2579667568206787,-11.150918960571289,30.42078961741303,6.360434265953931,5.7716097029905855,-2.894287793893508,False,0.002687766717348161,0.6903624104453856,0.6930501771627338,diagonal,-2.7480458949049056,0.2712179439708216,0.06495012464488413
Frankfurt_Union,0,21,Tim Skarke,1. FC Union Berlin,6,2,3133955,3134187,4.64,-3.4644713401794434,8.228323936462402,-38.82164001464844,11.997818946838379,35.55753744718693,9.05692292362098,7.674600728469931,3.0353819393455517,False,0.0022840306989102555,0.5697194929065409,0.5720035236054511,forward,3.028900570961193,0.18105012417314092,0.192574940566682
Frankfurt_Union,0,13,Andr Sch fer,1. FC Union Berlin,11,2,3133987,3134070,1.66,-30.5323429107666,-23.324628829956055,-32.85593795776367,-14.90015697479248,8.739039991948344,5.495016160337747,5.281852342081797,1.839920006166553,False,0.011371096484284915,0.48611474109762554,0.49748583758191045,diagonal,1.967060181465148,0.009246643761950779,0.0926939664310073
Frankfurt_Union,1,5,Aur Amenda,Eintracht Frankfurt,21,2,3134651,3134888,4.74,-30.827877044677734,-10.855705261230469,-6.122204780578613,-6.739275932312012,25.046261845653866,5.4605290734229435,5.287455525795253,0.1651020986878705,True,0.0019250511491406552,0.5858338880651541,0.5877589392142948,forward,0.14926397498702065,0.030623022839137346,0.1642521003455758
Frankfurt_Union,1,6,Oscar Winther H jlund,Eintracht Frankfurt,21,2,3134705,3134993,5.76,-32.59578323364258,10.028080940246582,-1.1043095588684082,13.036333084106445,31.634830411589565,5.939133182800421,5.493239871810257,0.09523694084582636,True,0.00012814284228956918,0.7610398547426276,0.7611679975849172,forward,0.13893384240085987,0.06340657382389502,0.12110072506714004
Frankfurt_Union,1,7,Ansgar Knauff,Eintracht Frankfurt,42,2,3135113,3135243,2.6,33.301475524902344,-17.567800521850586,49.71187210083008,-11.760066986083984,17.407782299928062,7.754482664256415,6.682082306618278,0.34015007379863094,True,0.006852956882785866,0.5182963436241302,0.5251493005069161,forward,0.2673035104888401,0.0014992787251595099,0.3088108595481686
Frankfurt_Union,1,6,Oscar Winther H jlund,Eintracht Frankfurt,42,2,3137362,3137428,1.32,5.571738243103027,2.1847000122070312,10.662271499633789,6.717552185058594,6.81617764269468,5.33452567037656,5.160606975214255,0.7275122914464172,True,0.003072115043673218,0.6158988476676794,0.6189709627113527,diagonal,0.8175045656658387,0.13903663452015794,0.1964824216447128
Frankfurt_Union,1,20,Ritsu D&amp;#333;an,Eintracht Frankfurt,30,2,3138914,3138981,1.34,18.840038299560547,-8.325757026672363,13.040019035339355,-11.997424125671387,6.86450018218434,5.269269926969765,5.130617620927164,-2.577229826151435,True,0.00021396728129419174,0.5543789874208231,0.5545929547021173,sideways,-2.5087315021743657,0.2966660324720324,0.03608263418584986
Frankfurt_Union,1,42,Can Uzun,Eintracht Frankfurt,5,2,3138968,3139058,1.8,16.620943069458008,24.167762756347656,17.17057228088379,14.901162147521973,9.282886356814945,5.271805852643519,5.15055007921981,-1.5115528074562468,True,0.011221590426725103,0.5048658416285726,0.5160874320552977,sideways,-1.4880483724258238,0.17454871625543092,0.21420937265300646
Frankfurt_Union,0,13,Andr Sch fer,1. FC Union Berlin,5,2,3139467,3139565,1.96,27.593217849731445,6.109752178192139,17.703739166259766,0.981952428817749,11.139843755660346,6.136898249107063,5.756232473610841,-2.663246445067181,False,0.006261729359373969,0.6107860248413921,0.6170477542007661,forward,-3.069172419076701,0.5295733232645721,0.0843918796340361
Frankfurt_Union,0,8,Rani Khedira,1. FC Union Berlin,13,2,3139757,3139999,4.84,21.9342041015625,-6.813313961029053,-10.426204681396484,-11.574118614196777,32.70873457573424,7.870721528410174,6.884057381701187,-2.995522290071368,False,0.013457119917742788,0.7800646143217801,0.7935217342395229,forward,-2.814446616103686,0.5945220537871663,0.07122137292145111
Frankfurt_Union,0,4,Diogo Monteiro Pinto Leite,1. FC Union Berlin,13,2,3139757,3139888,2.62,29.193370819091797,-8.748961448669434,13.987823486328125,-12.797776222229004,15.735360522069733,6.594066942536183,5.998332785891932,-2.8813585616927417,False,0.008156995786246402,0.621320664758649,0.6294776605448954,forward,-2.8025122079426272,0.48616542184138933,0.08857652679118726
Frankfurt_Union,0,11,Wooyeong Jeong,1. FC Union Berlin,13,2,3139772,3139960,3.76,22.602338790893555,-5.618595123291016,0.7829047441482544,-12.926295280456543,23.01065370012997,6.947514501010127,6.131135461787748,-2.8184174454902795,False,0.02314225675141668,0.7856781329593386,0.8088203897107553,diagonal,-2.548054458943618,0.43164502209032296,0.10793540134681362
Frankfurt_Union,0,23,Andrej Ili&amp;#263;,1. FC Union Berlin,13,2,3139804,3139859,1.1,11.30835247039795,3.1633334159851074,5.450766563415527,2.72224760055542,5.874169673600887,5.787011337079132,5.366948037062558,-3.0664328615348464,False,0.02045267192861222,0.5575730669845893,0.5780257389132015,forward,3.0014238310376444,0.6355549532967063,0.06136121422388124
Frankfurt_Union,1,4,Robin Koch,Eintracht Frankfurt,5,2,3144317,3144370,1.06,22.35891342163086,-2.401757001876831,18.002605438232422,-5.857080936431885,5.560277217812973,5.493154659544499,5.244718562468758,-2.471025856345649,True,0.04135872153684983,0.6681260926256392,0.709484814162489,sideways,-2.6388875130771763,0.06446274264733466,0.20992162094689296
Frankfurt_Union,1,9,Jonathan Burkardt,Eintracht Frankfurt,40,2,3144522,3144567,0.9,18.420541763305664,5.118009567260742,23.127599716186523,2.7407047748565674,5.273326525805775,6.350055348776087,5.803296789668856,-0.46768031849112557,True,0.020878332497094976,0.4800726632690135,0.5009509957661085,forward,-0.3440851328748078,0.3387196083462115,0.1279953704514416
Frankfurt_Union,1,20,Ritsu D&amp;#333;an,Eintracht Frankfurt,40,2,3144524,3144654,2.6,18.001081466674805,-26.508670806884766,24.10414695739746,-12.337985038757324,15.429055172727182,6.568256878433238,6.0614388217330815,1.1641224657326137,True,0.009326947012480713,0.5987547159805429,0.6080816629930236,diagonal,0.7632179762481988,0.11865487415431021,0.23788288077260084
Frankfurt_Union,1,3,Arthur Theate,Eintracht Frankfurt,40,2,3144529,3144581,1.04,20.483600616455078,-4.644828796386719,26.076210021972656,-4.966876029968262,5.601874184890375,5.649176085751399,5.375384167616412,-0.05752090854763888,True,0.02552319419997562,0.49866104172927506,0.5241842359292507,forward,0.033661135585313105,0.5335261371381574,0.12461461193073063
Frankfurt_Union,1,30,Michy Batshuayi-Atunga,Eintracht Frankfurt,40,2,3144551,3144685,2.68,19.774137496948242,-0.3968999981880188,36.913944244384766,-3.7153713703155518,17.458099197424115,7.362782882557191,6.524380891600136,-0.1912457246629173,True,0.0256200319127457,0.46478754859509175,0.49040758050783745,forward,-0.06527654011070401,0.40464963385602265,0.09691352993914587
Frankfurt_Union,1,6,Oscar Winther H jlund,Eintracht Frankfurt,40,2,3144577,3144669,1.84,1.0999523401260376,-4.905252456665039,10.925142288208008,-5.162714004516602,9.82856266015093,5.6648235857451095,5.3399723274316155,-0.026198235740478863,True,0.000484971200257478,0.4139453237649271,0.4144302949651846,forward,-0.1046955569254082,0.16196136081070425,0.08523089204896263
Frankfurt_Union,0,11,Wooyeong Jeong,1. FC Union Berlin,19,2,3146158,3146253,1.9,9.66616153717041,-3.0272715091705322,-1.6094428300857544,-7.04385232925415,11.969635555485802,7.176147860366452,6.304165013467974,-2.799388591797213,False,0.0034962054673444154,0.4968290941496468,0.5003252996169912,forward,-2.8082267868509376,0.6326043557437916,0.06363874308064887
Frankfurt_Union,0,13,Andr Sch fer,1. FC Union Berlin,19,2,3146184,3146236,1.04,12.621695518493652,-10.33938980102539,7.224228382110596,-12.655123710632324,5.873267832173034,6.169902907456092,5.643983710312337,-2.7363043511711114,False,-0.0006724042144897746,0.49012583836915274,0.48945343415466297,diagonal,-2.5405867402838416,0.5024269798211581,0.036809641281003724
Frankfurt_Union,1,7,Ansgar Knauff,Eintracht Frankfurt,4,2,3146359,3146506,2.94,20.8426570892334,-22.42355728149414,34.63705825805664,-14.87305736541748,15.725633614869249,6.046016795220116,5.563047677761008,0.5008138846131438,True,0.02450058450071646,0.5813828740488989,0.6058834585496153,forward,-0.11143887177275968,0.07388070846452631,0.26150294693175236
Frankfurt_Union,1,20,Ritsu D&amp;#333;an,Eintracht Frankfurt,4,2,3146359,3146491,2.64,13.741657257080078,-7.400261878967285,26.96879005432129,-2.506514310836792,14.103397012650435,5.585251281999896,5.386885336427331,0.3543605302186364,True,0.02254886535201439,0.4049747607880629,0.4275236261400773,forward,0.17903016423707024,0.44035252220143056,0.1421155289498223
Frankfurt_Union,1,20,Ritsu D&amp;#333;an,Eintracht Frankfurt,40,2,3147488,3147557,1.38,28.254409790039062,-27.386871337890625,22.328161239624023,-31.412166595458984,7.1640368363024685,5.386138858751779,5.210178165519636,-2.544941624045672,True,0.032878644683160485,0.617969317127594,0.6508479618107544,sideways,-2.294535463638244,0.16096150548799726,0.10995402652703942
Frankfurt_Union,1,30,Michy Batshuayi-Atunga,Eintracht Frankfurt,5,2,3147714,3147762,0.96,36.64633560180664,-4.914733409881592,39.30759048461914,-0.23497143387794495,5.38353505638655,6.003881470445998,5.578456331511275,1.053729858179521,True,0.013969387387005261,0.33405288907149855,0.3480222764585038,diagonal,1.0013378207829358,0.17891979344694545,0.12903883323914658
Frankfurt_Union,1,9,Jonathan Burkardt,Eintracht Frankfurt,21,2,3149659,3149720,1.22,40.538639068603516,1.0650523900985718,46.79134750366211,4.669271469116211,7.217115624916068,6.518505951816529,5.943365932414066,0.5229047400641725,True,0.008526577229634902,0.34239372014110264,0.35092029737073754,forward,0.30062443952944323,0.08462863161698282,0.1500117292811545
Frankfurt_Union,0,11,Wooyeong Jeong,1. FC Union Berlin,8,2,3151960,3152197,4.74,24.981847763061523,1.3153761625289917,-8.395309448242188,0.9969714283943176,33.37867590367843,8.618340555635408,7.081675888932265,-3.132053342798646,False,0.002099748285597336,0.5100769349096577,0.512176683195255,forward,3.0999767413618566,0.3934039180731626,0.11678465070735888
Frankfurt_Union,0,6,Aljoscha Kemlein,1. FC Union Berlin,23,2,3152041,3152163,2.44,24.209819793701172,11.91905689239502,10.089656829833984,12.046557426452637,14.120738596559018,6.543599497836452,5.885961021648937,3.13256322033911,False,0.004752809391123436,0.5679348530546677,0.5726876624457912,forward,2.9571742584152427,0.4774943383761011,0.034344558124854256
Frankfurt_Union,0,13,Andr Sch fer,1. FC Union Berlin,23,2,3152073,3152138,1.3,25.83534812927246,0.37520477175712585,19.447500228881836,-1.4360570907592773,6.639673962863787,5.23830167555461,5.108343233720063,-2.8652968780213013,False,-4.079465885842293e-05,0.5199017090781276,0.5198609144192692,forward,-2.8691859389619565,0.23909547927554425,0.035579472411505324
Frankfurt_Union,1,21,Nathaniel Brown,Eintracht Frankfurt,3,2,3153842,3153945,2.06,14.865214347839355,21.324623107910156,25.45541000366211,23.41374397277832,10.794288768447629,5.613698450582094,5.354809673395708,0.1947685478874562,True,0.015811247202322076,0.5758769219118289,0.591688169114151,forward,-0.1863006829087371,0.47056125377563185,0.12465840726868703
Union_Bayern,0,9,Harry Kane,FC Bayern München,14,1,2790632,2790716,1.68,-5.137866973876953,18.439075469970703,-13.910438537597656,18.470861434936523,8.77262914913026,5.60843569704141,5.212381004117648,3.137969334516844,False,0.035355179815209525,0.665098716195706,0.7004538960109156,forward,3.127655730174487,0.3183971533515336,0.27202691363172365
Union_Bayern,0,7,Serge Gnabry,FC Bayern München,14,1,2790637,2790769,2.64,-3.5614380836486816,11.503947257995605,-18.21489906311035,14.167505264282227,14.89357109391362,6.1821626671300525,5.645226176783015,2.9617858996222157,False,0.023138088682313707,0.5437873475358744,0.5669254362181881,forward,3.139338522499433,0.38712726689686405,0.2440691810114111
Union_Bayern,0,7,Serge Gnabry,FC Bayern München,1,1,2790811,2790868,1.14,-22.043724060058594,15.63774299621582,-27.057252883911133,18.796390533447266,5.9255822947671986,5.551041189272138,5.236645056068074,2.579388150195676,False,0.03386728155040841,0.4880572378934297,0.5219245194438381,forward,2.7753208350401177,0.19174086404484225,0.2801361869549886
Union_Bayern,0,14,Luis Díaz Marulanda,FC Bayern München,6,1,2791106,2791281,3.5,-29.892486572265625,3.4947714805603027,-25.42923355102539,-15.76858139038086,19.773653970928265,6.287536196205044,5.655332954563902,-1.3431171949854852,False,0.020372723576515428,0.3873901052320334,0.4077628288085488,sideways,-1.478090193597927,0.21050779813355797,0.07086680436635769
Union_Bayern,0,7,Serge Gnabry,FC Bayern München,2,1,2791710,2791810,2.0,-11.899271011352539,17.18295669555664,-1.417023777961731,14.262295722961426,10.881533328477659,6.351009280298038,5.629060027248701,-0.27173718061472996,False,0.0027785878418625787,0.41632587623100714,0.4191044640728697,sideways,-0.5783316624573345,0.3909859062113487,0.05281547644103659
Union_Bayern,0,6,Joshua Kimmich,FC Bayern München,2,1,2791736,2791788,1.04,3.503700017929077,18.91230583190918,6.907861709594727,14.695233345031738,5.419595665968322,5.3896366674754175,5.208599133396454,-0.8916603212224711,False,0.0004127714701960272,0.5907124032830489,0.5911251747532449,sideways,-0.7883626894141141,0.40535692622765,0.031188979606913306
Union_Bayern,0,9,Harry Kane,FC Bayern München,2,1,2791737,2791926,3.78,-12.943262100219727,10.604033470153809,6.027914047241211,5.1294474601745605,19.745293525259413,5.5585478239510895,5.225908819446547,-0.28094143811319633,False,0.006002623781419247,0.5494582731158265,0.5554608968972458,sideways,-0.22658841649465886,0.376401681219401,0.042945716991577385
Union_Bayern,0,27,Konrad Laimer,FC Bayern München,2,1,2791737,2791980,4.86,-1.9463857412338257,27.191123962402344,27.081018447875977,15.093605041503906,31.447418940184026,7.5353603157121585,6.485291637419516,-0.39487234467389254,False,0.007738902581453488,0.649626959535027,0.6573658621164805,sideways,-0.41747144842611783,0.12221578625453673,0.05183746264554257
Union_Bayern,0,8,Leon Goretzka,FC Bayern München,2,1,2791738,2792003,5.3,-7.725376129150391,4.753128528594971,23.349933624267578,4.730685710906982,31.075317857601068,6.7529728808142755,5.887229807532022,-0.000722207243118041,False,0.009412117179464996,0.6822545171299393,0.6916666343094043,sideways,0.2642812041019852,0.4299582791974947,0.0689498660077184
Union_Bayern,0,17,Michael Olise,FC Bayern München,2,1,2791743,2791979,4.72,0.16570475697517395,31.686452865600586,30.26421356201172,30.000404357910156,30.14569607518041,7.844210127160176,6.953119227235554,-0.055959191737831364,False,0.0017441038097871786,0.7298418275624287,0.7315859313722158,sideways,-0.5273774338966231,0.0998574575122118,0.061317315010374435
Union_Bayern,1,7,Oliver Burke,1. FC Union Berlin,6,1,2791756,2791933,3.54,6.125423908233643,23.457246780395508,29.21550941467285,33.31865310668945,25.107755443825404,8.340886741712293,7.165090279058951,0.40363449821664804,True,0.0017814233505532573,0.4234172352520316,0.4251986586025849,forward,0.18730420561457414,0.190631210418655,0.18104853064150353
Union_Bayern,1,19,Janik Haberer,1. FC Union Berlin,6,1,2791760,2792017,5.14,-16.52760124206543,-11.313642501831055,13.609366416931152,-8.216614723205566,30.29568287299337,6.407380801406281,5.889155379976939,0.10240559559385555,True,0.00036419650982888463,0.5909876128877577,0.5913518093975866,forward,0.041695354708857935,0.1527640776819939,0.12166671011556614
Union_Bayern,1,15,Tom Rothe,1. FC Union Berlin,6,1,2791829,2792061,4.64,-5.223819255828857,24.73141860961914,22.596485137939453,31.932231903076172,28.737102300843624,6.980974261147259,6.2033065564300545,0.25327465723460574,True,0.0014278202816468966,0.7189222025119288,0.7203500227935757,forward,0.17580403669645553,0.03885059510554383,0.05965978401535335
Union_Bayern,1,15,Tom Rothe,1. FC Union Berlin,19,1,2796268,2796518,5.0,27.162532806396484,-3.5107858180999756,2.6878857612609863,8.426837921142578,27.230776862287406,5.886834255562672,5.487752379917241,2.6877891987326556,True,0.006469299906221637,0.3992676003368012,0.40573690024302284,sideways,2.682293156988413,0.18640017341804063,0.04201956697996829
Union_Bayern,1,7,Oliver Burke,1. FC Union Berlin,6,1,2796400,2796461,1.22,6.7348952293396,-25.292909622192383,1.4222190380096436,-29.488306045532227,6.7694814766639935,5.901349360058461,5.5366637552635956,-2.473166608602725,True,0.0002022258422903489,0.5890207802452196,0.58922300608751,sideways,-2.417659023401562,0.0609376115064813,0.05465930720086023
Union_Bayern,1,6,Aljoscha Kemlein,1. FC Union Berlin,1,1,2796551,2796615,1.28,-22.322980880737305,-5.5819902420043945,-16.462366104125977,-8.946852684020996,6.757892039203421,5.652278582392096,5.301866535355911,-0.5211940244055152,True,0.005550342742149494,0.8031946149202501,0.8087449576623996,diagonal,-0.7561507855983519,0.11246368200259144,0.1294865423217573
Union_Bayern,1,7,Oliver Burke,1. FC Union Berlin,1,1,2796553,2796639,1.72,1.5140047073364258,-31.592552185058594,10.814704895019531,-28.274438858032227,9.874862025980846,6.62458349848068,5.842988246421606,0.3426839252124751,True,9.574889098118433e-05,0.4876443362536942,0.4877400851446754,forward,0.0760510713237818,0.18773705626772338,0.2878234923459726
Union_Bayern,1,13,András Schäfer,1. FC Union Berlin,1,1,2796623,2796749,2.52,-2.5161190032958984,-12.283618927001953,1.4793000221252441,-25.489185333251953,13.796751693734862,6.213975831396985,5.630091962600979,-1.27699653095171,True,0.03967255298006067,0.6937913566507335,0.7334639096307942,sideways,-1.6069077483778378,0.22437109454863935,0.12418678512088845
Union_Bayern,0,2,Dayotchanculle Upamecano,FC Bayern München,1,1,2797221,2797286,1.3,32.69166564941406,0.22846665978431702,35.18170928955078,6.738914489746094,6.970383653461216,5.759744404697608,5.3382422030464305,1.2054937364222376,False,-0.001292799847543824,0.6482147338356845,0.6469219339881407,sideways,1.1958209457985955,0.5021931629215246,0.04118131791343455
Union_Bayern,0,44,Josip Stani&amp;#353;i&amp;#263;,FC Bayern München,1,1,2797816,2797889,1.46,14.36663818359375,-27.879467010498047,8.832290649414062,-22.40703773498535,7.783089669570124,5.7886340083565955,5.32544968966166,2.361819897756921,False,0.010268045124802783,0.4788197599667601,0.48908780509156285,diagonal,2.520356011025909,0.08135735361481672,0.3483074583037182
Union_Bayern,0,9,Harry Kane,FC Bayern München,2,1,2798657,2798736,1.58,-7.231109619140625,-8.331490516662598,-12.600252151489258,-2.0077857971191406,8.29559720048239,5.425648016788383,5.234430455426183,2.2747387040598457,False,0.012867823451231497,0.5589369448124605,0.571804768263692,diagonal,2.288464395110764,0.18955601668568295,0.08031275788570635
Union_Bayern,0,27,Konrad Laimer,FC Bayern München,6,1,2799636,2799714,1.56,-2.031947612762451,26.196361541748047,-9.90472412109375,29.129899978637695,8.401562813598558,5.7302221968128695,5.395000405875594,2.784911923447429,False,0.001827802654098487,0.4881754481861914,0.4900032508402899,diagonal,2.6475150432105954,0.3874508166828315,0.08603192859353241
Union_Bayern,1,7,Oliver Burke,1. FC Union Berlin,19,1,2802015,2802201,3.72,-7.615118980407715,-24.818851470947266,15.566437721252441,-12.766966819763184,26.127236646031502,8.19305341798263,7.027608686258718,0.4794335548404587,True,0.025033648235736172,0.5509918590052768,0.576025507241013,forward,0.13859145709515705,0.3944572999099778,0.10145379166620029
Union_Bayern,1,6,Aljoscha Kemlein,1. FC Union Berlin,19,1,2802025,2802131,2.12,-12.511895179748535,-16.512557983398438,0.7440095543861389,-13.800932884216309,13.53040727395035,7.432499319461161,6.394294935783057,0.20177610480441377,True,0.013558784788185174,0.555992125591074,0.5695509103792592,forward,-0.11774061041363046,0.17847322118731268,0.05734300508843051
Union_Bayern,1,15,Tom Rothe,1. FC Union Berlin,19,1,2802038,2802236,3.96,-22.320432662963867,6.442656993865967,2.1696906089782715,11.237605094909668,24.955113006488762,7.2694467084445336,6.303999328267529,0.19334528155010589,True,0.006224340380702631,0.5655477094371307,0.5717720498178334,forward,0.2605221216056025,0.008367842161510416,0.13326023399073358
Union_Bayern,1,10,Ilyas Ansah,1. FC Union Berlin,19,1,2802046,2802213,3.34,-9.647823333740234,1.402828574180603,8.955742835998535,6.507476329803467,19.291192367006097,6.729035100774532,6.050854176987904,0.26779977191870996,True,0.010991754419770183,0.6036736514117145,0.6146654058314847,forward,0.00905520452763687,0.07324716319278413,0.0993694587903169
Union_Bayern,1,4,Diogo Monteiro Pinto Leite,1. FC Union Berlin,5,1,2802661,2802718,1.14,-27.353296279907227,4.848176002502441,-32.82337188720703,7.512918949127197,6.084618486081335,5.559178235664548,5.313181016781834,2.688278436994621,True,-2.2077390008479192e-05,0.5408992455106875,0.540877168120679,sideways,2.7545816119942983,0.44681426386579237,0.025079393219168303
Union_Bayern,1,6,Aljoscha Kemlein,1. FC Union Berlin,1,1,2802848,2802953,2.1,-8.079204559326172,-13.146442413330078,0.025200000032782555,-23.0247859954834,12.777442826670285,6.654080057948791,6.0658051626055425,-0.8837267505559178,True,0.0016994074391905034,0.4680171634163935,0.469716570855584,diagonal,-0.8872302369082781,0.29801764101578604,0.054484089137118934
Union_Bayern,1,4,Diogo Monteiro Pinto Leite,1. FC Union Berlin,19,1,2803927,2804016,1.78,-17.102848052978516,-10.838913917541504,-24.60161018371582,-4.79047155380249,9.634058777112203,5.824974712695447,5.420547078920284,2.462845038180116,True,0.0001240163786798698,0.6447455978031001,0.64486961418178,sideways,2.4744433086446684,0.54767493546067,0.008925498451812721
Union_Bayern,1,15,Tom Rothe,1. FC Union Berlin,5,1,2803972,2804101,2.58,-5.866109371185303,4.890161991119385,-11.798829078674316,17.157285690307617,13.62642605303438,5.60538994327578,5.279308168678638,2.0212604439489907,True,-0.001271909060348464,0.5156247763229336,0.5143528672625851,sideways,2.1831558633487127,0.2314224770401253,0.02550668633668189
Union_Bayern,1,8,Rani Khedira,1. FC Union Berlin,14,1,2804357,2804423,1.32,3.9792048931121826,8.076910018920898,10.879647254943848,10.490095138549805,7.310237151458176,5.969972198110886,5.54688602880428,0.3364205014481217,True,0.001885426851970906,0.4795376357618863,0.4814230626138572,diagonal,0.5015169176248885,0.2606883388722838,0.08377473026161249
Union_Bayern,1,10,Ilyas Ansah,1. FC Union Berlin,15,1,2804391,2804491,2.0,13.072166442871094,17.983362197875977,16.23509979248047,28.8524227142334,11.3199215493002,6.345732769684006,5.670860967522227,1.2876136113454488,True,-0.00013504284578080838,0.44756944603111415,0.44743440318533334,sideways,1.4634767142536738,0.4010333963137955,0.041287346103435395
Union_Bayern,1,8,Rani Khedira,1. FC Union Berlin,14,1,2805551,2805656,2.1,5.720333099365234,16.48757553100586,16.17578125,24.899913787841797,13.419531697419156,7.53351407986305,6.386031065165413,0.6775328375818389,True,0.005923985221169548,0.5086102498522275,0.514534235073397,diagonal,0.6557979176837759,0.323884383559337,0.08837435754341513
Union_Bayern,0,17,Michael Olise,FC Bayern München,4,1,2806474,2806587,2.26,-15.019695281982422,22.4415340423584,-27.534685134887695,26.29761505126953,13.095584437725835,6.248451457582552,5.814640129978402,2.8427058148952646,False,0.02672260268240456,0.566156557875351,0.5928791605577556,diagonal,2.5371219339559756,0.028927738366137754,0.28836589510162586
Union_Bayern,1,8,Rani Khedira,1. FC Union Berlin,4,1,2806786,2806851,1.3,-11.262547492980957,14.06861400604248,-4.538704872131348,15.07165241241455,6.798245776272815,5.532880995151969,5.303676355799866,0.1480843402224261,True,0.004695054662885001,0.38792247372976346,0.39261752839264846,diagonal,0.4636130835624896,0.3158279815714752,0.19730071719028724
Union_Bayern,1,7,Oliver Burke,1. FC Union Berlin,13,1,2807040,2807149,2.18,-6.432137966156006,-1.7181380987167358,1.478690505027771,-11.044576644897461,12.229622359507978,5.996886394533511,5.644263366991799,-0.867339248258886,True,0.022767954793897593,0.40975708815260664,0.43252504294650423,diagonal,-1.1661257898708572,0.3915678800023999,0.10945234941377092
Union_Bayern,1,6,Aljoscha Kemlein,1. FC Union Berlin,13,1,2807101,2807212,2.22,-8.484552383422852,1.0760095119476318,-4.276295185089111,-10.076628684997559,11.920183194871152,6.366683975570507,5.542831065419482,-1.2099819537075613,True,0.02012131140987128,0.6306137550567192,0.6507350664665905,diagonal,-0.7018547798297031,0.18518431329674004,0.11898785460219678
Union_Bayern,1,7,Oliver Burke,1. FC Union Berlin,5,1,2807337,2807388,1.02,0.2989142835140228,-24.520919799804688,6.320633411407471,-25.565105438232422,6.1115812113344745,6.601851671354085,5.986062004139677,-0.17169594024715065,True,0.008639572592145539,0.49037483780411,0.49901441039625555,diagonal,-0.44219716610321896,0.13481421521431083,0.322201809047126
Union_Bayern,1,13,András Schäfer,1. FC Union Berlin,19,1,2807546,2807667,2.42,-3.853600025177002,-24.94797134399414,10.871471405029297,-27.117904663085938,14.884096856510391,7.133716480240083,6.191881099204337,-0.146310156185212,True,0.01727084221863956,0.49227036557515996,0.5095412077937995,forward,-0.3492402867148356,0.3295254890780344,0.09170505229394753
Union_Bayern,1,10,Ilyas Ansah,1. FC Union Berlin,19,1,2807641,2807779,2.76,10.013242721557617,8.307052612304688,25.66791343688965,1.35102379322052,17.130529826523283,7.498301583440306,6.195368962785846,-0.41813883990092077,True,0.0018349595440227406,0.462600640870501,0.46443560041452375,diagonal,-0.5560039426588902,0.0996297142156906,0.11185169853972105
Union_Bayern,0,44,Josip Stani&amp;#353;i&amp;#263;,FC Bayern München,4,1,2808257,2808374,2.34,15.857757568359375,-31.03170394897461,3.134547472000122,-32.65747833251953,12.826660418919996,5.9479277155002785,5.5032654162892065,-3.014501170467256,False,0.05694173139422409,0.5243755494866792,0.5813172808809033,forward,3.0016511037840288,0.2415141366985968,0.1733506081386804
Union_Bayern,0,27,Konrad Laimer,FC Bayern München,6,1,2810142,2810237,1.9,-3.122185707092285,13.522504806518555,-15.232304573059082,13.197400093078613,12.114481913088392,7.3899451392227276,6.372692749737259,-3.114753392087396,False,0.020197737103056668,0.4295157720494424,0.4497135091524991,forward,-2.8839376564931896,0.2573866187806689,0.24863179672605973
Union_Bayern,0,44,Josip Stani&amp;#353;i&amp;#263;,FC Bayern München,6,1,2810570,2810654,1.68,9.464938163757324,3.7185192108154297,8.731947898864746,12.349190711975098,8.661741469782909,5.710894014610886,5.238299225130417,1.6555215460171633,False,0.007923360162926163,0.4344675037161253,0.44239086387905147,sideways,1.1589314631527583,0.553587377033335,0.06125646312054812
Union_Bayern,0,17,Michael Olise,FC Bayern München,44,1,2810714,2810778,1.28,-2.76153826713562,29.539199829101562,-0.19313809275627136,22.795429229736328,7.216309399728839,6.083846952794891,5.621180486787659,-1.2069022283956983,False,0.009369448721497142,0.5380155041005986,0.5473849528220958,sideways,-1.3055458543763707,0.5089759737413492,0.15955137866169358
Union_Bayern,1,19,Janik Haberer,1. FC Union Berlin,6,1,2810837,2811130,5.86,0.5473856925964355,-15.612180709838867,40.88126754760742,-13.062042236328125,40.414418611778444,8.509467436373482,6.944326210216018,0.0631416672934846,True,-0.00037739131303604623,0.4944966223569436,0.49411923104390754,forward,0.008332594814844068,0.17337996052694882,0.15413573276177447
Union_Bayern,1,8,Rani Khedira,1. FC Union Berlin,6,1,2810863,2810934,1.42,18.266809463500977,13.559333801269531,24.082656860351562,8.803438186645508,7.512830627709755,5.461657945671236,5.27552270611584,-0.6854693920527318,True,0.012427204554527727,0.44254709690711364,0.45497430146164136,diagonal,-0.7664880361104851,0.30162106917046905,0.14716189028219354
Union_Bayern,1,7,Oliver Burke,1. FC Union Berlin,6,1,2810945,2811012,1.34,28.2582950592041,1.1054714918136597,32.74483108520508,-4.490838050842285,7.17270423270238,5.879393188910376,5.37545997709196,-0.8950224142514794,True,0.020357155274968508,0.4033965016057822,0.42375365688075073,diagonal,-0.5489784736690506,0.370238144958757,0.10194391188179285
Union_Bayern,1,10,Ilyas Ansah,1. FC Union Berlin,6,1,2811019,2811147,2.56,28.575300216674805,17.842742919921875,40.10902404785156,9.28702449798584,14.360609427503775,6.0956918668111735,5.605448935673415,-0.6382325363441247,True,0.005897693684736249,0.6563472139287008,0.662244907613437,diagonal,-0.5268008200492998,0.03552950883714823,0.08965444412321016
Union_Bayern,1,5,Danilho Doekhi,1. FC Union Berlin,6,1,2811021,2811092,1.42,5.553333282470703,-7.540342807769775,12.599575996398926,-9.375657081604004,7.281340183463908,5.376752467122741,5.133714699323307,-0.2548055146659316,True,0.008712138661288837,0.5113704125079344,0.5200825511692232,forward,-0.20437980687443694,0.09642552399537029,0.0992802127647491
Union_Bayern,1,15,Tom Rothe,1. FC Union Berlin,6,1,2811038,2811117,1.58,9.873456954956055,18.780067443847656,17.80021858215332,16.469499588012695,8.256650271800593,5.345580095847525,5.219006241999131,-0.2836308330642157,True,0.0043110874902451135,0.7618822985349668,0.7661933860252119,forward,-0.24726105329067696,0.0018329831894075713,0.13321800684278837
Union_Bayern,1,8,Rani Khedira,1. FC Union Berlin,19,1,2811060,2811183,2.46,33.69263458251953,4.536195278167725,48.31734848022461,1.7070189714431763,14.895854965870862,6.715039699904802,6.04337761916412,-0.19109129769944241,True,0.034065945845998646,0.5272222424145208,0.5612881882605194,forward,-0.3093561731085907,0.1941355535173046,0.0944388084603085
Union_Bayern,0,44,Josip Stani&amp;#353;i&amp;#263;,FC Bayern München,14,1,2813120,2813230,2.2,29.089990615844727,4.685538291931152,17.052318572998047,6.518266677856445,12.176388690728828,5.982265510788708,5.527343008781224,2.9905035297730933,False,0.00011590023100060964,0.7376519180818508,0.7377678183128514,forward,3.0426941869173145,0.06141264793018544,0.1192309245113078
Union_Bayern,0,7,Serge Gnabry,FC Bayern München,14,1,2813143,2813245,2.04,29.049318313598633,3.8332855701446533,18.260337829589844,4.095618724822998,10.792169317072727,5.511892912531394,5.293887687443876,3.1172825276280456,False,-0.00034854072288070803,0.7159762544170656,0.7156277136941849,forward,3.0732109128303984,0.13011175759125762,0.11955834255339375
Union_Bayern,1,19,Janik Haberer,1. FC Union Berlin,14,1,2813178,2813235,1.14,15.132800102233887,-25.310070037841797,9.842704772949219,-22.483657836914062,5.99780914355172,5.437313529758878,5.2656494919929955,2.6508956416911404,True,0.0050578218811365705,0.7834959271948099,0.7885537490759464,sideways,2.8066631274119733,0.13827593660890328,0.028724299878028534
Union_Bayern,1,7,Oliver Burke,1. FC Union Berlin,4,1,2813348,2813520,3.44,16.71242332458496,-28.67563819885254,33.12272262573242,-17.719219207763672,19.731726743028183,6.476348199116423,5.870715703689739,0.588686547998598,True,0.01578149405829754,0.6280603476669956,0.6438418417252931,diagonal,0.8216757198425269,0.2799147515830189,0.18158587617403807
Union_Bayern,1,15,Tom Rothe,1. FC Union Berlin,4,1,2813389,2813718,6.58,9.733647346496582,-10.677437782287598,40.334468841552734,11.96562385559082,38.067289324419356,6.488205816508492,5.845787210683114,0.6370376777420345,True,0.029678277426944788,0.45148959824673923,0.481167875673684,diagonal,0.7866301682860164,0.35862845354902345,0.140313154841545
Union_Bayern,1,10,Ilyas Ansah,1. FC Union Berlin,7,1,2813468,2813684,4.32,26.079591751098633,10.246480941772461,50.9315185546875,16.114547729492188,25.535318162812814,8.656396015262112,7.133906272287121,0.23187421730183838,True,0.0034028765236259195,0.3913661405489063,0.3947690170725322,diagonal,-0.4756138223864979,0.07315660495495271,0.06475901268566434
Union_Bayern,1,5,Danilho Doekhi,1. FC Union Berlin,7,1,2813471,2813630,3.18,23.802152633666992,-15.796809196472168,39.33695602416992,-7.534666538238525,17.595258386468366,6.2701523486710355,5.563990722659552,0.4887996369280875,True,0.00539795243729968,0.4417464706996993,0.447144423136999,forward,0.18155638021779186,0.14196180863867428,0.0808068001725795
Union_Bayern,1,8,Rani Khedira,1. FC Union Berlin,7,1,2813487,2813635,2.96,24.363752365112305,-6.805195331573486,38.814453125,2.2775142192840576,17.06805100874314,6.262317460879712,5.826956922163269,0.56113424192477,True,0.009244002241332594,0.4201694533408295,0.4294134555821621,forward,0.286935225227493,0.21714171008920777,0.07850520706590881
Union_Bayern,1,4,Diogo Monteiro Pinto Leite,1. FC Union Berlin,10,1,2813632,2813703,1.42,24.846080780029297,4.357337951660156,28.59770393371582,10.961699485778809,7.595542611336131,5.540387190602524,5.351821852489291,1.054199058232162,True,0.006993174177677419,0.6118270619732756,0.618820236150953,sideways,1.19768164377187,0.03324404197688363,0.0698914410307864
Union_Bayern,0,7,Serge Gnabry,FC Bayern München,6,1,2821428,2821501,1.46,7.622390270233154,4.585781097412109,1.5715476274490356,10.206685066223145,8.258768559193939,6.000618846899927,5.652096342155945,2.393013690273615,False,0.04475025206430605,0.6242902445155522,0.6690404965798582,diagonal,2.2661131451401175,0.212720072029433,0.2442970276743865
Union_Bayern,0,9,Harry Kane,FC Bayern München,2,1,2821714,2821843,2.58,8.953157424926758,-9.512619018554688,22.95953369140625,-15.343042373657227,15.171434098921734,6.869133567659793,6.014532873130086,-0.3944524210638472,False,0.00031033186844420246,0.5105155141612624,0.5108258460297066,sideways,-0.5725364775845134,0.14523539015232786,0.02008496385496738
Union_Bayern,0,14,Luis Díaz Marulanda,FC Bayern München,4,1,2821789,2821860,1.42,1.8456714153289795,-33.01729965209961,9.938532829284668,-33.16848373413086,8.094273438187797,6.1762139173486466,5.713729763565983,-0.018678992625856195,False,-6.338292484753261e-05,0.5472871647816147,0.5472237818567671,sideways,-0.2553267212171691,0.14149454408791745,0.13344323572900016
Union_Bayern,0,44,Josip Stani&amp;#353;i&amp;#263;,FC Bayern München,4,1,2821791,2821852,1.22,3.522881031036377,-19.938161849975586,0.7023952603340149,-13.628148078918457,6.911686753149705,6.062994599751673,5.7465197089959,1.991140712987478,False,0.002608586033556848,0.44233746244806543,0.4449460484816223,sideways,1.655351056325325,0.28157841366658576,0.2762892225122979
Union_Bayern,1,6,Aljoscha Kemlein,1. FC Union Berlin,5,1,2822211,2822386,3.5,13.328143119812012,-30.791738510131836,32.07696533203125,-23.64560890197754,20.064533453881875,6.437393947397909,5.823043242070356,0.36415226558036917,True,0.00750091699024269,0.5705580877205325,0.5780590047107752,forward,0.22214186942219974,0.2790467009257809,0.15469014048551055
Union_Bayern,1,7,Oliver Burke,1. FC Union Berlin,5,1,2822220,2822374,3.08,14.986437797546387,-22.963638305664062,36.27454376220703,-24.334070205688477,21.332171458977744,8.215414703125024,7.025993258975886,-0.06428676559245398,True,0.0007993636694053619,0.5152881669816263,0.5160875306510316,diagonal,-0.6118547233872647,0.31410873126048505,0.17452988247980006
Union_Bayern,1,15,Tom Rothe,1. FC Union Berlin,5,1,2822227,2822431,4.08,-0.11934761703014374,6.073609352111816,24.66533851623535,7.577261924743652,24.830256498547598,7.038258310015017,6.082853596024675,0.06059434468023471,True,0.0015562149546862747,0.5898453650510996,0.5914015800057859,forward,0.27954185469706305,0.1326983368314617,0.19479461708233484
Union_Bayern,1,13,András Schäfer,1. FC Union Berlin,5,1,2822261,2822527,5.32,10.867152214050293,-28.82638168334961,38.63202667236328,-27.79828643798828,27.78390241703666,5.754442516242719,5.429561125012634,0.03701171970508492,True,0.0007299352928056835,0.41707785028725486,0.41780778558006054,diagonal,0.47470327916016525,0.372089002532134,0.07384740780895516
Union_Bayern,1,10,Ilyas Ansah,1. FC Union Berlin,5,1,2822263,2822434,3.42,12.766327857971191,-1.3853809833526611,34.59431838989258,-4.284243106842041,22.019640602713093,8.117342841449906,6.523911567096345,-0.13203220437049154,True,0.006187556896405266,0.5215340331582445,0.5277215900546498,forward,0.3379491882035166,0.13290234740491547,0.11179519036424233
Union_Bayern,1,8,Rani Khedira,1. FC Union Berlin,5,1,2822286,2822376,1.8,13.589629173278809,-11.056123733520508,23.276071548461914,-7.44090461730957,10.339099339205514,6.196697249756444,5.719213978276323,0.35721329591049256,True,0.025450736978924082,0.5919274330818217,0.6173781700607458,forward,0.3251942054409881,0.15826228075788,0.07262316575586511
Union_Bayern,0,7,Serge Gnabry,FC Bayern München,1,1,2823680,2823986,6.12,36.29951477050781,-27.251508712768555,8.460614204406738,-2.9732096195220947,36.93832957228026,7.695517164429965,6.757891607184256,2.424407618539579,False,0.00430145436974716,0.5400846551970903,0.5443861095668374,diagonal,2.0089939181813503,0.1647185917499311,0.16713906240152496
Union_Bayern,1,7,Oliver Burke,1. FC Union Berlin,8,1,2824395,2824572,3.54,20.967424392700195,-22.560110092163086,45.38784408569336,-33.6558952331543,26.823000314598843,9.08175849176557,7.566562489925929,-0.4264779671039476,True,-0.0008459488733921772,0.42980955915221614,0.42896361027882396,forward,-0.2683635416235715,0.4146603829737204,0.043385758536554596
Union_Bayern,1,4,Diogo Monteiro Pinto Leite,1. FC Union Berlin,8,1,2825874,2826026,3.04,6.5423712730407715,-5.050685405731201,8.886238098144531,12.691047668457031,17.89588791229892,6.745114212201618,5.932955068922914,1.4394465932970262,True,0.00820421234339963,0.5110676078780926,0.5192718202214922,diagonal,1.0364845565018306,0.17655547260929041,0.10336596123031506
Union_Bayern,0,27,Konrad Laimer,FC Bayern München,17,1,2826266,2826330,1.28,25.260194778442383,19.934118270874023,31.953676223754883,23.189746856689453,7.4432393047329395,6.383804275135266,5.862500090124116,0.452698773755883,False,0.00024393216481211066,0.5568175700502993,0.5570615022151114,sideways,0.1922947729181501,0.48861935844581245,0.04375035249763483
Union_Bayern,0,14,Luis Díaz Marulanda,FC Bayern München,4,1,2827066,2827138,1.44,9.314105033874512,-30.15524673461914,16.498437881469727,-32.91352462768555,7.695630929327005,5.666705036422073,5.42671059619638,-0.36657626888643546,False,0.0004206320323488777,0.5108116524681817,0.5112322845005306,sideways,-0.742077563450036,0.26819019336550853,0.14746680162158915
Union_Bayern,0,44,Josip Stani&amp;#353;i&amp;#263;,FC Bayern München,4,1,2827073,2827201,2.56,23.42458152770996,-19.129281997680664,9.924938201904297,-24.507827758789062,14.531659383164282,6.124506715047154,5.728091215809871,-2.762447944877042,False,0.03115215721227893,0.6685925295525705,0.6997446867648495,forward,-3.0053009859466124,0.28958832816553054,0.16080113137556354
Union_Bayern,0,6,Joshua Kimmich,FC Bayern München,8,1,2828050,2828226,3.52,20.821800231933594,-12.053799629211426,3.7323620319366455,-0.9328904747962952,20.389299115277826,6.473697256923618,5.816653451445495,2.56469213042729,False,0.0005552021948163066,0.7338410221612067,0.734396224356023,diagonal,2.570184059718135,0.03461148185807848,0.0845394463702987
Union_Bayern,0,7,Serge Gnabry,FC Bayern München,8,1,2828067,2828170,2.06,-4.8956522941589355,-5.41373348236084,-8.933499336242676,4.327223777770996,10.54468857192945,5.317910015336792,5.122737694779906,1.9637591696067909,False,0.004381531638973812,0.40322936371342644,0.40761089535240025,diagonal,2.1203372517399535,0.29265390875782415,0.06639949444152107
Union_Bayern,0,4,Jonathan Tah,FC Bayern München,8,1,2828068,2828210,2.84,24.72128677368164,-20.7105655670166,11.486833572387695,-11.92918586730957,15.88280142064574,6.195384820979216,5.622887148718805,2.555768774709122,False,0.001695262722552049,0.56781125851337,0.569506521235922,forward,2.756220493361101,0.013121555093033225,0.10708102272538143
Union_Bayern,1,4,Diogo Monteiro Pinto Leite,1. FC Union Berlin,15,1,2828214,2828278,1.28,-19.55327606201172,5.21249532699585,-25.71098518371582,1.9459381103515625,6.970493359664635,5.850769292562325,5.49701701440863,-2.6538574245905213,True,-0.0003857624556006245,0.6376786463109556,0.637292883855355,sideways,-2.91784042186626,0.4146046247997577,0.09693562055552697
Union_Bayern,1,5,Danilho Doekhi,1. FC Union Berlin,4,1,2828358,2828432,1.48,-19.84465217590332,-18.797914505004883,-26.119699478149414,-23.599437713623047,7.901319115712568,5.577716255727851,5.3292762511600404,-2.4884486781814896,True,2.512072598603865e-06,0.6284209748251007,0.6284234868976993,sideways,-2.379149132598711,0.2660510032134403,0.07622078287971029
Union_Bayern,1,4,Diogo Monteiro Pinto Leite,1. FC Union Berlin,19,1,2828902,2828969,1.34,-24.789323806762695,8.917704582214355,-31.658966064453125,12.278352737426758,7.647610134661585,6.0263504723154036,5.716848848714006,2.686620062719176,True,5.623677815225214e-05,0.5627654054339846,0.5628216422121368,sideways,2.4953469652098628,0.44620138936680914,0.01876768588760933
Union_Bayern,1,19,Janik Haberer,1. FC Union Berlin,1,1,2829098,2829208,2.2,-6.213247299194336,-31.382890701293945,6.242647647857666,-27.238380432128906,13.127310627208075,6.432718741142563,5.9870042586920125,0.321211817831789,True,0.033464101261875934,0.5019393384935253,0.5354034397554013,forward,0.07857965881468192,0.4609391060177215,0.16013723763712567
Union_Bayern,1,8,Rani Khedira,1. FC Union Berlin,7,1,2829977,2830031,1.08,9.148548126220703,-17.542285919189453,12.958267211914062,-13.409342765808105,5.620958870244293,5.426102879040703,5.210258031395182,0.8260703976249558,True,0.009919256972696022,0.4370595767907722,0.4469788337634682,diagonal,0.7033000114365885,0.5415960256847208,0.09892319051110326
Union_Bayern,1,19,Janik Haberer,1. FC Union Berlin,14,1,2830629,2830699,1.4,2.24228572845459,-30.686182022094727,9.552485466003418,-32.356605529785156,7.498622199971389,6.174602517720345,5.351276823749519,-0.22464885837974144,True,0.016243696803916796,0.578555728632998,0.5947994254369148,forward,-0.11201114268749442,0.2646352267164214,0.23481235065909833
Union_Bayern,1,6,Aljoscha Kemlein,1. FC Union Berlin,14,1,2830694,2830757,1.26,8.42394733428955,-19.08777618408203,15.379109382629395,-20.63620948791504,7.125442078572115,6.014916369869836,5.6280363228346335,-0.21905826452250468,True,0.008212140499278597,0.4721973220584126,0.4804094625576912,forward,-0.3513236346238432,0.38977791257203953,0.045930489063172125
Union_Bayern,1,7,Oliver Burke,1. FC Union Berlin,6,1,2830796,2830968,3.44,19.497289657592773,-10.316109657287598,40.20969009399414,-6.424161911010742,21.0748852689069,7.091221475838014,6.123594523075964,0.1857384270551962,True,0.030324796276698263,0.44989099767732676,0.480215793954025,forward,0.08078219534043263,0.3648482121290858,0.08910450786097816
Union_Bayern,1,8,Rani Khedira,1. FC Union Berlin,6,1,2830844,2830992,2.96,14.867218971252441,-3.9100286960601807,30.99645233154297,0.33874762058258057,16.679456495329017,6.140703165889458,5.6472475760143555,0.2575696209261564,True,0.0036641959954142322,0.5165537615382533,0.5202179575336675,forward,0.03461058550093303,0.08563780700937833,0.047699734576195384
Union_Bayern,1,10,Ilyas Ansah,1. FC Union Berlin,6,1,2830849,2830966,2.34,24.924989700317383,3.7091760635375977,38.15752410888672,-0.21857142448425293,13.803157870706015,6.449692597225891,5.885421717646981,-0.2885414431772567,True,0.004811740622222838,0.45946945672563694,0.4642811973478598,forward,-0.3129939658589161,0.018973208556732898,0.06306498300566468
Union_Bayern,1,15,Tom Rothe,1. FC Union Berlin,6,1,2830875,2831025,3.0,24.8140811920166,16.522552490234375,41.35429000854492,8.214704513549805,18.509425860843525,6.692059916995695,6.151446299167169,-0.46547148473044797,True,0.0018509842816519795,0.5057452694047314,0.5075962536863834,diagonal,-0.5756164995759921,0.016284548845360278,0.08969322577260323
Union_Bayern,1,4,Diogo Monteiro Pinto Leite,1. FC Union Berlin,6,1,2830906,2831065,3.18,-3.8197762966156006,4.421499729156494,13.024490356445312,5.6484904289245605,16.888896507964553,5.634898337765642,5.328226391117345,0.07271479460635635,True,0.004026638336684485,0.6289657499097024,0.6329923882463869,forward,0.04507729965791646,0.0,0.07575132336656852
Union_Bayern,0,17,Michael Olise,FC Bayern München,1,1,2831616,2831775,3.18,31.19902801513672,25.059890747070312,13.883875846862793,19.358108520507812,18.22977825344086,6.316451053333598,5.853232171168779,-2.823481554731125,False,0.019799464387377286,0.41689765802003775,0.43669712240741504,forward,3.0653139690083493,0.0957925539065373,0.28673150589948504
Union_Bayern,0,9,Harry Kane,FC Bayern München,1,1,2831679,2831812,2.66,16.6279239654541,4.203671455383301,1.7281904220581055,11.147433280944824,16.43830550739112,6.967670915276779,6.182117452246692,2.705486280953817,False,0.022349808931303117,0.5396764603074613,0.5620262692387644,forward,2.9519803367812036,0.3742221441248905,0.05101633406622064
Union_Bayern,0,6,Joshua Kimmich,FC Bayern München,1,1,2831706,2831828,2.44,43.22990798950195,14.100605010986328,30.180923461914062,14.221981048583984,13.049549009208366,5.561866723111369,5.337009861346148,3.1322913522455904,False,0.0017940765750081855,0.5105518183852708,0.5123458949602789,forward,-3.0747565441890394,0.10807318682112267,0.07645280051838953
Union_Bayern,1,15,Tom Rothe,1. FC Union Berlin,13,1,2831971,2832118,2.94,20.69106101989746,28.65452766418457,35.08072280883789,33.62814712524414,15.224955071970584,6.159971837718542,5.695767894696865,0.3327839216366538,True,-0.0006492940288947979,0.4709365190018986,0.4702872249730038,diagonal,0.6751913387792923,0.4832339417702288,0.0898641411593775
Union_Bayern,1,10,Ilyas Ansah,1. FC Union Berlin,14,1,2833915,2834162,4.94,9.783580780029297,18.802900314331055,40.86005783081055,25.915433883666992,31.880018187928695,8.154442842051292,6.574201288472272,0.2249967398716288,True,0.041048563692325235,0.4550890476173407,0.49613761130966594,diagonal,-0.41660698043414907,0.22556719656171503,0.2823140903669463
Union_Bayern,1,7,Oliver Burke,1. FC Union Berlin,10,1,2834028,2834121,1.86,22.95861053466797,11.041804313659668,32.81598663330078,9.182719230651855,10.031154514598986,5.865809887243557,5.421785179537334,-0.1864088072038725,True,0.00319260628868806,0.4453363504615627,0.4485289567502508,forward,-0.2566174309272126,0.3787566228032249,0.03409657157204102
Union_Bayern,1,10,Ilyas Ansah,1. FC Union Berlin,6,1,2838897,2839065,3.36,33.56132888793945,4.970219135284424,24.364166259765625,24.25981903076172,21.36998981133765,7.2481394622404896,6.452282553228462,2.0157072671693803,True,0.0016971087650877736,0.3364508226244243,0.33814793138951205,sideways,2.4170382870045715,0.1516699966765207,0.03779530527800123
Union_Bayern,1,15,Tom Rothe,1. FC Union Berlin,6,1,2838901,2839061,3.2,17.6353759765625,5.314785957336426,19.985042572021484,25.269208908081055,20.092285295780066,7.458875336365125,6.568009388276206,1.4535844019696387,True,-0.0002220802389230614,0.4482127943283644,0.44799071408944136,sideways,2.252357319147273,0.6335472965299932,0.022548428148897914
Union_Bayern,1,13,András Schäfer,1. FC Union Berlin,6,1,2838953,2839018,1.3,15.405756950378418,-14.566243171691895,8.915119171142578,-12.669366836547852,6.762138612308465,5.453469694106237,5.199861141212246,2.8572628109495977,True,0.0012161746713520438,0.6107278511587421,0.6119440258300941,sideways,2.740049643219212,0.0856295424248983,0.08826557513322693
Union_Bayern,1,4,Diogo Monteiro Pinto Leite,1. FC Union Berlin,6,1,2838959,2839075,2.32,-0.6004428267478943,8.868572235107422,4.454314231872559,22.38037109375,14.426339706179395,6.882963215042474,6.292294408660932,1.2128153786023788,True,0.0007672380661282174,0.6133224893662552,0.6140897274323834,sideways,1.487203571738308,0.2674776874278297,0.041322778048296094
Union_Bayern,1,8,Rani Khedira,1. FC Union Berlin,6,1,2838982,2839158,3.52,26.759681701660156,-1.2245190143585205,15.455928802490234,15.521738052368164,20.204255872226174,6.576977329540387,5.968862111041086,2.1645471987394864,True,0.0013304245637381085,0.4023110480349353,0.4036414725986734,sideways,2.178571062666048,0.13064888683784476,0.03337668015314095
Union_Bayern,1,14,Leopold Querfeld,1. FC Union Berlin,6,1,2838985,2839059,1.48,24.220138549804688,-6.9020094871521,17.82415771484375,-2.7848143577575684,7.606567331897987,5.341264332990134,5.1302635773322995,2.5696477076740747,True,0.0038239142086287092,0.5022828488921762,0.5061067631008049,sideways,2.642340455355229,0.10179236592129612,0.07978898991120499
Union_Bayern,0,44,Josip Stani&amp;#353;i&amp;#263;,FC Bayern München,6,1,2840639,2840750,2.22,-12.732756614685059,-11.711813926696777,-22.262157440185547,-2.6616287231445312,13.142120540903793,6.433986546519467,5.908111645731625,2.3819813616711905,False,0.019595206538064514,0.3891450077916959,0.40874021432976043,diagonal,2.541053262951088,0.08655257362428398,0.23862472386062095
Union_Bayern,0,44,Josip Stani&amp;#353;i&amp;#263;,FC Bayern München,14,1,2841414,2841466,1.04,-24.341875076293945,-17.180381774902344,-30.68739891052246,-16.42520523071289,6.390302367154162,6.648586232433438,6.073474170413858,3.0231404479374318,False,0.013172801890338204,0.5029059653930096,0.5160787672833478,forward,3.1352492597138344,0.1507027639459529,0.10206197694024918
Union_Bayern,0,17,Michael Olise,FC Bayern München,14,1,2844517,2844562,0.9,-11.701400756835938,27.756214141845703,-17.063865661621094,28.41386604309082,5.402641564851752,6.681872438903462,5.991027473408289,3.0195621683008915,False,4.530758708698457e-05,0.39866553812890976,0.39871084571599674,forward,2.9697535499387175,0.631546107035703,0.05792515650328796
Union_Bayern,0,7,Serge Gnabry,FC Bayern München,44,1,2845278,2845411,2.66,11.78085708618164,-5.3209381103515625,2.010357141494751,-18.469799041748047,16.381550993795774,6.690514602041338,6.15677317997476,-2.2098462792906606,False,0.0031631976466561795,0.6062280035050175,0.6093912011516737,diagonal,-2.0418129085301016,0.2635101811584926,0.04879475203849281
Union_Bayern,1,6,Aljoscha Kemlein,1. FC Union Berlin,7,1,2848450,2848711,5.22,-39.364349365234375,-3.4935142993927,-7.400880813598633,-1.780738115310669,32.00932558033933,6.754537336094986,6.127999868476869,0.05353422910632542,True,0.0017755797708595145,0.5531876383878711,0.5549632181587306,forward,0.04925609691107424,0.09596100426334772,0.12929434912986196
Union_Bayern,1,13,András Schäfer,1. FC Union Berlin,10,1,2848462,2848720,5.16,-34.134368896484375,2.6710617542266846,-4.470390319824219,5.4374189376831055,29.792689658085816,6.544313840844993,5.8322221199467315,0.09298750374201979,True,0.004689928417060396,0.5572772656928396,0.5619671941099,forward,0.22419543820750967,0.37208562049310423,0.08460056680747093
Union_Bayern,1,19,Janik Haberer,1. FC Union Berlin,10,1,2848480,2848711,4.62,-35.48801803588867,-10.41670036315918,-7.543666362762451,-15.886333465576172,28.47461460154304,7.084912740547261,6.180587326687876,-0.1932893741849318,True,0.0011832857098388327,0.6038297765475522,0.605013062257391,forward,-0.1995736375433146,0.039354671437053006,0.10066534727499098
Union_Bayern,1,15,Tom Rothe,1. FC Union Berlin,10,1,2848481,2848701,4.4,-35.00556182861328,19.88310432434082,-8.472890853881836,21.36721420288086,26.574145540072152,6.871433425669647,6.141635596067406,0.05587695933905134,True,0.0001777829130800157,0.5358954798844802,0.5360732627975602,diagonal,0.5321070406784499,0.11299418321773733,0.09519323335241235
Union_Bayern,1,7,Oliver Burke,1. FC Union Berlin,10,1,2848492,2848769,5.54,-28.0795955657959,8.716142654418945,15.655462265014648,1.6317952871322632,44.30511551824151,9.706933931132665,7.999897135331473,-0.16058842026073286,True,0.01965055836403129,0.5321812923737456,0.5518318507377769,forward,0.09018399598975652,0.2764387692944175,0.07533180600797769
Union_Bayern,0,2,Dayotchanculle Upamecano,FC Bayern München,8,1,2850789,2850906,2.34,28.11446189880371,-4.118019104003906,37.76021957397461,5.503061771392822,13.623723365476964,6.445306509255323,5.8714077118827,0.784117372767687,False,-0.0004053753481145783,0.7030135864594562,0.7026082111113416,sideways,0.335020018593987,0.553466632925532,0.021083158312560513
Union_Bayern,0,27,Konrad Laimer,FC Bayern München,8,1,2850806,2850989,3.66,12.717371940612793,17.824356079101562,32.564090728759766,23.127323150634766,20.54297219044877,6.452177550064297,5.612264127681012,0.26109666786815255,False,0.00010086489800431586,0.625401507885496,0.6255023727835003,sideways,0.16755541610584046,0.2595150022300113,0.05545500731248174
Union_Bayern,0,6,Joshua Kimmich,FC Bayern München,2,1,2850996,2851042,0.92,28.902324676513672,0.7522619366645813,31.253572463989258,5.244509696960449,5.0703704103341485,6.043702908350789,5.507708286856996,1.0886035103692824,False,0.0007444107074623951,0.47633243313412543,0.4770768438415878,sideways,0.8035313526020176,0.310195645931867,0.027716175014855106
Union_Bayern,0,7,Serge Gnabry,FC Bayern München,2,1,2850997,2851138,2.82,19.453100204467773,7.8570427894592285,22.885066986083984,22.33745765686035,14.881559418359643,7.165070502448888,5.994604275159113,1.338082790449419,False,0.00549235619677968,0.5163999076553049,0.5218922638520845,sideways,0.7262094094623271,0.26518531922353433,0.026951363542449883
Union_Bayern,0,4,Jonathan Tah,FC Bayern München,8,1,2852320,2852441,2.42,29.870309829711914,-23.613224029541016,15.416528701782227,-26.347137451171875,14.710067011780392,6.963222003250763,6.075675287726713,-2.9546525066664877,False,-0.006953421090653444,0.5168648031298642,0.5099113820392107,forward,-2.8681039956024543,0.3264106110111871,0.1851438775722933
Union_Bayern,0,6,Joshua Kimmich,FC Bayern München,4,1,2852442,2852508,1.32,29.87618064880371,-2.3443522453308105,23.235605239868164,-4.604423999786377,7.014639413187777,5.557191272032824,5.3100184732377,-2.8135469372795248,False,0.0003015259821721461,0.7128295173356758,0.7131310433178479,forward,-2.805412348843739,0.16842506306616342,0.07712859796067068
Union_Bayern,0,44,Josip Stani&amp;#353;i&amp;#263;,FC Bayern München,4,1,2852508,2852582,1.48,-4.478276252746582,-9.448885917663574,-12.814671516418457,-11.57593822479248,8.603478221593479,6.583180689196245,5.934384797039775,-2.8917704644828124,False,-0.00245308471973954,0.30426811171654544,0.3018150269968059,forward,2.960525938906,0.24762089495039777,0.16637993555443964
Union_Bayern,0,9,Harry Kane,FC Bayern München,6,1,2853048,2853161,2.26,-11.874643325805664,-14.167176246643066,-24.66823387145996,-10.464447975158691,13.318639408824938,6.937716770304237,6.021879896021554,2.8598697943820044,False,0.013946374336334777,0.4171498572660242,0.431096231602359,diagonal,2.1768630052355196,0.12399768328629088,0.163223494779638
Union_Bayern,0,2,Dayotchanculle Upamecano,FC Bayern München,6,1,2856085,2856185,2.0,-37.523582458496094,13.802480697631836,-47.04656982421875,6.205599784851074,12.181949268105084,7.208091534320972,6.180630497427775,-2.4682304477571293,False,0.043013908687883795,0.5719169803929353,0.614930889080819,forward,-2.7551113194679098,0.03594942789331479,0.3679612664011398
Union_Bayern,0,17,Michael Olise,FC Bayern München,4,1,2856199,2856310,2.22,-37.650962829589844,7.766519069671631,-36.457698822021484,21.572124481201172,13.85707832736078,6.711394378593838,6.281495424756872,1.4845773085604945,False,0.003376267101724284,0.44577058079367426,0.44914684789539855,sideways,1.5116578794564148,0.34789574926692973,0.0404915420457467
Union_Bayern,0,8,Leon Goretzka,FC Bayern München,4,1,2857760,2857879,2.38,-17.21923828125,5.254014492034912,-10.268013954162598,-6.067266464233398,13.284988601284354,5.868686897711446,5.589637999506126,-1.020148962535876,False,0.0025277749442426667,0.48532225976016613,0.4878500347044088,sideways,-1.2677536637346605,0.19851661022362735,0.047070497014513706
Union_Bayern,1,10,Ilyas Ansah,1. FC Union Berlin,5,1,2858833,2858932,1.98,3.590423822402954,-9.85359001159668,11.961557388305664,-17.557085037231445,11.376278512244793,6.528768162334165,5.728007422810621,-0.7438883374792683,True,0.0024108836935700095,0.422847724904505,0.425258608598075,diagonal,-0.7419563041818048,0.2712585974271315,0.12551274151365757
Union_Bayern,0,6,Joshua Kimmich,FC Bayern München,2,1,2859112,2859185,1.46,20.2376766204834,-4.805009365081787,20.834857940673828,3.2932522296905518,8.120250389399887,5.992308971814869,5.59462608019604,1.4971876434339422,False,0.0011599993986209922,0.6094207729386226,0.6105807723372436,sideways,1.0942880121084924,0.3873137398172368,0.029932543826905855
Union_Bayern,0,17,Michael Olise,FC Bayern München,2,1,2859150,2859366,4.32,7.449585437774658,7.589095115661621,9.236800193786621,27.489328384399414,19.98032584154436,7.7765347598622325,6.221636184585828,1.4812278850438811,False,-0.0001658346137165534,0.5373471401930232,0.5371813055793067,sideways,0.5761301161203092,0.14446958764683676,0.03951660097319039
Union_Bayern,0,6,Joshua Kimmich,FC Bayern München,17,1,2859326,2859376,1.0,16.865467071533203,15.688923835754395,12.392038345336914,18.090518951416016,5.077324459587738,5.256137505254063,5.140744951531582,2.64889538007417,False,0.0011954555133554257,0.5228637515974082,0.5240592071107636,diagonal,2.3243582054723824,0.31784713234052847,0.04001257480822156
Union_Bayern,0,8,Leon Goretzka,FC Bayern München,4,1,2859836,2859963,2.54,-4.155266761779785,-1.6715524196624756,-7.416314125061035,-14.491280555725098,13.227995289843403,5.524654401841727,5.219897062809097,-1.8198905054111878,False,0.0006340618165266987,0.5238763160747272,0.5245103778912539,sideways,-1.8892050715668616,0.2156340037217227,0.06181752408294693
Union_Bayern,0,14,Luis Díaz Marulanda,FC Bayern München,2,1,2860107,2860161,1.08,-8.289094924926758,-27.523977279663086,-8.136433601379395,-21.825637817382812,5.70038403154453,5.403007873869168,5.257085944158512,1.5440122404750611,False,0.010620708000645851,0.5607343233327736,0.5713550313334195,sideways,1.5510040670165848,0.24076547565839912,0.20231542508743694
Union_Bayern,0,27,Konrad Laimer,FC Bayern München,14,1,2860340,2860540,4.0,-12.87830924987793,18.52080535888672,-40.177005767822266,20.5257511138916,27.37222386031757,8.488925180154753,7.01976977776773,3.0682795414853063,False,0.024499321747798564,0.528272136415213,0.5527714581630115,forward,2.8762624802954257,0.3129705133091172,0.08172380590252527
Union_Bayern,0,14,Luis Díaz Marulanda,FC Bayern München,17,1,2860433,2860554,2.42,-16.724472045898438,-10.171880722045898,-30.877885818481445,-5.17612361907959,15.009220847525054,7.064082659922384,6.195694145002293,2.8022727346617646,False,0.014259609045193411,0.5758456891689456,0.590105298214139,forward,2.859190758377783,0.04907095852000156,0.12215022984635628
Union_Bayern,0,8,Leon Goretzka,FC Bayern München,17,1,2860470,2860544,1.48,-21.74323272705078,-7.8055572509765625,-29.118267059326172,-2.9427428245544434,8.833917338760862,6.723906770493599,5.954097637572512,2.558664470271384,False,0.001580118343866288,0.6133393589182192,0.6149194772620855,diagonal,2.6310865840158963,0.10068823089397724,0.04899804498647533
Union_Bayern,0,7,Serge Gnabry,FC Bayern München,2,1,2862007,2862133,2.52,-8.914590835571289,-1.4873714447021484,-11.116485595703125,-15.28917121887207,13.976337772856413,6.37250562908027,5.769644831526167,-1.7289999034644148,False,0.03341522264783936,0.5343052741431058,0.5677204967909452,diagonal,-2.1542511797810895,0.18675788828493697,0.11891147896342767
Union_Bayern,1,15,Tom Rothe,1. FC Union Berlin,13,1,2862238,2862435,3.94,-14.112276077270508,12.334505081176758,5.464371204376221,10.022662162780762,19.712679586229367,6.651628010516453,5.885786594544795,-0.1175474622038879,True,0.0007378551387764443,0.5897489544695731,0.5904868096083495,forward,0.13487123903963696,0.1716383069416743,0.16254953353388138
Union_Bayern,1,10,Ilyas Ansah,1. FC Union Berlin,13,1,2862259,2862352,1.86,0.1766190528869629,8.34527587890625,10.75085735321045,8.200447082519531,10.575230069000435,6.533478994271558,5.873764499504172,-0.01369552464272466,True,0.03096568412975559,0.43097020489742116,0.46193588902717675,forward,0.22357184447155898,0.30892772311814665,0.14563372742447367
Union_Bayern,0,27,Konrad Laimer,FC Bayern München,9,1,2862677,2862960,5.66,6.016733169555664,13.8907470703125,-24.665456771850586,29.035900115966797,34.21655214040162,7.237004160659311,6.278146242705116,2.6830670262311114,False,0.003358187596762763,0.6506452901712063,0.6540034777679691,diagonal,2.2466793407505894,0.31560367283230834,0.05915432825538458
Union_Bayern,0,14,Luis Díaz Marulanda,FC Bayern München,9,1,2862681,2862757,1.52,-7.6098856925964355,-12.557085990905762,-15.677329063415527,-13.336299896240234,8.104987159251982,5.477491436825277,5.34449926640471,-3.0453038775955177,False,0.000401664694827053,0.5250961701709178,0.5254978348657449,forward,-2.90476952370111,0.049451951272884084,0.19575511562513667
Union_Bayern,0,6,Joshua Kimmich,FC Bayern München,9,1,2862683,2862792,2.18,10.795456886291504,9.829719543457031,-0.7918714284896851,10.5068998336792,11.607099147504309,5.605649940043141,5.327910820086622,3.0832175993987563,False,0.0018901521652731068,0.42892069368450675,0.43081084584977986,forward,2.9908194911917816,0.19320489871293012,0.1020182497491884
Union_Bayern,0,2,Dayotchanculle Upamecano,FC Bayern München,6,1,2863295,2863352,1.14,-6.246095180511475,17.89527130126953,-0.2720285654067993,20.02863311767578,6.343556144735254,5.919162945401027,5.563369039055185,0.3429892901960581,False,0.0005346951020736013,0.5466433510344674,0.547178046136541,sideways,0.5300423151010273,0.39766161530467237,0.11105160484680968
Union_Bayern,1,4,Diogo Monteiro Pinto Leite,1. FC Union Berlin,1,1,2865550,2865623,1.46,-27.77113914489746,22.260353088378906,-33.626285552978516,17.29030990600586,7.680108638210613,5.417033383173687,5.257096986194588,-2.4377763153607157,True,0.004115353620923301,0.6026871361723988,0.6068024897933221,sideways,-2.514021160004521,0.06705891429453571,0.07069559883436181
Union_Bayern,1,8,Rani Khedira,1. FC Union Berlin,1,1,2866341,2866418,1.54,-4.113819122314453,2.0992238521575928,4.249228477478027,-0.5724857449531555,8.779441743510144,6.195406802769851,5.66943894501674,-0.3092184970424362,True,0.031326581575836565,0.5864107306905644,0.6177373122664009,forward,-0.24695394142633642,0.42586349574350124,0.0940671197471484
Union_Bayern,1,4,Diogo Monteiro Pinto Leite,1. FC Union Berlin,1,1,2866358,2866535,3.54,-33.827919006347656,7.351785659790039,-13.935105323791504,5.8656907081604,19.948245898177422,6.225290173080734,5.628814454605173,-0.07456660660983261,True,0.0014657945973904907,0.5904389403193214,0.5919047349167119,forward,0.002107201989648461,0.054091915051698865,0.12871606431929333
Union_Bayern,1,13,András Schäfer,1. FC Union Berlin,1,1,2866365,2866459,1.88,-27.8576717376709,-13.737866401672363,-18.23073387145996,-12.171338081359863,9.753560563108588,5.376517476448866,5.181782564794038,0.1613095756703285,True,0.0017043963631692138,0.576444507649736,0.5781489040129052,forward,0.2529574725848661,0.1418387442139553,0.08133504743710551
Union_Bayern,1,10,Ilyas Ansah,1. FC Union Berlin,1,1,2866402,2866681,5.58,1.836990475654602,7.451747417449951,38.561737060546875,-6.106457233428955,39.14756601731034,8.200813791527134,7.138394285285582,-0.3536623661701923,True,0.013993063457706956,0.4439093517814513,0.45790241523915826,forward,-0.32295114473057385,0.24988671062138293,0.0975096455388549
Union_Bayern,0,6,Joshua Kimmich,FC Bayern München,2,1,2866637,2866697,1.2,28.234909057617188,-4.86770486831665,32.36375045776367,0.0020666623022407293,6.384512985967672,5.7089465179050025,5.396909115292082,0.867551103389401,False,0.0047015684694737825,0.8117153956178323,0.8164169640873061,sideways,0.4488238258179144,0.45277338918364535,0.041075711094989954
Union_Bayern,1,13,András Schäfer,1. FC Union Berlin,6,1,2867005,2867247,4.84,9.629080772399902,-20.526456832885742,38.80973815917969,-28.922151565551758,30.364427469799946,6.991199793870606,6.342978049541123,-0.28014782375185093,True,0.02670965035438988,0.5170800404551782,0.5437896908095681,diagonal,-0.5257419196746645,0.3759244627570291,0.195825262403502
Union_Bayern,0,9,Harry Kane,FC Bayern München,14,1,2872133,2872218,1.7,-5.41880464553833,17.96532440185547,-14.463805198669434,17.796424865722656,9.046577367128844,5.545624765202053,5.296723490471276,-3.1229215757890105,False,0.07510750253666132,0.6716392760194231,0.7467467785560844,forward,-3.0589809999561597,0.1772279053639335,0.3267982468654858
Union_Bayern,0,7,Serge Gnabry,FC Bayern München,1,1,2872142,2872296,3.08,-4.832666397094727,10.448604583740234,-21.50930404663086,12.134990692138672,16.76168671108386,5.702141809653571,5.435514003299333,3.0408125716719865,False,0.033971803396647626,0.5889278540168287,0.6228996574134763,forward,3.0300888737145715,0.24603536392687608,0.2966143109856953
Union_Bayern,1,14,Leopold Querfeld,1. FC Union Berlin,1,1,2874705,2874882,3.54,22.983543395996094,-10.140852928161621,40.29738998413086,-27.52759552001953,24.537076061197507,8.213817193007174,6.94387477631378,-0.7874988740255976,True,0.011401916203751805,0.4566424659297142,0.468044382133466,diagonal,-0.7217406915425345,0.4050290202400019,0.04551127271777824
Union_Bayern,0,14,Luis Díaz Marulanda,FC Bayern München,44,1,2874853,2874924,1.42,15.827309608459473,-28.53792953491211,23.9250431060791,-31.147415161132812,8.507802479602091,6.748263458833379,5.951855657798857,-0.3117416048908135,False,0.0005737815059669304,0.3936895481840844,0.39426332969005135,sideways,-0.3952528545854022,0.17073164939701985,0.08539625582009791
Union_Bayern,0,7,Serge Gnabry,FC Bayern München,44,1,2875160,2875462,6.04,21.394756317138672,-19.92347526550293,-17.431928634643555,2.434347629547119,44.80383587318586,8.56969492331052,7.431609199235749,2.619129938898363,False,-0.003994827699749459,0.5275596632937047,0.5235648355939553,diagonal,2.3918917068678427,0.33863488052543766,0.14336438857042005
Union_Bayern,0,9,Harry Kane,FC Bayern München,44,1,2875208,2875433,4.5,19.60348129272461,-12.486461639404297,0.5045904517173767,2.3937571048736572,24.211330843930718,6.138979119298998,5.565265833642769,2.4797172751049583,False,0.005814193741773166,0.5179076293280551,0.5237218230698283,diagonal,2.4168444760933356,0.25670165712109655,0.06766626820507624
Union_Bayern,0,27,Konrad Laimer,FC Bayern München,44,1,2875232,2875392,3.2,30.59733772277832,5.73190975189209,12.430066108703613,10.670385360717773,18.826531789964154,6.513469936614838,5.881536200237749,2.8761725569162286,False,0.0007538306420299401,0.5907059461615055,0.5914597768035355,forward,2.8133122788407787,0.10688606599542835,0.081188724049512
Union_Bayern,0,14,Luis Díaz Marulanda,FC Bayern München,44,1,2875239,2875291,1.04,22.979429244995117,-26.88438606262207,17.700681686401367,-26.568485260009766,5.2881914776651735,5.177374753653952,5.06629856065505,3.081820047224979,False,0.002054527693837793,0.4270518822026666,0.4291064098965044,forward,3.047466072414539,0.06553618562903968,0.11865042924626379
Union_Bayern,1,4,Diogo Monteiro Pinto Leite,1. FC Union Berlin,15,1,2875341,2875456,2.3,-3.86316180229187,-1.7975000143051147,-14.585909843444824,7.44424295425415,14.155816424740896,7.224172606496869,6.321232228332276,2.4302408241414315,True,-0.001521529394043486,0.6040159300088136,0.6024944006147701,sideways,2.679238017036501,0.5456235004935076,0.015180551064813568
Union_Bayern,1,10,Ilyas Ansah,1. FC Union Berlin,4,1,2875560,2875658,1.96,11.332747459411621,16.139442443847656,11.632076263427734,27.50692367553711,11.371421515612095,6.261337954853921,5.783967639095032,1.544470384903423,True,-1.4258609014439205e-05,0.4575376096743696,0.4575233510653552,sideways,1.4222091557626622,0.2827061422766619,0.03492282957712426
Union_Bayern,1,5,Danilho Doekhi,1. FC Union Berlin,4,1,2876552,2876615,1.26,-22.106666564941406,-12.00280475616455,-25.424585342407227,-17.517108917236328,6.435536915803825,5.196932231420359,5.114562824539803,-2.112459825340619,True,-0.0036281879042764364,0.5814642934794598,0.5778361055751834,sideways,-2.027497670677719,0.4875840452215679,0.019342167512292004
Union_Bayern,1,19,Janik Haberer,1. FC Union Berlin,14,1,2876557,2876630,1.46,-5.360166549682617,-19.87747573852539,-9.62332820892334,-26.310657501220703,7.717536843105815,5.46283973362482,5.280665833777659,-2.156036092885573,True,0.002030542137694602,0.6158337396382123,0.6178642817759069,sideways,-2.0558194720694765,0.28884861351191504,0.016860704863356998
Union_Bayern,1,5,Danilho Doekhi,1. FC Union Berlin,1,1,2876884,2877040,3.12,-37.298614501953125,-25.319828033447266,-20.789581298828125,-17.05196189880371,18.463634195961244,6.659438105001637,5.974172031680036,0.4642942956758323,True,0.002180288872921099,0.5720686078260101,0.5742488966989312,diagonal,0.40222960399967167,0.22654026507074498,0.16033830125359616
Union_Bayern,1,15,Tom Rothe,1. FC Union Berlin,7,1,2878997,2879054,1.14,19.361299514770508,22.90943717956543,24.928791046142578,20.08998680114746,6.2406940630238354,5.719618904976521,5.469437198063113,-0.4687648788954101,True,0.014064659003606872,0.45339370056885764,0.4674583595724645,diagonal,-0.5264375820448,0.18671113890472435,0.12955038046423198
Union_Bayern,1,6,Aljoscha Kemlein,1. FC Union Berlin,7,1,2879027,2879143,2.32,11.9138765335083,10.94212818145752,19.695899963378906,-0.2805618941783905,13.656817389012412,6.948127791597416,6.011978855807549,-0.9645009963597633,True,0.021426386723070012,0.4868800402526208,0.5083064269756908,diagonal,-0.6083338186807359,0.3422919032912941,0.09346225777542552
Union_Bayern,1,19,Janik Haberer,1. FC Union Berlin,10,1,2879066,2879152,1.72,8.664837837219238,-1.8935238122940063,17.317781448364258,-7.1528096199035645,10.12588368211776,6.660970642700067,5.902785622234508,-0.5461373153013435,True,0.002662545159721974,0.4782743262363381,0.48093687139606006,forward,-0.3369019808329909,0.280434709412363,0.10285023088823438
Union_Bayern,1,10,Ilyas Ansah,1. FC Union Berlin,13,1,2879279,2879394,2.3,14.26197624206543,11.316757202148438,23.005281448364258,22.45442771911621,14.159558272595419,6.711181685203331,6.164245535654013,0.9052558922169816,True,0.015491951447645591,0.5250400452544595,0.540531996702105,sideways,1.1939902291367264,0.1848475690259278,0.11255952026247176
Union_Bayern,1,13,András Schäfer,1. FC Union Berlin,4,1,2880043,2880101,1.16,31.919456481933594,21.159875869750977,37.0709342956543,24.795700073242188,6.305310563639917,5.7243695222128785,5.448010985737199,0.6145964734769653,True,0.019353934862319122,0.47684515982556624,0.49619909468788537,diagonal,0.5135356364196656,0.49055679701524463,0.14073974865085523
Union_Bayern,1,8,Rani Khedira,1. FC Union Berlin,15,1,2880523,2880606,1.66,36.52971649169922,24.541624069213867,44.245765686035156,29.814208984375,9.345457017021532,6.065645851173414,5.632680769718436,0.5994481822492006,True,0.004071241862332986,0.6252728620854683,0.6293441039478013,diagonal,0.8086181513196871,0.4936401866919058,0.04518375685588837
Union_Bayern,0,44,Josip Stani&amp;#353;i&amp;#263;,FC Bayern München,1,1,2880806,2880909,2.06,39.20735168457031,-12.38970947265625,44.75374221801758,-22.25191307067871,11.314835737135587,5.895524396260637,5.500982103111467,-1.058491521109887,False,0.0004276073884460496,0.6242659296715025,0.6246935370599486,sideways,-1.0297924566693213,0.3193259184942287,0.09527669204041435
Union_Bayern,0,7,Serge Gnabry,FC Bayern München,1,1,2880960,2881070,2.2,18.00746726989746,13.43009090423584,9.173223495483398,5.0908522605896,12.148529302819185,5.955698412183986,5.521483939051712,-2.3850103180859725,False,0.00018160009283274547,0.4076980505627789,0.40787965065561166,diagonal,-2.3714487751653737,0.10529186513451215,0.11023531760287635
Union_Bayern,0,7,Serge Gnabry,FC Bayern München,27,1,2882566,2882662,1.92,-16.259552001953125,2.8498237133026123,-25.38686752319336,3.3659095764160156,9.141894401182853,5.684517279154764,5.2525456711855645,3.0851097896146125,False,0.0037313546486113514,0.34822269330486727,0.3519540479534786,forward,-2.958370346345474,0.19383587959007123,0.1848420113358458
Union_Bayern,0,8,Leon Goretzka,FC Bayern München,2,1,2883039,2883098,1.18,-15.966961860656738,-2.510342836380005,-11.858575820922852,-7.1703715324401855,6.212463545131242,5.590602168544934,5.277441773616226,-0.8482278309809541,False,0.00803683128045174,0.6214071156805373,0.629443946960989,sideways,-0.732501398414022,0.2813207202564361,0.06033607370023437
Union_Bayern,0,8,Leon Goretzka,FC Bayern München,2,1,2883513,2883588,1.5,-2.104809522628784,-13.497166633605957,2.694857120513916,-20.65261459350586,8.616103260298845,6.238214768242748,5.728937331475952,-0.9799576745449132,False,-0.001339497644192944,0.5269921564173418,0.5256526587731488,sideways,-0.8117956246970086,0.27904709361518754,0.0281707705711341
Union_Bayern,0,14,Luis Díaz Marulanda,FC Bayern München,2,1,2884478,2884568,1.8,-4.435014247894287,4.62030029296875,-9.776952743530273,12.129142761230469,9.215151767840203,5.390315575197577,5.232726872949391,2.189145476339626,False,0.0057310723828361,0.6069270456900013,0.6126581180728374,sideways,1.7784749696679063,0.4034219151428624,0.03926538958016476
Union_Bayern,0,44,Josip Stani&amp;#353;i&amp;#263;,FC Bayern München,17,1,2884933,2885001,1.36,-31.504005432128906,-14.857190132141113,-37.40536880493164,-9.330009460449219,8.085531264881865,6.536055972745276,5.948966961577873,2.388923863283311,False,0.023778151274688186,0.42045189318479914,0.4442300444594873,diagonal,2.2932685990017223,0.16022435815558894,0.27755954447338377
Union_Bayern,0,7,Serge Gnabry,FC Bayern München,27,1,2886035,2886125,1.8,-12.581438064575195,11.132370948791504,-12.825285911560059,20.452190399169922,9.323008975654322,5.396096557326537,5.200527714718917,1.5969547976588343,False,-8.294144011267157e-06,0.47668478555397104,0.47667649140995977,sideways,1.6811360032533746,0.2812306978790241,0.04115552787502223
Union_Bayern,0,27,Konrad Laimer,FC Bayern München,4,1,2886784,2886857,1.46,-7.007661819458008,23.30423355102539,0.7489571571350098,25.879032135009766,8.17280402898117,6.000003579132598,5.601063104289884,0.32050375085826555,False,0.0002866862368382517,0.5671975759922199,0.5674842622290581,sideways,0.33700650278997635,0.10804395122952287,0.023434584614318077
Union_Bayern,0,6,Joshua Kimmich,FC Bayern München,4,1,2886793,2886866,1.46,-1.0368618965148926,-0.018066667020320892,6.398890495300293,2.252980947494507,7.774835747446935,5.581964484308067,5.3275398818200665,0.29642429898607847,False,0.011258805200702549,0.4724067468603,0.48366555206100253,sideways,0.22440691460765952,0.35123358367867713,0.04339635402425299
Union_Bayern,0,9,Harry Kane,FC Bayern München,14,1,2887012,2887085,1.46,-12.607271194458008,-3.0300285816192627,-18.55524253845215,1.9467476606369019,7.755428090986394,5.566785236414999,5.33935465345497,2.4448600375460825,False,0.04467357597791749,0.4033116651750215,0.447985241152939,diagonal,2.3592866868941176,0.3716830484042166,0.17801638013102689
Union_Bayern,0,8,Leon Goretzka,FC Bayern München,17,1,2887067,2887345,5.56,2.092928647994995,-15.274886131286621,-35.287174224853516,-7.637195587158203,38.1524102467014,8.021692316515137,7.102594465676794,2.9400418935008132,False,0.007194146508442634,0.680786147506067,0.6879802940145097,forward,-2.9277414467808582,0.3036893045788312,0.1049536011039276
Union_Bayern,0,14,Luis Díaz Marulanda,FC Bayern München,17,1,2887163,2887277,2.28,-14.744485855102539,-1.3412142992019653,-26.654905319213867,-2.071038007736206,11.932758878675989,5.418767756299621,5.2368050817208225,-3.0803931025408002,False,0.003918248133547353,0.35446150831892964,0.358379756452477,forward,-3.093478639039398,0.1422031548947632,0.08459739324211586
Union_Bayern,0,6,Joshua Kimmich,FC Bayern München,44,1,2887231,2887290,1.18,-7.654357433319092,-0.16306667029857635,-13.567533493041992,-1.8555190563201904,6.150613480965155,5.404751081812786,5.208155683731871,-2.862828146170682,False,0.001525562395711333,0.5130703909540645,0.5145959533497758,forward,-3.005919687595804,0.041047830433320304,0.10281100181859876
Union_Bayern,0,2,Dayotchanculle Upamecano,FC Bayern München,6,1,2887710,2887792,1.64,-8.732937812805176,0.4388904869556427,0.35052379965782166,0.5650571584701538,9.084337779612223,6.064098663301634,5.530997668127232,0.013888819516694925,False,0.0013308967661170845,0.5882388499609809,0.5895697467270979,sideways,0.022652110984724787,0.3331521920455501,0.030947833398795574
Union_Bayern,0,44,Josip Stani&amp;#353;i&amp;#263;,FC Bayern München,4,1,2889181,2889298,2.34,-29.120933532714844,-30.772014617919922,-41.01051330566406,-25.261852264404297,13.10435028299473,6.363583624188768,5.725163251254105,2.7076145600278805,False,0.0012105926735024308,0.5530859804579628,0.5542965731314652,forward,2.9981818276952907,0.34187144675046155,0.07178523923260177
Union_Bayern,0,14,Luis Díaz Marulanda,FC Bayern München,44,1,2889184,2889339,3.1,-25.32639503479004,-13.122262001037598,-41.555789947509766,-3.435523748397827,18.90042743453617,6.9864760337319245,6.15091603917356,2.603482376738876,False,0.009063166685394086,0.45202818912150466,0.46109135580689875,diagonal,2.4846481232126614,0.20108935701989683,0.18759245915045578
Union_Bayern,0,7,Serge Gnabry,FC Bayern München,44,1,2889200,2889313,2.26,-27.870210647583008,-7.203619003295898,-38.86101150512695,-0.19345714151859283,13.036106505337619,6.383310846120256,5.757072945920392,2.5738269327228314,False,0.013717620223165694,0.5074183991636303,0.521136019386796,diagonal,2.614378822699566,0.17550855353469774,0.137760728005069
Union_Bayern,0,14,Luis Díaz Marulanda,FC Bayern München,8,1,2893005,2893253,4.96,4.4182047843933105,-22.64862823486328,-26.194433212280273,-14.868224143981934,31.58588755968061,7.663751130441666,6.393254999769769,2.8927057355385775,False,0.007571005900601779,0.4002937700507368,0.4078647759513386,diagonal,2.5277202704213364,0.1913726852254053,0.2298499979053559
Union_Bayern,0,17,Michael Olise,FC Bayern München,9,1,2893072,2893186,2.28,-11.27059555053711,-1.086052417755127,-22.999258041381836,1.8455190658569336,12.089484488086143,5.5133595211517195,5.300071317772499,2.896661668227175,False,0.04942184420524698,0.5256065000717386,0.5750283442769856,forward,2.9674617478921097,0.14453275089265027,0.1281551404838793
Union_Bayern,0,7,Serge Gnabry,FC Bayern München,9,1,2893083,2893159,1.52,-10.834699630737305,-29.234230041503906,-18.613433837890625,-33.28422546386719,8.769901298572336,6.2815872405932245,5.80180046429227,-2.6615621050156526,False,0.00037465715962137214,0.616944654703245,0.6173193118628664,diagonal,-2.618456159761046,0.2712073413669378,0.0383901262080219
Union_Bayern,0,8,Leon Goretzka,FC Bayern München,9,1,2893091,2893360,5.38,-0.4978095293045044,-8.946300506591797,-35.10997772216797,-1.4796905517578125,35.40836696642045,7.935682563766898,6.653708518562604,2.9291263908083662,False,0.0013917872651387775,0.592561838521145,0.5939536257862837,forward,2.894753326669748,0.15449821482808446,0.07649324112832831
Union_Bayern,0,27,Konrad Laimer,FC Bayern München,7,1,2893195,2893286,1.82,1.3177618980407715,9.48799991607666,-7.939899921417236,11.059642791748047,9.390120536611827,5.370535954550586,5.1533982540306615,2.973429233410881,False,0.0013011037778405399,0.6160005644545812,0.6173016682324217,forward,2.9930233886930613,0.02386788230327639,0.07696613983733526
Union_Bayern,0,17,Michael Olise,FC Bayern München,9,1,2893331,2893440,2.18,-33.164039611816406,7.728814601898193,-44.641441345214844,12.835515022277832,12.562210782076658,6.392358522500169,5.871156704732018,2.7229585644993954,False,0.021221951714979537,0.40957666404078735,0.4307986157557669,forward,2.8011233019596022,0.03354360132740066,0.24441969498620625
Union_Bayern,0,27,Konrad Laimer,FC Bayern München,9,1,2893397,2893478,1.62,-18.183303833007812,12.782695770263672,-26.76488494873047,14.010595321655273,8.668983317208276,5.495597562296484,5.335271726784936,2.9994718473568494,False,0.00011536059164163337,0.62994398302782,0.6300593436194616,forward,3.025073202557619,0.08265234626126533,0.09529395124334142
Union_Bayern,0,14,Luis Díaz Marulanda,FC Bayern München,17,1,2893459,2893542,1.66,-35.27446746826172,-1.967642903327942,-37.84897994995117,8.015090942382812,10.309369018163713,7.06404027154467,6.1951146586184835,1.823193104847826,False,0.00020679839741299944,0.423539579364649,0.423746377762062,sideways,1.776245316824329,0.261031650982001,0.05728921671294702
Union_Bayern,0,14,Luis Díaz Marulanda,FC Bayern München,17,1,2895527,2895784,5.14,-0.8867619037628174,-2.500657081604004,-16.25006675720215,-28.39383888244629,30.10793914885545,6.8750046728631,6.1515893516114835,-2.106299930994001,False,-0.0018858381712951178,0.4734865349570332,0.47160069678573807,diagonal,-2.086870022196773,0.28460167290491983,0.04874500024478219
Union_Bayern,0,7,Serge Gnabry,FC Bayern München,17,1,2895566,2895815,4.98,2.648233413696289,10.221085548400879,-19.236833572387695,-7.840285778045654,28.375505126379128,6.46979994157215,5.786048051291706,-2.451624308045006,False,0.022414454290324515,0.5459633838073082,0.5683778380976328,diagonal,-2.4227738996265775,0.23353024400778602,0.07967496401548001
Union_Bayern,0,44,Josip Stani&amp;#353;i&amp;#263;,FC Bayern München,17,1,2895589,2895934,6.9,16.310199737548828,-0.03899523988366127,-23.510766983032227,-18.87509536743164,44.05119815143099,8.19424749294242,7.020758045976491,-2.699761336756686,False,0.0001565183186615915,0.6163624493975731,0.6165189677162347,diagonal,-2.0066869262093006,0.14099830741356442,0.03135495613021292
Union_Bayern,0,4,Jonathan Tah,FC Bayern München,44,1,2895667,2895962,5.9,15.761756896972656,5.200109481811523,-9.598005294799805,-14.049161911010742,31.83790174584025,6.334423199355142,5.718119505544724,-2.4923260638421265,False,0.001795106668346702,0.7133587021158385,0.7151538087841852,diagonal,-2.1540110005934694,0.0018173903126291406,0.030338616048115444
Union_Bayern,0,9,Harry Kane,FC Bayern München,44,1,2895669,2895740,1.42,-6.757852554321289,10.560737609863281,-12.84836196899414,6.600871562957764,7.264629656056376,5.229636486758337,5.100549594955051,-2.5650979873711903,False,0.006978327202375956,0.38124182510793875,0.3882201523103147,diagonal,-2.5353161740352754,0.17290732240186032,0.0437450194761007
Union_Bayern,0,6,Joshua Kimmich,FC Bayern München,44,1,2895748,2895874,2.52,6.158995628356934,8.263257026672363,-4.126619338989258,0.23444285988807678,13.048208006513846,5.388615902828512,5.175710514588375,-2.478801695799629,False,0.001994967925797453,0.6232379681229857,0.6252329360487832,diagonal,-2.4865226922008037,0.05129826885087523,0.07120845142694182
Union_Bayern,0,14,Luis Díaz Marulanda,FC Bayern München,44,1,2895825,2895947,2.44,-19.8411808013916,-29.731460571289062,-32.68921661376953,-27.991838455200195,12.965273207415697,5.842016366074381,5.4558334923046505,3.007011253743283,False,0.00766447870201048,0.5243148655358443,0.5319793442378548,forward,-2.863749011041392,0.45713072479011635,0.05369424316902249
Union_Bayern,1,10,Ilyas Ansah,1. FC Union Berlin,1,1,2900212,2900532,6.4,-26.538318634033203,18.15151023864746,8.91972827911377,12.778752326965332,35.86278877154528,7.16196046190314,6.353865962263443,-0.15038043110304083,True,0.019723938418802045,0.5194848998902661,0.5392088383090682,forward,0.2475573745136848,0.27407333991207783,0.12024337005741784
Union_Bayern,1,7,Oliver Burke,1. FC Union Berlin,1,1,2900246,2900370,2.48,-32.90802001953125,7.675266742706299,-19.810819625854492,6.59520959854126,13.141658251027096,5.492678387414282,5.281605709140954,-0.08227856091166375,True,0.008349806495603906,0.6958605652791416,0.7042103717747455,forward,-0.11037010056218798,0.4664964499661374,0.057873826169537824
Union_Bayern,1,19,Janik Haberer,1. FC Union Berlin,1,1,2900326,2900376,1.0,-23.460119247436523,-0.9442476034164429,-18.474781036376953,-2.266757011413574,5.157773571308803,5.31691344869138,5.141719900877135,-0.25930713106581105,True,0.013225694223145013,0.45784784503011183,0.47107353925325685,forward,-0.2516745753448456,0.24816276708170928,0.09289712647070014
Union_Bayern,1,19,Janik Haberer,1. FC Union Berlin,1,1,2900393,2900533,2.8,-16.890710830688477,-2.815661907196045,-2.3892762660980225,-3.2016332149505615,14.506570176354867,5.4662422225530545,5.255862910315095,-0.026609795193673503,True,0.013413430184864295,0.5198596053814364,0.5332730355663007,forward,-0.34177211563464693,0.2842626774915542,0.10853654418160899
Union_Bayern,1,14,Leopold Querfeld,1. FC Union Berlin,1,1,2900415,2900509,1.88,-33.020233154296875,8.295886039733887,-23.06656265258789,8.641971588134766,9.959685319496973,5.557443210089146,5.285544251568826,0.03475563966621819,True,0.0003061989011529098,0.6626080695012697,0.6629142684024226,forward,0.050587036983074034,0.10059973173295109,0.08723676076517327
Union_Bayern,1,4,Diogo Monteiro Pinto Leite,1. FC Union Berlin,1,1,2900466,2900571,2.1,-31.45893669128418,14.129785537719727,-20.44069480895996,15.108366966247559,11.061612711972117,5.471641309573402,5.257262223765466,0.08858223637536365,True,0.004172105737635712,0.8182354387857372,0.822407544523373,forward,0.17023684875583942,0.05180557386244838,0.10052366138327348
Union_Bayern,0,14,Luis Díaz Marulanda,FC Bayern München,17,1,2900873,2901062,3.78,-16.354232788085938,-19.13724708557129,-42.17716979980469,-17.996322631835938,25.84812922670276,8.398395047332468,7.132889638260928,3.0974387712776816,False,0.0006980113327560433,0.534838461391151,0.535536472723907,forward,-3.046452710317413,0.30059497419069015,0.12014988335334738
Union_Bayern,0,9,Harry Kane,FC Bayern München,17,1,2900898,2901045,2.94,-21.868467330932617,6.8443522453308105,-38.914466857910156,2.0270047187805176,17.7136370366246,6.622719666402366,6.021893785063488,-2.8661665589040575,False,-0.004941273147033187,0.4457458527147047,0.4408045795676715,forward,-3.079187169614643,0.34381203543116884,0.07521326171465342
Union_Bayern,0,7,Serge Gnabry,FC Bayern München,17,1,2900966,2901044,1.56,-18.762357711791992,5.021904468536377,-27.055458068847656,3.977242946624756,8.35863812038537,5.612655432116735,5.355541565896153,-3.016285109569392,False,0.002383301590886844,0.4411180572690396,0.4435013588599264,forward,-3.0071650055013013,0.23539658359921753,0.048547607661915904
Union_Bayern,0,17,Michael Olise,FC Bayern München,14,1,2901093,2901185,1.84,-9.221823692321777,19.329557418823242,-17.50546646118164,13.816709518432617,9.950388409249442,5.669292625765848,5.398216731679688,-2.554391179778204,False,0.002093282478713432,0.5629439488361719,0.5650372313148854,diagonal,-2.5138148461256042,0.01952761800029776,0.08674878912399912
Union_Bayern,0,8,Leon Goretzka,FC Bayern München,14,1,2901125,2901276,3.02,-8.704180717468262,0.4506238102912903,-24.628232955932617,2.1090047359466553,16.010173858766155,5.617024152431082,5.316691494906973,3.037823579610896,False,0.0006488455039858065,0.5629511544901763,0.5635999999941621,forward,-3.099466124900516,0.018191300210601342,0.17673495462092492
Union_Bayern,0,27,Konrad Laimer,FC Bayern München,17,1,2901816,2901926,2.2,-25.355091094970703,23.46643829345703,-38.06227111816406,20.951356887817383,12.953688996530628,6.750740737540378,5.991508554048925,-2.9461921105759465,False,0.01566053034734849,0.45260395863863057,0.46826448898597905,diagonal,-2.4522653246961594,0.31921272468735434,0.26573105387689644
Union_Bayern,0,27,Konrad Laimer,FC Bayern München,17,1,2901940,2902029,1.78,-39.43320083618164,21.053457260131836,-47.943870544433594,24.492656707763672,9.179302354947707,5.540605522347623,5.295473294999343,2.7575529784677193,False,-0.0004769726479286196,0.4534986791792796,0.453021706531351,forward,3.017788756177158,0.510642478721937,0.12288318764873842
Union_Bayern,0,14,Luis Díaz Marulanda,FC Bayern München,44,1,2902629,2902716,1.74,-39.492801666259766,-15.23718547821045,-50.33303451538086,-15.424766540527344,10.84185569347351,7.450275155167583,6.454625362908297,-3.1242902260875707,False,0.02755709292924835,0.4216773012346552,0.44923439416390354,diagonal,2.7284861324784875,0.3740960599979968,0.19606251218313425
Union_Bayern,1,7,Oliver Burke,1. FC Union Berlin,5,1,2906412,2906496,1.68,19.410518646240234,8.290400505065918,27.922176361083984,13.486900329589844,9.972558722862269,6.449230263002864,5.926851641069546,0.5481157026059649,True,0.02897336936383138,0.3978277166574879,0.4268010860213193,forward,0.3509246458842614,0.3022495658263708,0.15437962152266616
Union_Bayern,1,4,Diogo Monteiro Pinto Leite,1. FC Union Berlin,19,1,2907096,2907194,1.96,-12.342437744140625,9.869156837463379,-22.851213455200195,14.193442344665527,11.363705913704125,6.504758263706394,5.848867826469425,2.751218122545057,True,0.00046041991742507005,0.5944428718290032,0.5949032917464283,sideways,2.535219424663012,0.35401654976204205,0.04954427370041485
Union_Bayern,1,10,Ilyas Ansah,1. FC Union Berlin,1,1,2907348,2907467,2.38,6.137681007385254,5.1210761070251465,15.481781005859375,-2.8294951915740967,12.268813665370997,5.349353307725997,5.182170744703947,-0.7049962537980428,True,0.02477400123114759,0.4838143577323666,0.5085883589635142,diagonal,-0.6205853917509218,0.15743800485099932,0.12064363918007884
Union_Bayern,1,8,Rani Khedira,1. FC Union Berlin,1,1,2907473,2907702,4.58,8.130671501159668,-2.09259033203125,28.754947662353516,-15.619028091430664,24.664251167065565,7.545235477817516,6.204620403152259,-0.5804769233481318,True,0.016779050270656404,0.3769462939691137,0.3937253442397701,forward,-0.16491216069817988,0.4565810866607857,0.07327922805857696
Union_Bayern,0,4,Jonathan Tah,FC Bayern München,2,1,2907528,2907627,1.98,13.04079532623291,-6.954885482788086,23.56174659729004,-10.253352165222168,11.025892168123463,6.338049961144785,5.668710169185178,-0.30380848886149503,False,0.0010396673946468926,0.6170950692636489,0.6181347366582958,sideways,0.0371453636541426,0.6677359567364943,0.011882063265480925
Union_Bayern,0,44,Josip Stani&amp;#353;i&amp;#263;,FC Bayern München,2,1,2907565,2907623,1.16,18.415023803710938,-17.347143173217773,24.529390335083008,-15.61902904510498,6.35388515160181,5.944695078167286,5.503827495817022,0.27544745510488206,False,0.008672252289374405,0.7060182185551896,0.714690470844564,sideways,0.25929310853130116,0.4137443904397708,0.07379420567449031
Union_Bayern,0,7,Serge Gnabry,FC Bayern München,27,1,2917252,2917367,2.3,-15.684114456176758,12.65916633605957,-18.87082862854004,24.106027603149414,11.882162264686622,5.513056346081273,5.266654263060631,1.8423132754380112,False,0.006867953534302806,0.5673507679130231,0.5742187214473259,sideways,1.5327881081899948,0.38750562579069414,0.014022839823768464
Union_Bayern,0,17,Michael Olise,FC Bayern München,6,1,2917511,2917640,2.58,-33.64016342163086,26.971036911010742,-44.09275817871094,14.372114181518555,16.37038762825892,7.166647001192987,6.487798469295862,-2.263352119975492,False,0.004687902639584407,0.4545007942593977,0.4591886968989821,diagonal,-2.017591613237365,0.3571645136354473,0.16434390828651496
Union_Bayern,1,8,Rani Khedira,1. FC Union Berlin,15,1,2919286,2919514,4.56,13.147038459777832,21.08738136291504,36.626895904541016,5.138638019561768,28.384258310876408,7.524205508241289,6.508546923316551,-0.5966650858840549,True,0.016570911168899083,0.5063103289798144,0.5228812401487135,diagonal,-0.9223806834565692,0.45153318982670626,0.16228054392425031
Union_Bayern,0,44,Josip Stani&amp;#353;i&amp;#263;,FC Bayern München,6,1,2919413,2919499,1.72,22.999319076538086,2.2931571006774902,27.958847045898438,-6.253023624420166,9.880998060160639,6.193025285233801,5.719378562510896,-1.044972384497142,False,0.001970940523316367,0.6705879958974463,0.6725589364207627,sideways,-0.9339468301683348,0.45636642035123365,0.03138698222083564
Union_Bayern,0,14,Luis Díaz Marulanda,FC Bayern München,6,1,2919441,2919585,2.88,6.481057167053223,-3.8485333919525146,2.492280960083008,-18.649019241333008,15.32855886921546,5.6838869627107425,5.443901890936575,-1.8340449275941209,False,0.009035121769530696,0.5049708256519488,0.5140059474214795,sideways,-1.5390545761753598,0.1547898344517763,0.08676673805987181
Union_Bayern,0,8,Leon Goretzka,FC Bayern München,44,1,2919557,2919710,3.06,16.6474609375,0.6823428869247437,19.701675415039062,-15.30529499053955,16.276756156425648,6.361466942453624,5.498830733947368,-1.3820346617481436,False,0.00040685260019079905,0.4991825166361162,0.499589369236307,sideways,-1.5723686844979372,0.189046716729965,0.04297544244342239
Union_Bayern,0,14,Luis Díaz Marulanda,FC Bayern München,44,1,2919593,2919809,4.32,2.27754282951355,-19.387310028076172,24.43506622314453,-31.975095748901367,25.483488620923055,7.639830864001171,6.4512489771146475,-0.5166365844654768,False,-0.0015193419538641617,0.4574500171198101,0.45593067516594593,sideways,-1.7342961611142862,0.19670434809887138,0.04277475709448775
Union_Bayern,0,6,Joshua Kimmich,FC Bayern München,44,1,2919600,2919653,1.06,28.94231414794922,-1.4152238368988037,30.566734313964844,-6.577642917633057,5.411960055366939,5.260222573364668,5.118378236278578,-1.2659424831718329,False,-0.0022342692616327264,0.5941043633158294,0.5918700940541967,sideways,-1.4722355533004434,0.23499228294157676,0.035414476219159545
Union_Bayern,1,13,András Schäfer,1. FC Union Berlin,6,1,2919917,2919998,1.62,31.843647003173828,-27.756677627563477,40.80943298339844,-23.892684936523438,9.762978938807715,7.030217046348429,6.008457136054303,0.40691714832850306,True,0.010052721814378551,0.5376535503508906,0.5477062721652691,diagonal,0.6401773942416876,0.3885026233680303,0.16043511848609263
Union_Bayern,1,7,Oliver Burke,1. FC Union Berlin,6,1,2919938,2920027,1.78,31.248876571655273,-19.396656036376953,35.191619873046875,-10.592976570129395,9.646242630428556,6.086144195825321,5.532559149363243,1.1497303182375456,True,0.017982171667317526,0.5099879667845837,0.5279701384519012,diagonal,0.5916576375394678,0.2724025106267782,0.1457764295533156
Union_Bayern,1,10,Ilyas Ansah,1. FC Union Berlin,6,1,2919952,2920040,1.76,29.334508895874023,-6.843809604644775,37.74637985229492,-0.6509333848953247,10.445634918980065,6.554735770314475,5.929599529982231,0.6346148304187887,True,0.01917680798182375,0.6373467748364741,0.6565235828182978,diagonal,0.6674769830704701,0.17496292469922936,0.16295432259727088
Union_Bayern,1,8,Rani Khedira,1. FC Union Berlin,6,1,2919965,2920030,1.3,37.321720123291016,-10.726957321166992,43.93740463256836,-7.680461883544922,7.283434353225427,5.9182964727845055,5.59440499517892,0.43154793786748946,True,0.016752653800379824,0.4299525453932018,0.44670519919358165,diagonal,0.5057954738057441,0.14908568775372125,0.12852016959825824
Union_Bayern,1,4,Diogo Monteiro Pinto Leite,1. FC Union Berlin,6,1,2921823,2921875,1.04,40.91694641113281,-9.755414009094238,46.18098068237305,-8.590838432312012,5.391316451742502,5.431235949387514,5.205802645159895,0.21772562218445762,True,0.010378066682784848,0.4869389741048552,0.49731704078764005,forward,0.32749552213928995,0.555050142250822,0.11404884044133629
Union_Bayern,1,5,Danilho Doekhi,1. FC Union Berlin,6,1,2921840,2921913,1.46,38.32378005981445,1.5626524686813354,46.02329635620117,0.08822380751371384,7.83941905214903,5.771846055351935,5.458788231741935,-0.18920568723809278,True,0.010808851406636955,0.39182956373557143,0.4026384151422084,forward,-0.3438850935538606,0.07578267409325037,0.08391524897962092
Union_Bayern,1,15,Tom Rothe,1. FC Union Berlin,14,1,2921871,2921933,1.24,41.61616897583008,8.283047676086426,48.432151794433594,5.115909576416016,7.515875566152105,6.728976891732389,6.025743888809034,-0.43498092133395694,True,0.02631075290465179,0.41112560355506184,0.4374363564597136,diagonal,-0.48048370374356986,0.11273959055459387,0.12265291858694011
Union_Bayern,1,6,Aljoscha Kemlein,1. FC Union Berlin,19,1,2923004,2923147,2.86,20.44965171813965,23.12138557434082,7.268028736114502,14.773381233215332,15.602703641347018,6.055933374824785,5.541006832393526,-2.577042583478339,True,0.020556386704657093,0.4554391540691897,0.4759955407738468,sideways,-2.3294214598877447,0.20074895360985734,0.1253448668467693
Union_Bayern,0,17,Michael Olise,FC Bayern München,27,1,2923121,2923583,9.24,28.71143341064453,10.982894897460938,-29.483680725097656,0.149680957198143,59.19484634279883,7.685778854824888,6.775726255537311,-2.957545960048973,False,0.0003055888452038191,0.5852723791518311,0.5855779679970349,forward,2.88253428034351,0.23179051222564181,0.07441214319690416
Union_Bayern,0,6,Joshua Kimmich,FC Bayern München,9,1,2923215,2923572,7.14,20.75727081298828,3.6857619285583496,-16.593257904052734,-1.0693000555038452,37.651993438791244,5.633845312327631,5.3592328945057135,-3.014964739102468,False,0.002254557279714242,0.5167167274281355,0.5189712847078497,forward,3.0719376364970263,0.15361279087346505,0.09558575648609309
Union_Bayern,0,8,Leon Goretzka,FC Bayern München,9,1,2923250,2923304,1.08,19.64503288269043,-6.117695331573486,14.085447311401367,-5.08656644821167,5.654398155293675,5.38419170190319,5.222828568776388,2.9582077749312106,False,0.0011701953006829635,0.46985398439546167,0.47102417969614463,forward,2.9576861506842596,0.03641223583938316,0.06963342807833563
Union_Bayern,0,27,Konrad Laimer,FC Bayern München,9,1,2923273,2923584,6.22,3.701047658920288,8.459209442138672,-40.09398651123047,4.3196234703063965,43.99023971272336,7.834724761577333,7.076416694115455,-3.047350840185526,False,0.018042736343053756,0.5546071122282907,0.5726498485713445,forward,-2.9793164483483117,0.25099476863407705,0.09091276042114634
Union_Bayern,0,8,Leon Goretzka,FC Bayern München,9,1,2923310,2923402,1.84,13.51542854309082,-5.017709255218506,4.1023478507995605,-4.083738327026367,9.459301761456528,5.3283610910534085,5.13154194657573,3.0426958053089783,False,0.001186430354636947,0.5103361171806235,0.5115225475352605,forward,3.0327560429141553,0.03329302076264753,0.03725664056045099
Union_Bayern,0,7,Serge Gnabry,FC Bayern München,9,1,2923404,2923550,2.92,4.949142932891846,9.71054744720459,-10.733185768127441,8.57248592376709,15.723568854364526,5.675760489751505,5.381568393538688,-3.0691499685115637,False,0.005806008192553391,0.5592393759992338,0.5650453841917872,forward,-3.0474506834677637,0.06410959257370917,0.049832570155465425
Union_Bayern,0,4,Jonathan Tah,FC Bayern München,1,1,2925896,2925954,1.16,26.336042404174805,4.078214168548584,28.899560928344727,-1.419780969619751,6.066265553294299,5.521155354588394,5.224489525532827,-1.1344996778604346,False,0.0006006655154705554,0.5424139998138483,0.5430146653293189,sideways,-1.1591109866075673,0.3664213536276091,0.10232586680238152
Union_Bayern,0,44,Josip Stani&amp;#353;i&amp;#263;,FC Bayern München,4,1,2926380,2926453,1.46,5.061585903167725,-29.958471298217773,-2.3789191246032715,-31.95040512084961,7.702526560942854,5.5254776236340915,5.280636000759913,-2.8800119061068425,False,0.00731271489773494,0.4839355294677327,0.49124824436546766,diagonal,-2.721094642004705,0.13287656820376267,0.12752662402689352
Union_Bayern,0,8,Leon Goretzka,FC Bayern München,6,1,2926597,2926715,2.36,-1.2332905530929565,-11.094752311706543,-13.50845718383789,-8.589066505432129,12.528295062470352,5.8613081802523554,5.380730348164513,2.940232550036883,False,0.04810873641159097,0.5089550637767835,0.5570638001883744,forward,-3.0668698351582226,0.19158806538591663,0.30852964784861325
Union_Bayern,0,7,Serge Gnabry,FC Bayern München,6,1,2926761,2926855,1.88,-3.5266284942626953,7.8849334716796875,-7.515766620635986,17.17205238342285,10.107611026951053,6.110775712811474,5.647880850574701,1.9765014720686567,False,0.005655009507413489,0.42660052698325845,0.43225553649067194,diagonal,2.3810608572475247,0.39600815668525585,0.03518015478211606
Union_Bayern,0,17,Michael Olise,FC Bayern München,6,1,2927755,2928105,7.0,32.09581756591797,29.829513549804688,-12.115952491760254,23.385194778442383,44.678964357513316,7.699479048129182,6.625781464122472,-2.996851714965669,False,0.001556562445700349,0.44480273217366945,0.4463592946193698,forward,2.9191868700619397,0.11327924798777356,0.2682472418427226
Union_Bayern,0,44,Josip Stani&amp;#353;i&amp;#263;,FC Bayern München,9,1,2927882,2928061,3.58,19.64247703552246,-20.115005493164062,1.9425047636032104,-28.96489906311035,19.789129203329967,6.118805885153115,5.591057229416335,-2.6779492283789073,False,0.0002364333332394164,0.5285762864731546,0.528812719806394,diagonal,-2.3822321752498756,0.39143665775342884,0.055825288748406955
Union_Bayern,1,13,András Schäfer,1. FC Union Berlin,14,1,2929206,2929565,7.18,-16.533281326293945,-1.1612571477890015,-8.082295417785645,-31.40715789794922,31.404357580029373,7.318121726608474,6.125508670162758,-1.2983354650821683,True,0.0010679038397830576,0.7827650683086972,0.7838329721484802,sideways,-1.4729641317545572,0.2854154425172239,0.01705815754756439
Union_Bayern,1,5,Danilho Doekhi,1. FC Union Berlin,14,1,2929253,2929406,3.06,-22.49643325805664,-8.216166496276855,-28.665685653686523,-26.90958023071289,19.68510584598891,7.240073895964635,6.456754147432238,-1.8895644312736313,True,0.008731587576842226,0.7152182960618134,0.7239498836386556,sideways,-1.7471218732021034,0.3020624015804241,0.03820481660947472
Union_Bayern,0,7,Serge Gnabry,FC Bayern München,44,1,2929317,2929371,1.08,-20.398561477661133,6.5866379737854,-23.03504753112793,1.6014333963394165,5.639443535413164,5.414635181098774,5.22475798011662,-2.0572661740487312,False,0.0052754081669014186,0.6093854785120196,0.614660886678921,sideways,-1.9280242303933244,0.19951028651477262,0.07255826624408608
Union_Bayern,0,7,Serge Gnabry,FC Bayern München,14,1,2929428,2929481,1.06,-25.71149444580078,-3.194690465927124,-25.802833557128906,-8.593342781066895,5.39942493725232,5.248784853840982,5.10251902469372,-1.5877135854500155,False,0.0031996910610735396,0.5658875585103961,0.5690872495714696,sideways,-1.794544098552804,0.1714125905791207,0.060180247731833586
Union_Bayern,0,4,Jonathan Tah,FC Bayern München,14,1,2929460,2929543,1.66,-0.4665476381778717,-11.328447341918945,2.6501858234405518,-20.214523315429688,9.41681335047992,6.088507009256637,5.683497947980909,-1.2334592928646375,False,0.0010524588038042237,0.5655524014000783,0.5666048602038826,sideways,-1.4790975872951635,0.040395771433199106,0.11270434499690865
Union_Bayern,0,6,Joshua Kimmich,FC Bayern München,44,1,2929515,2929679,3.28,-6.179619312286377,-3.534404754638672,-1.7104190587997437,-20.7207088470459,17.757893998513968,5.867397027620025,5.485588712426928,-1.3163867826751372,False,0.004981389389214885,0.503489285965744,0.5084706753549589,sideways,-1.5535330728989551,0.09414572379481066,0.14157375480875925
Union_Bayern,0,14,Luis Díaz Marulanda,FC Bayern München,44,1,2929577,2929651,1.48,-17.0748233795166,-31.163562774658203,-10.459404945373535,-26.480228424072266,8.105392137224337,5.717894113048668,5.446312109666662,0.6160364826051999,False,0.0012994640714574235,0.5101986731634444,0.5114981372349018,sideways,0.6298743870472614,0.20078251050604698,0.13175321848676014
Union_Bayern,0,27,Konrad Laimer,FC Bayern München,1,1,2929947,2930230,5.66,6.427918910980225,18.71908950805664,-28.43265724182129,14.955171585083008,35.06318365231765,7.197766363915551,6.2946100489479235,-3.0340386873237986,False,0.0018867964140414362,0.6056302290090194,0.6075170254230609,forward,3.0736636497155416,0.33154183555285477,0.17303300816245218
Union_Bayern,0,4,Jonathan Tah,FC Bayern München,1,1,2929984,2930079,1.9,15.68055248260498,-13.693671226501465,7.31511926651001,-7.903942584991455,10.173565286332337,5.524947507539826,5.342571449847527,2.5361874084697473,False,0.00029668930980064623,0.4458628482881652,0.44615953759796584,diagonal,2.4131538606789507,0.015370360288176515,0.07094899765353897
Union_Bayern,0,8,Leon Goretzka,FC Bayern München,27,1,2930156,2930281,2.5,-9.84036636352539,11.19058609008789,-16.848995208740234,22.8328857421875,13.589114006411759,5.80268893352228,5.450963124797087,2.1126828768258776,False,0.0010762258326484364,0.483703481598137,0.4847797074307854,diagonal,2.270989405658122,0.11489179174045062,0.05473100027162506
Union_Bayern,1,8,Rani Khedira,1. FC Union Berlin,10,1,2930584,2930694,2.2,-25.061538696289062,10.986257553100586,-12.665443420410156,10.6930570602417,12.399562275245042,6.145454904366622,5.663655727593911,-0.023648239860152194,True,0.02571832272046204,0.6010279229773282,0.6267462456977902,forward,-0.14832291418870805,0.4337247717183354,0.06256903666853296
Union_Bayern,0,7,Serge Gnabry,FC Bayern München,27,1,2931213,2931305,1.84,-38.438228607177734,15.586799621582031,-42.06559753417969,5.647985935211182,10.580067241042082,6.2424009186501435,5.761247163993586,-1.9207447172638334,False,0.04117674825486517,0.49069462606843295,0.5318713743232981,sideways,-1.617464483690377,0.3753368994734918,0.16898625366338962
Union_Bayern,0,9,Harry Kane,FC Bayern München,14,1,2937098,2937306,4.16,-1.3500237464904785,-16.951547622680664,-19.21012306213379,-17.033985137939453,17.860289569560866,6.413950400627719,5.955269345375698,-3.136976949703442,False,0.0008849735647988854,0.3495851089071424,0.3504700824719413,sideways,-1.8378523648624894,0.4282412457437085,0.05377890541072385
Union_Bayern,0,8,Leon Goretzka,FC Bayern München,14,1,2937099,2937157,1.16,12.232295036315918,-9.592552185058594,11.478885650634766,-15.943367004394531,6.395347885137243,5.921706342201446,5.543189691555196,-1.6888763806977596,False,0.0132908074468846,0.5862920225037,0.5995828299505847,sideways,-1.4020773774642774,0.1420098690080588,0.04535471242234082
Union_Bayern,0,17,Michael Olise,FC Bayern München,44,1,2937220,2937270,1.0,-10.978570938110352,26.03050994873047,-15.47278118133545,23.291627883911133,5.263022009767622,5.465007949527128,5.249115924416153,-2.5942721392207218,False,7.333719527580218e-05,0.623636037116317,0.6237093743115928,diagonal,-2.6459837941865025,0.031898852738668396,0.1083972765297418
Union_Bayern,0,7,Serge Gnabry,FC Bayern München,2,1,2937668,2937790,2.44,4.842237949371338,-5.60194730758667,20.09222412109375,-4.758885860443115,15.273271779202535,7.046081324607095,6.267861203054394,0.055226552908911035,False,0.003093056402661276,0.47288819939369475,0.47598125579635603,sideways,0.32236120800061224,0.4037897878200394,0.0523084869994354
Union_Bayern,0,44,Josip Stani&amp;#353;i&amp;#263;,FC Bayern München,14,1,2937890,2937975,1.7,2.982442855834961,-21.59722328186035,-6.7504143714904785,-22.684856414794922,9.793439418271708,6.463175016725818,5.775651609418678,-3.030305765597352,False,0.004779337016533658,0.559301850217367,0.5640811872339007,forward,-2.8307824086674795,0.34582121399556887,0.06401085402485092
Union_Bayern,0,8,Leon Goretzka,FC Bayern München,14,1,2937931,2938127,3.92,6.446518898010254,-15.465152740478516,-17.878923416137695,-7.264999866485596,25.67040418333521,7.128992731683971,6.538357802673012,2.8164542304869546,False,0.018405150827573658,0.559166445188585,0.5775715960161587,forward,3.0114719745827045,0.19591983390131676,0.10159577689117973
Union_Bayern,0,14,Luis Díaz Marulanda,FC Bayern München,44,1,2937948,2938127,3.58,-0.6944904923439026,-27.089038848876953,-17.836185455322266,-14.608747482299805,21.203664277630363,6.93394977185819,6.32296613183975,2.5122774878092016,False,0.015098531740190047,0.4057871201129259,0.42088565185311594,sideways,1.8913218415552904,0.4453819012818419,0.16487355254788894
Union_Bayern,0,9,Harry Kane,FC Bayern München,44,1,2937959,2938063,2.08,-9.848952293395996,-17.00227165222168,-19.993343353271484,-22.083499908447266,11.345816434595926,6.453431166616351,5.855119650164099,-2.6772329656716134,False,0.0173707700914863,0.4656149578768745,0.4829857279683608,forward,3.137210129931163,0.5718615847427378,0.06650032041265831
Union_Bayern,1,15,Tom Rothe,1. FC Union Berlin,1,1,2939952,2940059,2.14,14.017257690429688,16.452470779418945,25.634424209594727,12.246237754821777,12.355199480025444,6.156962175425615,5.756802456190244,-0.347387299342261,True,0.0029132684867738123,0.4311445080544897,0.4340577765412635,diagonal,-0.41225320621040096,0.002996203243184577,0.10594374100479294
Union_Bayern,1,8,Rani Khedira,1. FC Union Berlin,1,1,2939971,2940057,1.72,16.969852447509766,7.510171413421631,25.848657608032227,4.357514381408691,9.4219120904422,5.82955037955169,5.465663378494785,-0.3411903330888951,True,0.002305553163762575,0.37864704189274495,0.3809525950565075,forward,-0.23660734155238258,0.10780079370818503,0.10270030439680733
Union_Bayern,1,10,Ilyas Ansah,1. FC Union Berlin,1,1,2939991,2940055,1.28,17.5927677154541,19.835329055786133,23.411624908447266,16.719486236572266,6.6005738770575775,5.455939385241587,5.171580124957218,-0.4916219304497583,True,0.0026890644654108398,0.5776910177219082,0.5803800821873191,forward,-0.3881550564617023,0.0,0.10500818673495244
Union_Bayern,1,8,Rani Khedira,1. FC Union Berlin,13,2,2989564,2989652,1.76,-3.5036239624023438,-13.384876251220703,-13.231033325195312,-16.00659942626953,10.07451861470018,6.339054579563678,5.708625551732716,-2.8783290442832934,False,0.026516361516538856,0.33357912332039313,0.360095484836932,forward,-2.919354948711508,0.49009178725195546,0.20320109759361718
Union_Bayern,1,15,Tom Rothe,1. FC Union Berlin,5,2,2989732,2989781,0.98,-15.023324012756348,-30.667585372924805,-20.294347763061523,-30.629257202148438,5.271163099824962,5.6014257017815225,5.354716981229455,3.1343212966227507,False,0.035817128734308756,0.5103100900566762,0.5461272187909849,forward,2.993352773639352,0.18200175291496648,0.2844937064272973
Union_Bayern,1,8,Rani Khedira,1. FC Union Berlin,5,2,2989822,2989891,1.38,-22.537691116333008,-20.632165908813477,-30.192501068115234,-21.1892147064209,7.67505171062841,6.018795997023223,5.642699419650938,-3.06894962188521,False,0.03021428999681197,0.5625095414438726,0.5927238314406845,forward,3.059648195386158,0.47213829950239455,0.12936877833011445
Union_Bayern,0,2,Dayotchanculle Upamecano,FC Bayern München,27,2,2990860,2990977,2.34,-30.257356643676758,-28.1478328704834,-18.373672485351562,-22.665328979492188,13.087390805258433,5.960536952511592,5.5831570336426735,0.43225005379296183,True,0.008193231736619455,0.608598673989082,0.6167919057257014,diagonal,0.4533413191356579,0.15728436624607336,0.09929502503373346
Union_Bayern,0,7,Serge Gnabry,FC Bayern München,27,2,2990869,2990940,1.42,-5.429523944854736,-17.54551887512207,2.192538261413574,-17.625486373901367,7.6224816875532575,5.76712317742678,5.404286076187569,-0.010491198144696052,True,0.007102715474791077,0.4336543157222824,0.4407570311970735,forward,-0.22461508023847343,0.5358905053854076,0.07649517342260655
Union_Bayern,0,44,Josip Stani&amp;#353;i&amp;#263;,FC Bayern München,2,2,2991259,2991372,2.26,-20.214128494262695,6.244704723358154,-25.585247039794922,17.279766082763672,12.27279485838515,5.6743862147769795,5.42989377716865,2.023773385155686,True,0.0008430292629053593,0.6120851790178112,0.6129282082807166,sideways,2.0078621640719025,0.2776994267284646,0.08382107215998816
Union_Bayern,0,8,Leon Goretzka,FC Bayern München,44,2,2991544,2991592,0.96,-20.069210052490234,10.910771369934082,-21.04973793029785,15.83240032196045,5.018352962933363,5.46496772436965,5.2369426727272455,1.7674497786124084,True,0.0015337933930632541,0.5605188376382196,0.5620526310312829,sideways,1.857213640335496,0.24052363491366116,0.036433491500497336
Union_Bayern,0,6,Joshua Kimmich,FC Bayern München,4,2,2991801,2991879,1.56,-28.041439056396484,7.208495140075684,-36.141319274902344,4.548799991607666,8.525376111171099,6.099681620556403,5.64657604001224,-2.824322697885561,True,0.007521682595344303,0.46495736089020984,0.47247904348555414,sideways,3.035003675590357,0.2966214995813632,0.10749164041822795
Union_Bayern,1,7,Oliver Burke,1. FC Union Berlin,15,2,2992181,2992279,1.96,-37.604061126708984,-18.69600486755371,-47.11152267456055,-26.8641300201416,12.534356528845626,7.208889238389181,6.384899671190688,-2.4318232038821423,False,-0.0004339140735145075,0.38528203802884137,0.38484812395532686,diagonal,-2.461687757420733,0.2623336010986947,0.09094048005842077
Union_Bayern,1,15,Tom Rothe,1. FC Union Berlin,7,2,2992303,2992378,1.5,-32.63775634765625,-33.767024993896484,-40.23402404785156,-29.652099609375,8.63920678611236,6.077486714130576,5.7056050908114955,2.6451413632941203,False,0.012226464396922987,0.6076320846424752,0.6198585490393982,forward,2.81238145933704,0.11005189724004412,0.12398657135221218
Union_Bayern,0,7,Serge Gnabry,FC Bayern München,6,2,2993868,2993959,1.82,-14.298852920532227,-15.997828483581543,-9.903671264648438,-25.433809280395508,10.409387848767057,6.220190245805767,5.796673015388595,-1.1348896336500611,True,0.005101651819124864,0.4875559156493853,0.49265756746851014,sideways,-1.635684484704536,0.3372320425088518,0.07079668284319014
Union_Bayern,1,5,Danilho Doekhi,1. FC Union Berlin,13,2,2996569,2996686,2.34,-40.7965087890625,-1.6661285161972046,-27.4450626373291,-3.491666555404663,13.475670798710912,6.36226585373476,5.768241144321959,-0.1358869899689152,False,0.001729571615606329,0.44179494178581485,0.4435245134014212,sideways,-0.13697886134842482,0.1252422097713647,0.03615498034554388
Union_Bayern,1,14,Leopold Querfeld,1. FC Union Berlin,13,2,2996579,2996672,1.86,-43.83018112182617,3.2729380130767822,-33.75136184692383,1.8418618440628052,10.179910460198691,5.724745023699297,5.458062182083565,-0.14104565583180018,False,0.0068527406778415845,0.49639555751434816,0.5032482981921897,sideways,-0.20759481076666783,0.10030064008440757,0.039173486347863336
Union_Bayern,1,13,András Schäfer,1. FC Union Berlin,6,2,2996670,2996724,1.08,-16.56591796875,-8.138562202453613,-14.0872802734375,-2.871485710144043,5.821145900977243,5.691666231604138,5.418326521969153,1.1309516512381206,False,-0.0019204209393928195,0.5537630408004852,0.5518426198610924,sideways,0.9119617349508717,0.601536228768077,0.053760323487199384
Union_Bayern,1,14,Leopold Querfeld,1. FC Union Berlin,6,2,2996758,2996862,2.08,-32.40673828125,5.719371318817139,-37.19349670410156,17.010547637939453,12.263919392602388,6.342202042147013,5.899483629582743,1.9717670856187923,False,0.002106511172367098,0.437205314243956,0.4393118254163231,sideways,1.9002632412438887,0.39106643338837405,0.03884045329855671
Union_Bayern,0,27,Konrad Laimer,FC Bayern München,1,2,2998750,2998825,1.5,-36.29408645629883,-3.40425705909729,-30.361677169799805,-8.330286026000977,7.710981865191621,5.365806325246487,5.169756719864097,-0.6929803148148759,True,0.002020371514841912,0.7820456055959863,0.7840659771108283,diagonal,-0.846060070884065,0.12420596334668907,0.1685782896771825
Union_Bayern,0,9,Harry Kane,FC Bayern München,1,2,2998769,2999163,7.88,-38.887847900390625,5.783419132232666,9.703914642333984,9.34375286102295,48.72202133808588,6.92741714212786,6.194276962377011,0.07313961716095392,True,0.004981829059487741,0.7783756304626572,0.783357459522145,forward,-0.15830369894057814,0.12078303284524766,0.10171573175666646
Union_Bayern,0,7,Serge Gnabry,FC Bayern München,1,2,2998777,2998973,3.92,-31.593914031982422,-4.329671382904053,-11.529052734375,1.910780906677246,21.01289850712568,5.643793456511556,5.379775568370274,0.30153048072489985,True,-0.00129455261812772,0.6907925361894238,0.6894979835712961,forward,0.18791813649536954,0.07596618993133408,0.12069618646438895
Union_Bayern,0,8,Leon Goretzka,FC Bayern München,1,2,2998836,2998909,1.46,-29.46199607849121,14.210857391357422,-22.290328979492188,16.382476806640625,7.493246283400809,5.336064042054468,5.133318103722463,0.2940285505746934,True,0.0008441767258360322,0.5953164493565216,0.5961606260823576,forward,0.2507023175742242,0.03767669674940353,0.07041528613399493
Union_Bayern,0,6,Joshua Kimmich,FC Bayern München,1,2,2998838,2999064,4.52,-30.20174789428711,8.718061447143555,-3.0366570949554443,11.76204776763916,27.335105832158366,6.845541973991869,6.08905307117767,0.11158957766179646,True,0.00202877526793388,0.669889120475761,0.6719178957436949,forward,0.15925917078312565,0.03327742623085182,0.07343588204889616
Union_Bayern,0,2,Dayotchanculle Upamecano,FC Bayern München,1,2,2998891,2998984,1.86,-32.477508544921875,-0.655047595500946,-22.647567749023438,-1.6734237670898438,9.882551597524218,5.590365307240706,5.307417490004324,-0.10323115065057835,True,0.007957231545834498,0.7791995034559799,0.7871567350018144,forward,-0.031862197287519996,0.021396919268383198,0.10063788457916122
Union_Bayern,0,44,Josip Stani&amp;#353;i&amp;#263;,FC Bayern München,1,2,2998915,2998987,1.44,-24.845428466796875,-4.804537773132324,-19.43270492553711,0.0884428545832634,7.296494744554242,5.207367434931776,5.072889607927691,0.735008308325527,True,0.006194682541512897,0.6481355079596396,0.6543301905011525,diagonal,0.57828593688005,0.059194381444569705,0.08801785858154601
Union_Bayern,0,4,Jonathan Tah,FC Bayern München,1,2,2998936,2999033,1.94,-26.579566955566406,7.419442653656006,-16.494962692260742,7.638537883758545,10.086983982704467,5.38678957963314,5.190487039733937,0.021722296946216857,True,0.00401534453126684,0.781023925111219,0.7850392696424858,forward,0.03772823683267729,0.03795115712594881,0.06277877188475058
Union_Bayern,1,10,Ilyas Ansah,1. FC Union Berlin,8,2,2999472,2999597,2.5,-18.04732322692871,-9.687738418579102,-29.31193733215332,-2.4781429767608643,13.374221374506687,5.878002561284757,5.487265797028976,2.572264195897286,False,0.02157797902562031,0.4225840289183976,0.4441620079440179,diagonal,2.5023797679501842,0.2551777124794709,0.11383048594185517
Union_Bayern,0,7,Serge Gnabry,FC Bayern München,6,2,3000026,3000129,2.06,-10.426666259765625,-14.821599960327148,1.6758095026016235,-14.30914306640625,12.113320422031846,6.670897588753644,5.903127324962152,0.042317866570060425,True,0.013659456210787235,0.46865364641776847,0.4823131026285557,forward,0.03486637688048132,0.4658110407610558,0.10917557106359732
Union_Bayern,1,6,Aljoscha Kemlein,1. FC Union Berlin,4,2,3002552,3002650,1.96,-17.771671295166016,-24.522109985351562,-28.094770431518555,-23.37928581237793,10.38616497410355,5.599553855748649,5.304695497721048,3.0313360840963512,False,0.008884957425169482,0.5064237657534565,0.515308723178626,forward,3.111574064015342,0.1413793876583901,0.08973413211216728
Union_Bayern,1,8,Rani Khedira,1. FC Union Berlin,4,2,3002595,3002718,2.46,-29.675228118896484,-17.229642868041992,-40.35154342651367,-24.04636573791504,12.666941984248263,5.3077024524632765,5.165271170077808,-2.5733512692313867,False,0.0093578549677234,0.39924199768530255,0.40859985265302595,forward,-2.7544738367461594,0.2782743167661936,0.0894665332177323
Union_Bayern,1,4,Diogo Monteiro Pinto Leite,1. FC Union Berlin,6,2,3005964,3006239,5.5,-31.09206199645996,-6.78840970993042,-3.438295364379883,-24.54128646850586,32.861762614727674,7.2125151655102275,6.065720779026757,-0.5707091985395506,False,0.008117207674476434,0.6172777992742532,0.6253950069487296,sideways,-0.4613703542920706,0.07883673148357916,0.08560576270215538
Union_Bayern,1,14,Leopold Querfeld,1. FC Union Berlin,6,2,3006157,3006219,1.24,-18.438444137573242,-15.182881355285645,-12.95448112487793,-19.213233947753906,6.8057029280028,6.0915510498331065,5.505839122434541,-0.6337891402569145,False,0.00043192299271788137,0.7453950299059531,0.745826952898671,sideways,-0.6966918772381917,0.1351632285215877,0.05716158032542686
Union_Bayern,0,1,Manuel Neuer,FC Bayern München,9,2,3006746,3006808,1.24,-44.383880615234375,5.089223861694336,-47.22391891479492,11.598809242248535,7.102148926183942,6.097599905208441,5.689302403475394,1.9821870060681657,True,8.095815168918108e-06,0.6245186204757639,0.6245267162909328,sideways,1.860670649169959,0.4692715163446915,0.1165025682068895
Union_Bayern,0,2,Dayotchanculle Upamecano,FC Bayern München,1,2,3006875,3006965,1.8,-27.826194763183594,-4.314332962036133,-35.29061508178711,-9.986433029174805,9.374982126085124,5.411020355184159,5.215322336627455,-2.491795185851515,True,0.003257600631778268,0.6158019973925218,0.6190595980243001,sideways,-2.568119554439229,0.18626756133141453,0.08565603195218258
Union_Bayern,0,6,Joshua Kimmich,FC Bayern München,1,2,3006876,3006967,1.82,-20.451271057128906,4.871538162231445,-30.075239181518555,3.2612810134887695,9.75775028089697,5.664229526780427,5.37775642045604,-2.9758109148594807,True,-0.005177103835314556,0.611784671876642,0.6066075680413274,sideways,-3.0937975213450657,0.17847177911993534,0.13910490861269956
Union_Bayern,1,15,Tom Rothe,1. FC Union Berlin,14,2,3008503,3008665,3.24,-14.036971092224121,-21.700162887573242,-32.74363708496094,-14.953695297241211,19.886029707088756,7.307352646076015,6.311917429202083,2.7954660956489823,False,0.03699331841905462,0.541677066114087,0.5786703845331416,forward,-3.112905643830373,0.09314801407852767,0.33313456715048334
Union_Bayern,1,4,Diogo Monteiro Pinto Leite,1. FC Union Berlin,14,2,3008577,3008666,1.78,12.407561302185059,-12.249600410461426,3.569661855697632,-15.302309036254883,9.350267192985264,5.4439389386247825,5.241720959471166,-2.8090117703424933,False,0.0014203268667146718,0.6408971804883355,0.6423175073550502,diagonal,-2.743608196356129,0.010298057880034017,0.07161917776750888
Union_Bayern,1,7,Oliver Burke,1. FC Union Berlin,14,2,3008600,3008846,4.92,-15.515533447265625,-3.8569858074188232,-44.18523025512695,-8.210208892822266,28.998311438530063,7.516714393244734,5.999884689221212,-2.990903126038296,False,0.006449744347331865,0.46655026625626767,0.47300001060359953,forward,-2.81027394325548,0.38121445468537085,0.05416617999090929
Union_Bayern,1,10,Ilyas Ansah,1. FC Union Berlin,15,2,3008667,3008794,2.54,-17.07969093322754,-13.660314559936523,-28.812910079956055,-21.17127227783203,13.931364519858445,6.017602961953882,5.475540867462957,-2.5721768361188087,False,0.012967928994528755,0.4753659722373408,0.48833390123186954,forward,-2.823594319060357,0.1456209645751224,0.06423879839061607
Union_Bayern,1,13,András Schäfer,1. FC Union Berlin,15,2,3008698,3008838,2.8,-18.30398941040039,6.9421234130859375,-35.664756774902344,7.706571578979492,17.377589720173916,7.08334305681955,6.249800344468627,3.097587993095891,False,0.0012155754549451059,0.5763220662475611,0.5775376417025062,forward,-2.921615088238939,0.13222123369285588,0.05374358082721469
Union_Bayern,1,6,Aljoscha Kemlein,1. FC Union Berlin,15,2,3008721,3008888,3.34,-16.837909698486328,4.960371494293213,-35.488433837890625,0.7748094797134399,19.114418119639307,6.2059530473485,5.726836761555906,-2.9208297508341934,False,0.001882831685451447,0.5891577409519765,0.5910405726374279,forward,-2.9415783748241773,0.12668471197214073,0.0594212533822899
Union_Bayern,1,14,Leopold Querfeld,1. FC Union Berlin,6,2,3011279,3011453,3.48,-34.20785140991211,0.5060999989509583,-15.503028869628906,0.5500142574310303,18.704874090075677,5.860272603406955,5.406573660088756,0.0023477462938563147,False,0.03199079147880812,0.5536615313717278,0.5856523228505359,sideways,-0.3024062872186594,0.25906520094697877,0.12661359360208801
Union_Bayern,0,17,Michael Olise,FC Bayern München,6,2,3011287,3011421,2.68,-29.208099365234375,-5.960285663604736,-15.037080764770508,-9.746190071105957,14.668021010260043,6.518857570046146,5.752908758821187,-0.2610612745792008,True,-0.0035555587349596074,0.5012733821380916,0.497717823403132,diagonal,-0.9707416678216778,0.536099500129772,0.06619462310553867
Union_Bayern,0,44,Josip Stani&amp;#353;i&amp;#263;,FC Bayern München,8,2,3013442,3013504,1.24,-6.187942981719971,30.929990768432617,0.6531476378440857,32.75902557373047,7.081376221051828,6.15418205371454,5.69481675642993,0.2612496943396988,True,0.0367936540368331,0.5032483503882386,0.5400420044250717,forward,0.3833730485904894,0.1759309956532895,0.19150806424742922
Union_Bayern,0,27,Konrad Laimer,FC Bayern München,17,2,3014814,3014991,3.54,7.080514430999756,-28.309894561767578,24.63030433654785,-16.377946853637695,21.22184020857814,7.895361901331976,6.715868099613716,0.5971022556700991,True,0.004833354191844386,0.38674134201850074,0.39157469621034513,forward,0.044150273195870046,0.4427467317970267,0.09341899822610396
Union_Bayern,0,17,Michael Olise,FC Bayern München,9,2,3015473,3015568,1.9,0.555647611618042,-5.010990619659424,11.293176651000977,-8.317323684692383,11.235050876988588,6.889785841458406,5.924014850930823,-0.298709735923498,True,0.025107273928707596,0.5270307738584723,0.5521380477871799,forward,-0.13007517922298084,0.3587908631121963,0.1408446753783138
Union_Bayern,1,15,Tom Rothe,1. FC Union Berlin,4,2,3015902,3015990,1.76,15.946523666381836,-14.980123519897461,20.90912437438965,-21.751914978027344,8.395508640905593,5.830912088709327,5.359311008015669,-0.9383721180650567,False,0.0002785900480782866,0.6450026044513195,0.6452811944993978,sideways,-0.3846546971888478,0.49231139679810226,0.021415031548096364
Union_Bayern,1,8,Rani Khedira,1. FC Union Berlin,15,2,3016025,3016243,4.36,2.9776856899261475,-9.547286033630371,-24.915918350219727,-5.66014289855957,28.163150180705465,7.428132518043793,6.502809212589475,3.003128316014665,False,0.02826200415655511,0.5482287173460664,0.5764907215026215,forward,-3.062360991882337,0.28796484898643315,0.1499245527072618
Union_Bayern,1,7,Oliver Burke,1. FC Union Berlin,15,2,3016046,3016164,2.36,-3.7002904415130615,-13.900766372680664,-13.915728569030762,-22.249847412109375,13.193268372169587,6.73097192979141,5.948334739448582,-2.4563913859057864,False,0.001324742473505447,0.4518244016680321,0.45314914414153756,sideways,-1.8378622846470751,0.3129372512717638,0.05650016343628335
Union_Bayern,0,7,Serge Gnabry,FC Bayern München,6,2,3017228,3017430,4.04,-2.8073809146881104,17.29726791381836,19.961891174316406,8.07479476928711,24.566110037299765,7.020637979849039,6.179111708170973,-0.38484391039512733,True,0.011797127715289069,0.44005982301986446,0.45185695073515353,forward,-0.17864991154378548,0.42100674215924355,0.1669724434329567
Union_Bayern,0,44,Josip Stani&amp;#353;i&amp;#263;,FC Bayern München,7,2,3017303,3017539,4.72,14.768357276916504,12.972709655761719,43.313270568847656,15.901566505432129,28.694777874897884,7.56424449215098,6.3874620271657925,0.10224739838279374,True,0.0035117899393284358,0.5658704668109431,0.5693822567502715,diagonal,0.9364205162511638,0.45718831214959205,0.09358548925356368
Union_Bayern,0,8,Leon Goretzka,FC Bayern München,7,2,3017322,3017435,2.26,13.773581504821777,-1.5033142566680908,25.688838958740234,-3.5373096466064453,12.087617525362466,5.623730883362037,5.359805421074147,-0.1690753864379428,True,0.02097944069880686,0.4526881299318508,0.4736675706306577,forward,-0.302868542624381,0.1328986106066417,0.15955634798315393
Union_Bayern,0,9,Harry Kane,FC Bayern München,7,2,3017356,3017457,2.02,16.28588104248047,9.686057090759277,28.079423904418945,6.731819152832031,12.157926428066121,6.694461878996186,6.066242382217091,-0.24544564159986576,True,0.005914054627711884,0.4015322897072463,0.4074463443349582,forward,0.21718832264752239,0.38391258239491977,0.07411965136139066
Union_Bayern,0,14,Luis Díaz Marulanda,FC Bayern München,7,2,3017368,3017479,2.22,17.05702781677246,29.740262985229492,29.18844223022461,25.342618942260742,12.903894326891129,6.536014114562185,5.793276526589508,-0.3477674481728182,True,0.0009194248549054818,0.6296038199925755,0.630523244847481,forward,-0.28385218462144607,0.12887005580112565,0.11353374835021261
Union_Bayern,1,7,Oliver Burke,1. FC Union Berlin,1,2,3019246,3019336,1.8,-9.509556770324707,-12.03966236114502,-19.652685165405273,-13.801314353942871,10.29497311229215,6.207285715145891,5.719155771256892,-2.969628676345053,False,0.04732376209072037,0.48864152662778865,0.535965288718509,forward,-2.989852792295791,0.4966806028234144,0.12481880011137067
Union_Bayern,1,10,Ilyas Ansah,1. FC Union Berlin,7,2,3021150,3021251,2.02,-12.274809837341309,-26.979639053344727,-21.532194137573242,-20.4326229095459,11.338544195325216,6.369757742452907,5.6539776810030595,2.52603683471111,False,0.0017406119738628822,0.5173322039488049,0.5190728159226677,forward,2.83936009106293,0.05594792386622208,0.05470950012173006
Union_Bayern,1,19,Janik Haberer,1. FC Union Berlin,7,2,3021185,3021249,1.28,5.855719089508057,5.790604591369629,-0.4529428482055664,7.8720479011535645,6.643163530743535,5.32660851213381,5.179456652512255,2.822904435230821,False,0.000872598241485667,0.5834805668955952,0.5843531651370809,forward,2.7860139455832136,0.0,0.08150651567985495
Union_Bayern,1,5,Danilho Doekhi,1. FC Union Berlin,15,2,3023352,3023554,4.04,-26.93909454345703,-13.302633285522461,-44.261600494384766,-28.57740020751953,23.095188177221303,7.281925024433998,6.261185875837339,-2.4189313870458338,False,0.002223071462867876,0.4050482165704915,0.4072712880333594,sideways,-1.8772839454677395,0.2265432565835611,0.060756019600045154
Union_Bayern,1,8,Rani Khedira,1. FC Union Berlin,15,2,3023405,3023589,3.68,-30.27389907836914,-9.190452575683594,-43.491539001464844,-26.105731964111328,21.46701381015025,6.8797011362551155,6.315264041556826,-2.234093950675714,False,0.006366813052247788,0.47256679928849216,0.47893361234073994,diagonal,-2.490206544430038,0.14213847736331525,0.07967283290060746
Union_Bayern,0,9,Harry Kane,FC Bayern München,8,2,3024451,3024764,6.26,-11.94123363494873,-10.837442398071289,26.508451461791992,-9.74173355102539,38.46529425229996,7.43648849241939,6.392891147771573,0.028489502152915288,True,0.004117815058046204,0.5117836693052147,0.5159014843632609,diagonal,0.8002984744328898,0.5860978592693474,0.05643678194107158
Union_Bayern,0,7,Serge Gnabry,FC Bayern München,8,2,3024478,3024682,4.08,-11.180595397949219,-24.13922882080078,13.209895133972168,-18.93854331970215,24.938788223750656,7.332535835196099,6.339426614399564,0.2100798749455982,True,0.0034456678793762796,0.7338004036432082,0.7372460715225845,forward,0.10297857049460095,0.22366955974486116,0.1054268136668791
Union_Bayern,0,17,Michael Olise,FC Bayern München,8,2,3024478,3024623,2.9,-8.778491020202637,-23.491043090820312,8.054352760314941,-23.467552185058594,16.83286017175818,6.542485211728534,5.913751352660213,0.001395539031804222,True,0.007172264581933874,0.7312429798261944,0.7384152444081282,forward,0.19718180432905008,0.2240530602561585,0.10290297757635786
Union_Bayern,0,44,Josip Stani&amp;#353;i&amp;#263;,FC Bayern München,8,2,3024479,3024781,6.04,-15.185099601745605,7.33693790435791,23.984161376953125,11.333514213562012,39.372625360937036,7.342952153081826,6.530386541197771,0.10168159867602988,True,0.005338875954892908,0.6933077381778046,0.6986466141326975,forward,0.24552054955632727,0.08266773820771418,0.13247174749242918
Union_Bayern,0,14,Luis Díaz Marulanda,FC Bayern München,8,2,3024490,3024754,5.28,-11.676852226257324,-2.268904685974121,20.686357498168945,2.1170239448547363,32.65905255242294,6.937101182596976,6.222992719493353,0.1347014015247571,True,0.011223522122146057,0.5985815523734009,0.609805074495547,diagonal,0.5306940018633316,0.21698395445880933,0.11502855675075878
Union_Bayern,1,8,Rani Khedira,1. FC Union Berlin,10,2,3024979,3025424,8.9,8.470966339111328,-8.330281257629395,-39.27499008178711,-23.75804328918457,50.176610047397865,7.668864181826609,6.374229987561732,-2.8290604086836386,False,0.021101830340888972,0.6387295419699083,0.6598313723107972,forward,2.9394186562865077,0.3021075530848427,0.11963194307258114
Union_Bayern,1,6,Aljoscha Kemlein,1. FC Union Berlin,15,2,3025159,3025448,5.78,-1.6923428773880005,-3.622309446334839,-38.356163024902344,-1.63852858543396,36.71744945272418,7.139603692119692,6.400968056934305,3.087538047720914,False,0.0013049988462797701,0.6628733340635915,0.6641783329098713,forward,3.0507861316240033,0.08992473553373997,0.10265521731615858
Union_Bayern,1,7,Oliver Burke,1. FC Union Berlin,15,2,3025193,3025469,5.52,-10.686470985412598,-10.893567085266113,-45.5356559753418,-8.887014389038086,34.90690401890501,7.814154291351655,7.064882498351169,3.0840779745171587,False,0.005116609342408873,0.6046951254448194,0.6098117347872283,forward,3.1347526628029874,0.3365157464502447,0.040420891519786444
Union_Bayern,1,13,András Schäfer,1. FC Union Berlin,15,2,3025208,3025471,5.26,3.8020904064178467,-3.638357162475586,-27.733633041381836,1.9209142923355103,32.02198233221017,6.9828822909724995,6.1204863189516505,2.9671005527936742,False,0.0007434393670863182,0.5871186432314522,0.5878620825985386,forward,-2.9316487479569995,0.0688242050498419,0.04787516911732248
Union_Bayern,1,19,Janik Haberer,1. FC Union Berlin,15,2,3025243,3025514,5.42,3.496999979019165,7.402590751647949,-34.91146469116211,12.188343048095703,38.705472266380085,8.381391723950093,7.139289666555421,3.0176300478616827,False,-1.3593552192103786e-05,0.6120410932163229,0.6120274996641308,forward,3.04165909905689,0.09696425534385435,0.058348393001562915
Union_Bayern,1,15,Tom Rothe,1. FC Union Berlin,14,2,3027370,3027448,1.56,-2.4248571395874023,-28.368961334228516,5.878352165222168,-25.107681274414062,8.920719275261362,6.083472687120464,5.68847511941039,0.37426110001314744,False,-0.0029532222662925767,0.517406777645947,0.5144535553796544,sideways,0.3462687378487397,0.45706114325824837,0.07875050717263317
Union_Bayern,1,4,Diogo Monteiro Pinto Leite,1. FC Union Berlin,15,2,3027852,3027948,1.92,12.842952728271484,-24.288782119750977,2.256195306777954,-25.475296020507812,10.653039375607205,6.067676817501358,5.550376892016768,-3.029983113564687,False,0.035248412615938585,0.46494798912092683,0.5001964017368654,forward,3.030190632746586,0.34193972600381667,0.19748629635444903
Union_Bayern,1,7,Oliver Burke,1. FC Union Berlin,15,2,3027877,3028000,2.46,-9.191566467285156,-14.012661933898926,-20.751876831054688,-24.82339096069336,15.82759102951087,7.480630995593753,6.5947679306635685,-2.389688732164133,False,0.0008218418544790329,0.474635281345033,0.47545712319951206,sideways,-1.9324388032737951,0.16518972219601455,0.03223165139398923
Union_Bayern,1,13,András Schäfer,1. FC Union Berlin,15,2,3030884,3031113,4.58,-14.396367073059082,-14.097609519958496,-4.268162250518799,12.402976036071777,28.370082265298574,6.836873339499872,6.275282284590266,1.2057388202563848,False,0.0072149498515237664,0.4790196470056169,0.48623459685714066,sideways,1.6063166853093456,0.36910044226092836,0.08027360243925373
Union_Bayern,0,14,Luis Díaz Marulanda,FC Bayern München,4,2,3030948,3031101,3.06,-2.9719810485839844,13.223319053649902,7.263357162475586,27.51864242553711,17.581763808037028,6.181693152599886,5.744505168010703,0.9494178664618527,True,0.035179617348850556,0.5347213038241019,0.5699009211729524,diagonal,0.934421552641557,0.3051016312344203,0.07065190175101678
Union_Bayern,0,9,Harry Kane,FC Bayern München,4,2,3030993,3031101,2.16,-6.106509685516357,-0.7932237982749939,1.196847677230835,7.523461818695068,11.068255888779873,5.227502747132648,5.121161140815453,0.8501809732704319,True,0.005145704942566998,0.4006522552266538,0.4057979601692208,diagonal,0.9517249993020852,0.13488129588760853,0.08623281208112812
Union_Bayern,0,42,Lennart Karl,FC Bayern München,9,2,3031469,3031515,0.92,15.422890663146973,16.582843780517578,18.918691635131836,20.416166305541992,5.187965498785614,6.234678314730639,5.637130544852614,0.8314177524417977,True,-0.0009682040143599857,0.4029507096845633,0.4019825056702033,diagonal,0.8946665040573958,0.3215255300201268,0.12713611945190892
Union_Bayern,0,17,Michael Olise,FC Bayern München,6,2,3033110,3033234,2.48,35.366886138916016,-21.826885223388672,46.31203842163086,-12.268576622009277,14.531263599942754,7.170961872629598,6.0475612963927485,0.7178615415189278,True,0.005698888064220031,0.7947215246430512,0.8004204127072713,diagonal,1.1027352616251092,0.08242354574370808,0.271804401002155
Union_Bayern,0,27,Konrad Laimer,FC Bayern München,6,2,3033129,3033180,1.02,32.56208801269531,-16.69240951538086,38.0645866394043,-16.150785446166992,5.529091043678522,6.151320377675669,5.426594771337809,0.09811631980860426,True,0.023948342236656872,0.7461039231507287,0.7700522653873856,forward,0.214873785987982,0.2623745718139428,0.2000835795420883
Union_Bayern,0,44,Josip Stani&amp;#353;i&amp;#263;,FC Bayern München,6,2,3033167,3033290,2.46,35.26676559448242,11.01723861694336,50.3468132019043,5.995028495788574,15.894352152357131,7.336484928979287,6.4561968464245805,-0.3214836101958022,True,0.0017779916799980366,0.4116715612334535,0.41344955291345153,forward,-0.2761579530432868,0.048175112619963524,0.12780985430508054
Union_Bayern,0,44,Josip Stani&amp;#353;i&amp;#263;,FC Bayern München,8,2,3035147,3035251,2.08,12.670919418334961,21.3836669921875,24.08283233642578,16.79243278503418,12.300861270456753,6.58009534617876,5.903965277973726,-0.38250427810500703,True,0.014755138913532195,0.4343878887065988,0.449143027620131,forward,-0.3428962175101343,0.4822736528678147,0.16034448831918308
Union_Bayern,0,8,Leon Goretzka,FC Bayern München,2,2,3036493,3036542,0.98,9.859994888305664,-2.02606201171875,5.252985954284668,0.8644190430641174,5.438695803794137,5.983943246217512,5.527199203649178,2.581262558361185,True,0.00654836319984331,0.5974203417527204,0.6039687049525637,sideways,2.5599930609721615,0.3379545407505576,0.03047276270144335
Union_Bayern,0,42,Lennart Karl,FC Bayern München,27,2,3037798,3037986,3.76,6.467909812927246,-10.688281059265137,28.605953216552734,-12.56618595123291,22.21754920156772,7.01174830575396,5.927461508051411,-0.08462446159954441,True,0.006105064522308745,0.5488575648959119,0.5549626294182206,forward,-0.02826165341463264,0.27914812798438615,0.13260418958673295
Union_Bayern,0,6,Joshua Kimmich,FC Bayern München,27,2,3037845,3037921,1.52,1.4530999660491943,-7.256928443908691,9.287457466125488,-7.781081199645996,7.851871977455357,5.339651787147395,5.161456958536643,-0.06680481194742154,True,0.0002720508796981713,0.4673267689741065,0.4675988198538047,forward,-0.16765195895993398,0.06104413233692338,0.13228886694890954
Union_Bayern,0,42,Lennart Karl,FC Bayern München,17,2,3039717,3039768,1.02,28.716184616088867,-22.28597640991211,34.489227294921875,-23.37491798400879,5.8748459999751095,6.088535764084036,5.7189972991915,-0.18643475458064857,True,0.0036593245822753584,0.5221918103919935,0.5258511349742688,forward,-0.03883320476843326,0.33784406055317234,0.14837192093763968
Union_Bayern,1,7,Oliver Burke,1. FC Union Berlin,10,2,3040090,3040245,3.1,16.781063079833984,-12.87450885772705,-5.250237941741943,-16.577594757080078,22.340346234588214,8.300978516753542,7.1928222653669405,-2.9750662954983924,False,0.0035609192690064795,0.4862698757236968,0.48983079499270327,forward,-2.916936242855249,0.28874582189406656,0.09887596150361387
Union_Bayern,0,27,Konrad Laimer,FC Bayern München,17,2,3041571,3041644,1.46,32.25887680053711,-12.146456718444824,40.450965881347656,-11.769338607788086,8.200764694668461,6.093842519499019,5.629690657532144,0.04600194808655392,True,0.009969739341204154,0.4266538165071065,0.43662355584831064,forward,0.3787735456177791,0.12388979092016822,0.2730173767124387
Union_Bayern,0,14,Luis Díaz Marulanda,FC Bayern München,42,2,3041892,3041964,1.44,34.59364318847656,16.848323822021484,43.29352951049805,16.35137176513672,8.714068129349146,7.161789850730558,6.058528730442908,-0.05705966664257094,True,0.0042888045432327715,0.6352169502140296,0.6395057547572623,forward,-0.15577190474778765,0.4009392674823485,0.19409299752587675
Union_Bayern,1,10,Ilyas Ansah,1. FC Union Berlin,1,2,3047455,3047551,1.92,-7.779904842376709,-20.746299743652344,-17.16313934326172,-25.572429656982422,10.551616920592698,5.774088519257088,5.518259572757545,-2.666542584544856,False,0.016619171260568666,0.5375698147602493,0.554188986020818,forward,-2.9079877374554557,0.4232922650395847,0.08152801127996022
Union_Bayern,1,7,Oliver Burke,1. FC Union Berlin,1,2,3047483,3047578,1.9,-12.594680786132812,-10.048033714294434,-20.508081436157227,-16.430519104003906,10.166515115695333,5.793049512485453,5.359453719344242,-2.4628757492784286,False,0.005678203917722668,0.4496515589508816,0.45532976286860427,diagonal,-2.670285996719119,0.3387048328239015,0.07766956516088253
Union_Bayern,1,19,Janik Haberer,1. FC Union Berlin,6,2,3051270,3051353,1.66,-21.51296615600586,19.622699737548828,-27.79161834716797,25.816423416137695,8.819506014754861,5.480475478662595,5.309409212340445,2.36300371410212,False,0.00041442470052688307,0.7360792500808065,0.7364936747813334,diagonal,2.306810165469801,0.19072034267644522,0.06496317904977383
Union_Bayern,1,7,Oliver Burke,1. FC Union Berlin,6,2,3051305,3051423,2.36,-33.43830490112305,17.46417236328125,-41.596282958984375,29.339780807495117,14.40772993614298,6.618071882225147,6.119361774380731,2.1727117519722086,False,0.013337451488159124,0.6732342782514774,0.6865717297396365,diagonal,2.31213197071562,0.21172120408188963,0.1086682883195337
Union_Bayern,0,6,Joshua Kimmich,FC Bayern München,14,2,3051382,3051453,1.42,-37.843563079833984,13.087752342224121,-41.276390075683594,20.019147872924805,7.734891414005194,5.711933730874646,5.431592117521876,2.030642902367729,True,0.00012888179283582213,0.427982875700881,0.4281117574937168,sideways,2.02671324551412,0.27341324393753524,0.05050938099035019
Union_Bayern,0,6,Joshua Kimmich,FC Bayern München,8,2,3051791,3052091,6.0,-29.26352882385254,12.95431900024414,1.8679618835449219,-2.022738218307495,34.54680819688765,6.526085408111833,5.765376191148847,-0.4484057070619821,True,-0.00019837767747710178,0.558798771447158,0.5586003937696808,diagonal,-0.6029025961302015,0.08723800675220907,0.07150156804084862
Union_Bayern,0,4,Jonathan Tah,FC Bayern München,8,2,3051825,3051965,2.8,-24.03441047668457,6.732500076293945,-8.91417121887207,2.032252550125122,15.833949665852499,5.9919481321340795,5.648950701601413,-0.3013882667912,True,-0.000412477394239108,0.7010315301119323,0.7006190527176932,diagonal,-0.3973351274271878,0.07363139488921223,0.05063120039496012
Union_Bayern,0,42,Lennart Karl,FC Bayern München,8,2,3051848,3052084,4.72,-3.5629236698150635,-4.065695285797119,21.74042320251465,-8.869462013244629,25.755301157493182,5.9576870224636425,5.505237936498551,-0.18761435843626173,True,0.011905429065234507,0.44219429826952217,0.4540997273347567,forward,-0.22770302109729615,0.18638358895095253,0.0669253585533834
Union_Bayern,0,27,Konrad Laimer,FC Bayern München,8,2,3051866,3052120,5.08,-7.810633182525635,-17.94333839416504,22.7244815826416,-22.685104370117188,30.90109348053288,7.41663507262908,6.078428446684316,-0.1540584607254651,True,0.0014634314042794028,0.5915625078074151,0.5930259392116946,forward,-0.1862472134219893,0.27277107551932994,0.0706471518122732
Union_Bayern,0,44,Josip Stani&amp;#353;i&amp;#263;,FC Bayern München,27,2,3051917,3051979,1.24,11.47625732421875,22.062353134155273,17.47101402282715,19.996232986450195,6.340817008892712,5.259180705899509,5.10609024353968,-0.33190480796488503,True,0.0011420028776404356,0.6130480349299505,0.614190037807591,forward,-0.39185559980025164,0.05464350322021804,0.0589103901871725
Union_Bayern,0,8,Leon Goretzka,FC Bayern München,27,2,3051935,3052012,1.54,-14.923504829406738,-10.60350513458252,-7.137700080871582,-11.733428001403809,7.86736812836912,5.19299120042249,5.105560745407515,-0.1441198458939869,True,0.0003994048513423776,0.7932891730711532,0.7936885779224956,forward,-0.08365946637205575,0.032220801358668026,0.07983793477897726
Union_Bayern,0,17,Michael Olise,FC Bayern München,27,2,3051961,3052149,3.76,16.32164192199707,-6.024271488189697,38.29913330078125,0.18270476162433624,22.837177616121664,7.390056372518516,6.1169597134693525,0.2752552801477549,True,0.013885193910671834,0.37265461151034834,0.3865398054210202,forward,-0.1377203362516488,0.33939909020489417,0.08518203794043132
Union_Bayern,0,42,Lennart Karl,FC Bayern München,9,2,3055167,3055228,1.22,34.94953918457031,-12.546552658081055,41.8815803527832,-13.421785354614258,6.9870757138361625,6.43955198273861,5.861746686127882,-0.12559444834082834,True,0.0066646393780256385,0.3935229771693681,0.40018761654739377,diagonal,0.4459173825876441,0.3209618788698044,0.10817832396771204
Union_Bayern,0,44,Josip Stani&amp;#353;i&amp;#263;,FC Bayern München,4,2,3058048,3058398,7.0,-14.61223316192627,2.425628662109375,21.115190505981445,23.214162826538086,41.335359616819495,7.11652822793122,6.2663194421432555,0.5269781371679091,True,0.0019452735648676223,0.5368921846537417,0.5388374582186093,diagonal,0.965758468362833,0.38748119454612184,0.0382075215130508
Union_Bayern,0,44,Josip Stani&amp;#353;i&amp;#263;,FC Bayern München,8,2,3059848,3059942,1.88,21.766162872314453,32.05436325073242,31.458070755004883,27.018798828125,10.921995580514878,6.503489694679434,5.940028695306946,-0.4791758688909395,True,0.0433456711997352,0.5319501775234065,0.5752958487231417,forward,-0.14109388680324936,0.27597090920592415,0.24644614386140307
Union_Bayern,0,42,Lennart Karl,FC Bayern München,9,2,3060085,3060143,1.16,26.181180953979492,-1.662685751914978,32.132633209228516,-3.2578237056732178,6.161513534678692,5.515501923057811,5.296650574717727,-0.26187011009004374,True,0.023063845623189305,0.5046517587722789,0.5277156043954682,forward,-0.30819646151488006,0.20526630952569172,0.15916830082692665
Union_Bayern,0,6,Joshua Kimmich,FC Bayern München,17,2,3064309,3064486,3.54,25.727928161621094,-25.327375411987305,46.41602325439453,-24.717256546020508,20.6970897374062,6.831218743685617,6.0673721548624995,0.02948275684699105,True,0.030821337697712003,0.6411533390962397,0.6719746767939517,forward,0.025771674611790828,0.3052678763181382,0.19113891583380901
Union_Bayern,0,17,Michael Olise,FC Bayern München,1,2,3069275,3069418,2.86,-3.560028553009033,-6.086371421813965,0.99298095703125,-20.620084762573242,15.230191038522184,5.564704334863069,5.324689971923098,-1.2672080416973042,True,0.02036162601348923,0.49002515725796847,0.5103867832714577,sideways,-1.192411818775418,0.25772053561615144,0.07810510194951972
Union_Bayern,0,27,Konrad Laimer,FC Bayern München,14,2,3072481,3072566,1.7,14.408123970031738,5.473762035369873,5.8588762283325195,7.872023582458496,8.879262097561549,5.399122174265329,5.253191078265002,2.8680989385746365,True,0.0004855333526706529,0.625181998602248,0.6256675319549186,sideways,2.607025978907373,0.1269304428629681,0.036392909806627544
Union_Bayern,0,27,Konrad Laimer,FC Bayern München,14,2,3072601,3072755,3.08,2.4448904991149902,7.8976521492004395,-11.493047714233398,-4.279228687286377,18.50790502853084,6.812961267879668,6.094091617684658,-2.4235277220443976,True,-0.0006890656253973892,0.6113013588962546,0.6106122932708572,sideways,-2.9926614572283405,0.4616141394779295,0.014816297959738522
Union_Bayern,0,17,Michael Olise,FC Bayern München,14,2,3072613,3072702,1.78,27.800657272338867,-16.042795181274414,21.433013916015625,-22.72184181213379,9.2280304404852,5.286548074699037,5.1739897936249655,-2.332330647360088,True,0.0010484191027416712,0.593235625992594,0.5942840450953357,sideways,-2.3172975280454486,0.02017976715396322,0.10652133061623474
Union_Bayern,0,6,Joshua Kimmich,FC Bayern München,14,2,3072616,3072743,2.54,10.227790832519531,-11.749161720275879,-2.3600380420684814,-17.92604637145996,14.021673928955316,5.89635327876612,5.575317064498885,-2.68541031554364,True,0.0005288587426586222,0.5724371595420449,0.5729660182847035,sideways,-2.9278852718038486,0.1466201798864342,0.019893393450691153
Union_Bayern,0,2,Dayotchanculle Upamecano,FC Bayern München,14,2,3072683,3072889,4.12,24.78675651550293,-0.5260857343673706,4.500400066375732,-8.452219009399414,21.779803641782788,5.816510808634751,5.433868101443631,-2.7691182831702075,True,0.001136278393890855,0.5273512708592024,0.5284875492530933,sideways,-3.0692474764952977,0.1508305338789537,0.015411780835040004
Union_Bayern,0,42,Lennart Karl,FC Bayern München,14,2,3072683,3072837,3.08,18.164270401000977,-1.6366856098175049,1.0602571964263916,-5.628457069396973,17.563641623757157,6.201436720165171,5.7173681368694655,-2.9123144200394973,True,0.0008275384360471039,0.5979986051386204,0.5988261435746675,sideways,-2.7765894745681448,0.17489703048569044,0.01705026912501132
Union_Bayern,0,44,Josip Stani&amp;#353;i&amp;#263;,FC Bayern München,9,2,3075707,3075834,2.54,13.145129203796387,13.336662292480469,3.0879428386688232,22.938880920410156,13.905020681806542,6.168601524714553,5.843281217124494,2.379332857823653,True,-0.0010709841032157108,0.5705202232943773,0.5694492391911616,sideways,2.732082726319777,0.35611628717898297,0.07935968533074511
Union_Bayern,0,8,Leon Goretzka,FC Bayern München,9,2,3075747,3075908,3.22,16.46099090576172,-8.314342498779297,10.48950481414795,9.824180603027344,19.096195078002054,6.407517245877447,5.917015560816805,1.8888364204442982,True,0.0005762059850942802,0.452249378963936,0.4528255849490303,sideways,1.9320497481889813,0.1490002352331045,0.015104259231682515
Union_Bayern,0,4,Jonathan Tah,FC Bayern München,44,2,3075809,3075865,1.12,1.9012428522109985,4.710695266723633,-1.5987762212753296,9.37701416015625,5.833066563135921,5.3636717171114565,5.2046011164387265,2.2143358240974025,True,0.0019580546507489416,0.6400719065323118,0.6420299611830608,sideways,2.3471635071075987,0.22562133287406702,0.054761412214138085
Union_Bayern,0,8,Leon Goretzka,FC Bayern München,2,2,3076882,3076933,1.02,-3.479628562927246,8.453828811645508,-8.69327163696289,10.985085487365723,5.795630635385419,5.978827360504267,5.6475575965617075,2.689607071194111,True,0.0004600492882065321,0.6102909418895011,0.6107509911777076,sideways,2.6682085066670145,0.19318332452606393,0.07866744364072178
Union_Bayern,0,44,Josip Stani&amp;#353;i&amp;#263;,FC Bayern München,4,2,3077196,3077260,1.28,6.159457206726074,5.2789716720581055,9.780638694763184,-1.2346951961517334,7.45257079398225,6.26038735808221,5.791658978495832,-1.0634072011637883,True,0.02145422313262524,0.4007945133282786,0.42224873646090383,diagonal,-1.1616053215496305,0.12001558086990412,0.2675836210587334
Union_Bayern,0,42,Lennart Karl,FC Bayern München,8,2,3077454,3077593,2.78,-4.0179667472839355,-3.7877237796783447,5.5495476722717285,11.061866760253906,17.6648711111078,7.335802529899809,6.359479493518664,0.9984422313743264,True,0.0014764246737570819,0.40237211663222056,0.40384854130597764,diagonal,0.8239921657705084,0.06330023645137939,0.08986311277996402
Union_Bayern,0,6,Joshua Kimmich,FC Bayern München,27,2,3078529,3078770,4.82,3.890552282333374,-11.406318664550781,32.67008972167969,-14.587281227111816,28.954797496220742,7.089232473516721,6.2368419662779315,-0.11008179706527586,True,0.0026771325966428172,0.6348977693275907,0.6375749019242335,diagonal,-0.835352314228274,0.07895194373559136,0.03740432682684947
Union_Bayern,0,17,Michael Olise,FC Bayern München,27,2,3078546,3078702,3.12,23.80217170715332,-28.033586502075195,38.539947509765625,-17.420948028564453,18.1612260317828,6.795223710672593,5.856254813248607,0.6240873947095515,True,0.0011986433475302816,0.5800047507787773,0.5812033941263076,forward,0.21758396464492494,0.352580835049783,0.14693302770531028
Union_Bayern,0,9,Harry Kane,FC Bayern München,17,2,3078566,3078672,2.12,24.580089569091797,-6.504256725311279,35.34968948364258,-5.8610429763793945,10.788790768492417,5.379487357760442,5.189636691756233,0.05965408100554482,True,0.003046448999312057,0.574672399824579,0.577718848823891,forward,-0.34115445776302444,0.3571162770576624,0.0381125530808823
Union_Bayern,0,14,Luis Díaz Marulanda,FC Bayern München,17,2,3078579,3078713,2.68,25.10100555419922,23.71273422241211,35.220062255859375,13.775371551513672,14.182612079034632,5.497517729322253,5.286396760393768,-0.7763392652361184,True,0.0018528692527643997,0.6198633725839909,0.6217162418367553,diagonal,-0.8489092198681255,0.0,0.05796000725323012
Union_Bayern,0,44,Josip Stani&amp;#353;i&amp;#263;,FC Bayern München,17,2,3078580,3078689,2.18,16.160247802734375,-8.709395408630371,27.297290802001953,-9.966242790222168,11.207738046017543,5.371259279494565,5.170696886756377,-0.11237741882573445,True,0.002602885910896857,0.5749748311216946,0.5775777170325914,forward,-0.30820077892462716,0.25080368110259604,0.06082423565742135
Union_Bayern,0,27,Konrad Laimer,FC Bayern München,17,2,3078720,3078783,1.26,41.46957778930664,-10.175732612609863,49.45608901977539,-8.785537719726562,8.106602461858007,7.270334785327391,6.394898587466746,0.17234107890023803,True,-0.0003960605270439954,0.3740224983413423,0.37362643781429833,forward,0.019916377075134828,0.552820229503245,0.07786341532941304
Union_Bayern,0,42,Lennart Karl,FC Bayern München,2,2,3080150,3080316,3.32,7.2420477867126465,-13.123499870300293,26.738271713256836,-16.00313377380371,19.7077405811057,6.864616872960023,5.938107575773531,-0.14664189311024733,True,0.022678844193480985,0.4293587783402515,0.4520376225337325,forward,-0.3182762233032738,0.2797858525107346,0.1919322978668865
Union_Bayern,0,27,Konrad Laimer,FC Bayern München,2,2,3080241,3080326,1.7,3.6514809131622314,-15.499152183532715,12.570195198059082,-15.444727897644043,8.91888033883837,5.438359395502816,5.230038233269304,0.006102181169068649,True,0.005225882699770978,0.3797909544207485,0.3850168371205195,forward,-0.004550833421878277,0.15996006229455595,0.08462688723699141
Union_Bayern,0,9,Harry Kane,FC Bayern München,42,2,3080293,3080359,1.32,14.996824264526367,-5.282938003540039,22.064390182495117,-7.284714221954346,7.345583437239179,5.89971685121893,5.553670536772758,-0.27600522949085315,True,0.005362790979085819,0.46767409561860346,0.4730368865976893,diagonal,-0.42621677400588276,0.2106653236182477,0.07453751725992538
Union_Bayern,1,13,András Schäfer,1. FC Union Berlin,33,2,3080613,3080683,1.4,3.6938858032226562,-0.3643476366996765,-3.6433191299438477,-0.3508666753768921,7.337217317730276,5.4299611705384985,5.233285598372479,3.139755312766441,False,0.0009619315779159088,0.5849238808569265,0.5858858124348424,forward,-3.093483594539953,0.07188981152936268,0.05289875100488703
Union_Bayern,1,18,Josip Juranovic,1. FC Union Berlin,33,2,3080671,3080958,5.74,13.221529006958008,11.137176513671875,-19.610000610351562,12.850309371948242,32.876194445257525,6.201093383307107,5.731577556598774,3.089460430975983,False,0.0007271914726527662,0.5305395645345127,0.5312667560071654,forward,3.0686285445434605,0.0037333455245004378,0.14481371520732733
Union_Bayern,0,42,Lennart Karl,FC Bayern München,27,2,3081335,3081704,7.38,-14.861971855163574,-20.219581604003906,32.2908935546875,-7.4606475830078125,48.84857330272463,8.6516904272874,7.288884699575609,0.2642585058556619,True,0.0016057554382652994,0.3609035725190412,0.3625093279573065,forward,0.08555687105504882,0.44816381268333616,0.12448230594970176
Union_Bayern,1,10,Ilyas Ansah,1. FC Union Berlin,1,2,3082822,3082898,1.52,-8.263856887817383,-11.442380905151367,-16.674423217773438,-8.813976287841797,8.81170453560971,6.4226918559189805,5.796129311115032,2.838696667381791,False,0.02590990672639132,0.4013148961330292,0.4272248028594205,forward,2.9439017140946007,0.2742227663828656,0.09411062599273938
Union_Bayern,1,7,Oliver Burke,1. FC Union Berlin,1,2,3082856,3082952,1.92,-8.268266677856445,-3.6632285118103027,-19.56501007080078,-4.242137908935547,11.311566972621938,6.346631085474764,5.903136245466841,-3.0903917532920278,False,0.04357840053485679,0.48232269584402526,0.525901096378882,forward,-3.1232352938427823,0.5019063168927168,0.06974958906849232
Union_Bayern,1,7,Oliver Burke,1. FC Union Berlin,10,2,3084111,3084221,2.2,-31.39956283569336,-11.231491088867188,-39.9818000793457,-1.5222476720809937,12.958557166318302,6.632551939149711,6.148503187196084,2.294658559830702,False,0.021542042646251147,0.34149082311101703,0.3630328657572682,diagonal,2.046107196709244,0.4071314623459804,0.13569542721585273
Union_Bayern,0,44,Josip Stani&amp;#353;i&amp;#263;,FC Bayern München,4,2,3085008,3085109,2.02,-3.3623905181884766,27.817676544189453,7.904728412628174,29.830381393432617,11.445477264462758,6.195679174764494,5.645109371293511,0.1767707254197491,True,0.008561342372483627,0.6125264140341286,0.6210877564066122,forward,0.26540904617705935,0.2507324555310595,0.1208341543598857
Union_Bayern,0,27,Konrad Laimer,FC Bayern München,2,2,3086493,3086553,1.2,30.798290252685547,-17.509380340576172,36.84823226928711,-20.065752029418945,6.567863778715103,5.982660272548431,5.445068632906959,-0.39978925531056125,True,-0.004470793175517684,0.4711810748841073,0.46671028170858964,forward,-0.3087153963688908,0.49934555074501435,0.12992310806309468
Union_Bayern,0,44,Josip Stani&amp;#353;i&amp;#263;,FC Bayern München,6,2,3088997,3089112,2.3,20.989999771118164,9.191047668457031,34.346595764160156,5.535414218902588,13.847826993389495,6.665751719889415,6.041342091559643,-0.26715255214142486,True,0.02265327019357999,0.441214359354826,0.463867629548406,forward,0.1299804000523684,0.09499320940186404,0.3512155686946567
Union_Bayern,0,4,Jonathan Tah,FC Bayern München,42,2,3089302,3089403,2.02,6.153933048248291,5.445628643035889,10.270733833312988,15.815004348754883,11.15670207679064,6.202284324750869,5.628874524335668,1.1928656139192257,True,0.005326625068062585,0.5210366555839115,0.5263632806519741,diagonal,0.9373132750742216,0.21640490765957496,0.24322617465283913
Union_Bayern,0,8,Leon Goretzka,FC Bayern München,6,2,3090400,3090615,4.3,16.325748443603516,-0.8807714581489563,43.90220260620117,-16.289155960083008,31.58922501647185,8.871586315746173,7.3720557397741855,-0.5095373572271404,True,0.018213171443963172,0.3543515282140046,0.3725646996579678,diagonal,-0.45622481529513503,0.1477085422408053,0.3318308997803384
Union_Bayern,1,11,Wooyeong Jeong,1. FC Union Berlin,1,2,3091837,3091909,1.44,-0.4018142819404602,-4.7355427742004395,-7.759557247161865,-8.527880668640137,8.277572606016113,6.536329742629015,5.855960174073799,-2.665684205377142,False,0.010973596729626611,0.4745212458817242,0.4854948426113508,diagonal,-2.2011455013566157,0.2911322924020236,0.1300123204279566
Union_Bayern,0,45,Aleksandar Pavlovi&amp;#263;,FC Bayern München,4,2,3093611,3093714,2.06,11.87530517578125,6.110319137573242,18.599491119384766,15.286833763122559,11.376427263296488,5.8357960493517265,5.535146630725813,0.9384202072605656,True,0.010055835890937614,0.5017305037740686,0.5117863396650062,diagonal,1.045480353588822,0.16800373897935256,0.10847911504852993
Union_Bayern,0,44,Josip Stani&amp;#353;i&amp;#263;,FC Bayern München,14,2,3093719,3093803,1.68,20.55568504333496,23.956256866455078,30.100051879882812,24.448509216308594,9.55705240576459,6.141671852045637,5.735163326731822,0.05152951370043653,True,0.0014819353138832425,0.48691911617777356,0.4884010514916568,forward,0.29294777994932986,0.4330544210139439,0.12748752730984558
Union_Bayern,1,39,Derrick Köhn,1. FC Union Berlin,14,2,3097462,3097802,6.8,20.373323440551758,-26.59817123413086,-28.806846618652344,-14.849004745483398,50.564137886749265,8.883057778839385,7.559238618617337,2.907087563969884,False,0.0006800645187732268,0.4883239366525246,0.48900400117129783,forward,-3.1100425111777033,0.3239437332704881,0.15735401392564088
Union_Bayern,1,33,Alex Král,1. FC Union Berlin,14,2,3097495,3097615,2.4,14.4298095703125,-17.46630859375,0.37043333053588867,-22.032390594482422,14.782258456981724,7.404266948573693,6.217364987581039,-2.8275676131653507,False,0.010659574906059677,0.49861125183948146,0.5092708267455411,diagonal,-2.643415407635318,0.3230989587747839,0.09058633035446054
Union_Bayern,1,21,Tim Skarke,1. FC Union Berlin,8,2,3097568,3097816,4.96,2.7738237380981445,-10.42135238647461,-24.8480281829834,-1.3660523891448975,29.0682844624824,6.62493803631483,5.921183742296452,2.824802324877784,False,0.009938959941755532,0.37390483926673324,0.38384379920848877,forward,3.024328249732167,0.30932383071257147,0.11207574168667014
Union_Bayern,1,11,Wooyeong Jeong,1. FC Union Berlin,8,2,3097597,3097839,4.84,8.037276268005371,14.487419128417969,-25.29128074645996,8.213213920593262,33.913984779974776,7.951512808389199,6.99566037396808,-2.9555172500467504,False,0.0008950020544200576,0.6276769264229236,0.6285719284773437,forward,-2.9180311076623737,0.025906278268467166,0.13535070504117028
Union_Bayern,1,14,Leopold Querfeld,1. FC Union Berlin,18,2,3100746,3100845,1.98,-35.679107666015625,10.67582893371582,-46.86440658569336,7.000376224517822,11.773693750904803,6.985494986574889,6.069866974935843,-2.8241110775898783,False,0.057627704303031047,0.491146319691011,0.5487740239940421,forward,2.87349589317913,0.005708555429824318,0.3634950350934268
Union_Bayern,0,45,Aleksandar Pavlovi&amp;#263;,FC Bayern München,42,2,3103812,3103970,3.16,2.993995189666748,-18.613981246948242,21.051923751831055,-17.144914627075195,18.117586502894216,6.206633826200147,5.787284607508987,0.08117423385750923,True,0.03155829378049024,0.6912999016866401,0.7228581954671304,forward,-0.12610620339218903,0.22483936119278636,0.2674423313913769
Union_Bayern,0,9,Harry Kane,FC Bayern München,1,2,3103871,3103931,1.2,9.54366683959961,-15.049585342407227,15.76774787902832,-15.921619415283203,6.284872966865174,5.480646898492501,5.217024192910264,-0.139200371050007,True,0.03095220710188107,0.5207281576165899,0.5516803647184709,forward,-0.028451966435642892,0.2368051063315364,0.2941606896965408
Union_Bayern,1,18,Josip Juranovic,1. FC Union Berlin,11,2,3105136,3105264,2.56,36.35453796386719,25.057491302490234,50.20059585571289,22.976667404174805,14.001540888064545,6.187952142892838,5.628149274019398,-0.14916648131866372,False,0.000581502756839436,0.570194860837852,0.5707763635946914,sideways,-0.46934402072176135,0.4910382083779828,0.08504858771102031
Union_Bayern,1,21,Tim Skarke,1. FC Union Berlin,1,2,3106739,3106819,1.6,-7.586680889129639,-18.79193878173828,-9.960000038146973,-28.251399993896484,9.752643242086624,6.913530881683239,6.093498918623222,-1.8166159348877364,False,0.02408151872367631,0.3299973307277502,0.35407884945142654,sideways,-1.9235179833305218,0.2037007741617232,0.13988708005383418
Union_Bayern,0,4,Jonathan Tah,FC Bayern München,2,2,3107033,3107225,3.84,-20.45903778076172,-13.39299488067627,-29.42223358154297,6.997699737548828,22.273735788521346,7.0101605697130704,6.097215065145636,1.9849452802968555,True,0.00036864957794657816,0.6262998866278255,0.6266685362057721,sideways,2.4617358866634227,0.47114794138716576,0.04587009812664815
Union_Bayern,1,21,Tim Skarke,1. FC Union Berlin,1,2,3110875,3110953,1.56,-15.875814437866211,15.52578067779541,-24.147809982299805,17.807889938354492,8.58102167368541,5.905562203146528,5.521194832055403,2.872405000793683,False,0.007575223895655014,0.2981637904826985,0.3057390143783535,forward,2.793306611582309,0.3424989034576215,0.11964569981958287
Union_Bayern,0,45,Aleksandar Pavlovi&amp;#263;,FC Bayern München,4,2,3113076,3113138,1.24,6.880090713500977,-2.6172096729278564,8.721047401428223,3.5924999713897705,6.476852275106744,5.471391931413012,5.224769965749298,1.2825865212377894,True,0.002713158359275436,0.5391480439140149,0.5418612022732904,sideways,1.4038200471869626,0.20726096775159927,0.04281793842022072
Union_Bayern,0,6,Joshua Kimmich,FC Bayern München,45,2,3113639,3113734,1.9,6.519899845123291,-10.326762199401855,-3.42297625541687,-14.417709350585938,10.751587498805648,6.046430396064401,5.649999162245464,-2.7512589561554113,True,-0.0006435870753511708,0.6148755177653104,0.6142319306899592,sideways,-2.71864627220806,0.5111147780846328,0.015815371473714746
Union_Bayern,0,20,Tom Bischof,FC Bayern München,45,2,3113705,3113826,2.42,16.970670700073242,-15.635604858398438,6.70190954208374,-25.583261489868164,14.296969195513345,6.580562967432196,5.900286280725465,-2.372076509009883,True,0.0019929164455164128,0.37666709743190224,0.37866001387741866,sideways,-2.4906069110937445,0.23790343933198468,0.02785857872306211
Union_Bayern,0,17,Michael Olise,FC Bayern München,6,2,3113778,3113835,1.14,16.77492904663086,-30.724872589111328,17.126323699951172,-24.82908058166504,5.90625444740147,5.9256488216084,5.445010878340069,1.5112658252880373,True,0.029506937627628238,0.4420095119171543,0.47151644954478256,sideways,2.1064443478508212,0.036247379979655284,0.32350568943301067
Union_Bayern,1,18,Josip Juranovic,1. FC Union Berlin,21,2,3115336,3115650,6.28,11.501923561096191,20.92893409729004,-29.90911865234375,19.43703842163086,41.4379074026471,7.848087267460502,6.6513262504129,-3.1055817094227547,False,0.01639898462671835,0.4739250173227451,0.49032400194946346,forward,3.0578939808984655,0.48952143457197067,0.18655703451657252
Union_Bayern,1,33,Alex Král,1. FC Union Berlin,18,2,3115435,3115727,5.84,-1.3370285034179688,-0.5734571814537048,-42.737953186035156,-2.5922904014587402,41.45011763729914,7.974902192611834,7.123069943809971,-3.0928682502793516,False,0.007713918145390131,0.3655183534594922,0.3732322716048823,forward,2.7626303250513633,0.15410529924025285,0.11771505503746203
Union_Bayern,1,11,Wooyeong Jeong,1. FC Union Berlin,18,2,3115440,3115663,4.46,-5.9026713371276855,28.378042221069336,-33.98112869262695,29.71338653564453,28.11019231351965,7.10897204262341,6.383716440604802,3.094070849457649,False,0.0033406899834765857,0.46374452870373484,0.4670852186872114,forward,2.776687428934208,0.29672126983029157,0.09635329137776863
Union_Bayern,1,39,Derrick Köhn,1. FC Union Berlin,18,2,3115463,3115722,5.18,8.903023719787598,-16.4066104888916,-30.662113189697266,-11.438648223876953,39.875816076074116,9.212974541944092,7.711230525413057,3.0166822398519817,False,6.881036639466709e-05,0.4964584021889812,0.49652721255537585,forward,-2.980458271372908,0.057590678872058404,0.11622940629332205
Union_Bayern,0,11,Nicolas Jackson,FC Bayern München,42,2,3117112,3117165,1.06,14.673123359680176,-6.1677045822143555,18.196380615234375,-11.169656753540039,6.118240532460703,6.165382862247013,5.719838683017822,-0.957139190449677,True,0.008355681477515309,0.39973640477723715,0.40809208625475246,diagonal,-0.8829209258263738,0.15997756584805575,0.21241076047572358
Union_Bayern,0,9,Harry Kane,FC Bayern München,42,2,3117224,3117404,3.6,13.994667053222656,-9.957405090332031,38.22279739379883,-7.972561836242676,24.30929662790044,7.562137555026513,6.798373357913197,0.08174054983238284,True,0.019525475564969752,0.44262514241058176,0.4621506179755515,forward,-0.3138495915534371,0.24634501651330487,0.15412841463871563
Union_Bayern,0,45,Aleksandar Pavlovi&amp;#263;,FC Bayern München,6,2,3117312,3117471,3.18,16.836252212524414,1.8114571571350098,35.23627471923828,-0.04884761944413185,18.493824972388488,6.45188776975682,5.812618412853441,-0.10076100479692632,True,0.002187924867165625,0.39204049628448107,0.3942284211516467,forward,-0.0842614849384508,0.11318477209378193,0.13813218620477022
Union_Bayern,0,42,Lennart Karl,FC Bayern München,6,2,3117329,3117500,3.42,11.234180450439453,-19.01274299621582,32.58578872680664,-13.246891021728516,22.116424326258777,7.551013402659883,6.640726125300706,0.2637518957644963,True,0.008790233704968176,0.37794505918221605,0.3867352928871842,forward,0.17336964845085232,0.12344033602634022,0.14609749210873765
Union_Bayern,0,20,Tom Bischof,FC Bayern München,6,2,3119899,3120151,5.04,-21.207277297973633,-13.109457015991211,-19.584585189819336,16.9113712310791,30.06465130877059,7.27501249714339,6.340452512712589,1.516796665254616,True,-0.00033400775915892744,0.6156806094259003,0.6153466016667414,sideways,2.4583354341784074,0.6401473014076259,0.022980457122224355
Union_Bayern,0,45,Aleksandar Pavlovi&amp;#263;,FC Bayern München,6,2,3119972,3120221,4.98,-11.696152687072754,-10.168728828430176,-8.651095390319824,22.993877410888672,33.302114445251334,7.905591481292816,6.716863510858323,1.47923107417903,True,0.005752414359843638,0.6031538211956189,0.6089062355554625,sideways,1.5963809866904908,0.3149908042505047,0.04445559680962758
Union_Bayern,0,14,Luis Díaz Marulanda,FC Bayern München,1,2,3120023,3120206,3.66,-0.08313809335231781,8.21229076385498,5.696566581726074,28.409557342529297,21.007964284555452,7.235630663346571,6.069109815855791,1.2920821297330023,True,-0.005667514754592762,0.48064436228574375,0.474976847531151,sideways,1.5676186149779265,0.18812921053235165,0.049913329520092024
Union_Bayern,0,6,Joshua Kimmich,FC Bayern München,2,2,3121066,3121113,0.94,15.81470012664795,-29.187652587890625,20.85140037536621,-30.928390502929688,5.329025978947104,5.9696864166588615,5.597622386185506,-0.3327592647543854,True,0.003205660928585319,0.5667635027085971,0.5699691636371824,forward,-0.35395532501313404,0.33304596842254663,0.1299761007475441
Union_Bayern,1,39,Derrick Köhn,1. FC Union Berlin,21,2,3121650,3121717,1.34,25.51605224609375,-18.792781829833984,17.68834686279297,-21.54958152770996,8.298970788113735,7.049298117756812,6.13141989351849,-2.8029726961565236,False,0.004005545071455563,0.7133141774798472,0.7173197225513027,forward,-2.805035942053952,0.07797756861224805,0.038906750332158915
Union_Bayern,0,42,Lennart Karl,FC Bayern München,17,2,3122740,3122849,2.18,19.212276458740234,-12.252080917358398,31.35776138305664,-14.829338073730469,12.41591955905273,6.442196035087269,5.709930387228409,-0.2090971753442147,True,0.04586853784734324,0.4531446043626698,0.499013142210013,forward,-0.02995680403324004,0.405372273908441,0.17417834061853854
Union_Bayern,0,11,Nicolas Jackson,FC Bayern München,2,2,3125274,3125622,6.96,14.597685813903809,14.845714569091797,38.336585998535156,-19.564895629882812,41.804610705539,8.550402275359797,6.736966988340298,-0.9669003895611163,True,0.012175637683460083,0.42109519544592716,0.43327083312938725,diagonal,-1.0257467827263125,0.09285337256914747,0.22540540968170947
Union_Bayern,0,45,Aleksandar Pavlovi&amp;#263;,FC Bayern München,6,2,3125492,3125669,3.54,6.636861801147461,-1.7284857034683228,27.4938907623291,-0.8006762266159058,20.877655220663716,6.45141441249915,5.910265881525039,0.044454951172981254,True,0.011621152569283144,0.4243449265468464,0.43596607911612956,forward,-0.1184521206944055,0.06201136936875861,0.22452158125467392
Union_Bayern,0,17,Michael Olise,FC Bayern München,11,2,3125620,3125808,3.76,24.90235137939453,-31.250661849975586,32.73221206665039,-9.52795696258545,23.09074762770747,6.713708069648561,6.183972403600569,1.2248460292986,True,0.012146415869128069,0.4787252153056045,0.4908716311747326,diagonal,0.8327265714313481,0.06536367577510784,0.2018954057728891
Union_Bayern,0,45,Aleksandar Pavlovi&amp;#263;,FC Bayern München,17,2,3126448,3126498,1.0,34.41776657104492,2.7818572521209717,39.70855712890625,2.7783238887786865,5.29079173770912,5.558963813469223,5.2945829569189575,-0.0006678326761094652,True,0.00956651187512364,0.31650804093672374,0.3260745528118474,forward,0.1771456586124545,0.39759543430867555,0.13804095689932752
Union_Bayern,1,39,Derrick Köhn,1. FC Union Berlin,1,2,3127016,3127092,1.52,20.062875747680664,-15.14711856842041,11.04848575592041,-16.985885620117188,9.200015825744709,6.5447516187329695,6.019005723266804,-2.9403718614066663,False,0.019827364787710855,0.5361726453198284,0.5560000101075393,forward,-2.820056186971677,0.0878428097005277,0.20957711796232986
Union_Bayern,1,11,Wooyeong Jeong,1. FC Union Berlin,1,2,3127019,3127133,2.28,9.043909072875977,19.261199951171875,-0.739723801612854,26.84046745300293,12.375975439822549,5.699623173468835,5.421921781919752,2.4824772499971175,False,0.03289763934529666,0.5398737389506492,0.5727713782959458,diagonal,2.487513748677058,0.27157877188813007,0.10533293790272316
Union_Bayern,1,21,Tim Skarke,1. FC Union Berlin,18,2,3128676,3128732,1.12,-20.296613693237305,18.72492790222168,-25.783475875854492,21.489852905273438,6.144140858048049,6.075626089562712,5.606074811435256,2.674816084671262,False,0.018668226510715313,0.5027132042685689,0.5213814307792842,forward,2.9555065319262175,0.28931287826674845,0.08508009426704705
Union_Bayern,0,6,Joshua Kimmich,FC Bayern München,20,2,3128973,3129323,7.0,-26.41328239440918,3.3428001403808594,-7.767347812652588,-29.421018600463867,37.69799324778541,6.8495114921134554,6.03606904146908,-1.0534063126961495,True,0.00022560199515408996,0.5973263053119505,0.5975519073071046,sideways,-1.8102922132482895,0.3395128926787688,0.02108108404653192
Union_Bayern,0,45,Aleksandar Pavlovi&amp;#263;,FC Bayern München,1,2,3129001,3129448,8.94,-20.292253494262695,21.02853775024414,23.15724754333496,-11.956913948059082,54.55180257477561,7.598409444493237,6.146037900022487,-0.6493425756800488,True,0.009150811518750745,0.3952693712187373,0.40442018273748803,diagonal,-0.659040393529133,0.07487249306544269,0.18420147116379437
Union_Bayern,0,20,Tom Bischof,FC Bayern München,1,2,3129031,3129329,5.96,-29.595985412597656,29.100557327270508,0.5822095274925232,17.303800582885742,32.401958575497744,5.789512454401381,5.43343942599715,-0.3726399022214362,True,0.002164985254273888,0.6290271933502025,0.6311921786044764,forward,-0.3794064449897551,0.0028902184332041227,0.17774629698575434
Union_Bayern,0,2,Dayotchanculle Upamecano,FC Bayern München,1,2,3129153,3129321,3.36,-32.9587287902832,-7.52040958404541,-15.603923797607422,-11.234062194824219,17.747689203030024,5.621340781497136,5.283328106323564,-0.21080495836079338,True,0.00016210788354309447,0.6678539613396636,0.6680160692232067,forward,-0.3115820686930175,0.06055894958944202,0.13136472511005334
Union_Bayern,0,11,Nicolas Jackson,FC Bayern München,6,2,3129300,3129443,2.86,11.900009155273438,-4.496861934661865,23.147151947021484,-19.04783821105957,18.39100681241402,7.679988730320675,6.580456882840009,-0.912769756505933,True,0.005536675173762773,0.49019143327491554,0.4957281084486783,diagonal,-0.9058034333665588,0.18353942868824766,0.06362553787790758
Union_Bayern,0,9,Harry Kane,FC Bayern München,6,2,3129364,3129446,1.64,15.019390106201172,3.023076295852661,23.704038619995117,0.30714285373687744,9.099418347902589,6.029983391963072,5.527462151728637,-0.3030926416937259,True,0.006831682256194294,0.4453198302460077,0.452151512502202,forward,-0.2846953434757738,0.1113604003846189,0.1903042389832181
Union_Bayern,0,4,Jonathan Tah,FC Bayern München,45,2,3130430,3130556,2.52,3.913790464401245,6.160562038421631,14.739809036254883,14.888285636901855,13.905964092057353,5.8692499990644516,5.517945216043234,0.6784981122766848,True,0.012340604953540613,0.6398672907133816,0.6522078956669222,diagonal,0.8205898457385921,0.4070254225137165,0.1333101751207402
Union_Bayern,0,20,Tom Bischof,FC Bayern München,45,2,3130498,3130603,2.1,20.708280563354492,5.0508904457092285,30.761789321899414,11.881180763244629,12.154254571135052,6.443837837847565,5.803893147729085,0.5967619354166187,True,0.003701647681024489,0.3686032845834611,0.3723049322644856,forward,0.38613386013542966,0.3358924105758145,0.07220989730326204
Union_Bayern,0,6,Joshua Kimmich,FC Bayern München,45,2,3130510,3130588,1.56,21.20473289489746,-9.272652626037598,29.152467727661133,-7.397928714752197,8.165848315727535,5.373008819813986,5.22828854084861,0.23164719855259733,True,0.008837201555201457,0.4755981414113933,0.48443534296659474,forward,0.290422056857668,0.16253675107613408,0.11214682732610318
Union_Bayern,0,17,Michael Olise,FC Bayern München,45,2,3130519,3130689,3.4,19.306047439575195,-25.640756607055664,34.57939529418945,-13.132286071777344,19.74175751598565,6.1911988903246264,5.800838298549014,0.6862036848852293,True,0.00017826158799383318,0.6435716572578103,0.6437499188458041,diagonal,0.6575015676726379,0.013493732691941767,0.062452149436304956
Union_Bayern,0,42,Lennart Karl,FC Bayern München,20,2,3131632,3131738,2.12,39.46577453613281,-11.064004898071289,51.3388786315918,-5.078428745269775,13.29653047763179,7.105382531671604,6.28034768908266,0.46694535438942625,True,0.040211100317993353,0.46984822928774683,0.5100593296057402,forward,0.2841897781523451,0.023439975815980528,0.2659931478714453
Union_Bayern,0,9,Harry Kane,FC Bayern München,20,2,3131655,3131830,3.5,42.20286560058594,-0.5968762040138245,51.16349411010742,13.609528541564941,16.796273368841437,5.710896067769985,5.376295226552023,1.0080759473982703,True,0.0033752839067496265,0.3635597780599566,0.3669350619667062,diagonal,0.7061674492365116,0.35426065625009906,0.05508963202017258
Union_Bayern,1,11,Wooyeong Jeong,1. FC Union Berlin,13,2,3134174,3134243,1.38,-2.2497191429138184,12.887700080871582,-6.534714221954346,18.965490341186523,7.43644520424784,5.674823690294703,5.3863449394007965,2.1848869288988215,False,0.010833275026147948,0.5582072761273986,0.5690405511535466,diagonal,2.2622550599986546,0.20973344926384063,0.29016527344146675
Union_Bayern,1,21,Tim Skarke,1. FC Union Berlin,5,2,3134437,3134559,2.44,-21.62643814086914,-18.62354850769043,-25.743566513061523,-32.19233703613281,14.179660368383338,6.581951993662293,5.834967168878408,-1.8653936164054772,False,0.01084263270134389,0.34663450365373155,0.35747713635507544,diagonal,-2.080078965599786,0.3479979961183741,0.05955114221520424
Union_Bayern,0,20,Tom Bischof,FC Bayern München,2,2,3135039,3135195,3.12,-20.437652587890625,12.469467163085938,-8.584280967712402,24.813276290893555,17.113504683430367,5.802716468782422,5.5110353022976355,0.8056637625555115,True,0.00029936310696943025,0.6092864260800109,0.6095857891869804,diagonal,0.9629967614921304,0.28536211936586275,0.027103193442654275
Union_Bayern,0,45,Aleksandar Pavlovi&amp;#263;,FC Bayern München,2,2,3135060,3135262,4.04,-16.907028198242188,-4.970361709594727,-6.663114070892334,13.755380630493164,21.344582517254306,5.730480299243924,5.3454694594632315,1.070220944391787,True,0.008491221308928654,0.49260742197036334,0.501098643279292,diagonal,0.8858328238196342,0.12512317273307494,0.052632150042158224
Union_Bayern,0,2,Dayotchanculle Upamecano,FC Bayern München,4,2,3135096,3135189,1.86,-22.70081901550293,-23.189918518066406,-16.388601303100586,-15.72568130493164,9.775424779655959,5.463758855188741,5.25314119642641,0.8688264093520099,True,8.632913575501444e-05,0.6367563351930372,0.6368426643287922,diagonal,0.7771926374574083,0.0038848147793453342,0.08718999416423551
Union_Bayern,0,9,Harry Kane,FC Bayern München,2,2,3135638,3135840,4.04,15.543904304504395,2.674947500228882,36.74253463745117,-6.5243048667907715,23.108616836692065,6.211830674700853,5.767245787200538,-0.4094311259791361,True,0.005225623417289493,0.48964379331968805,0.49486941673697754,diagonal,-0.556186318141206,0.1388676786721849,0.1169498488754439
Union_Bayern,0,42,Lennart Karl,FC Bayern München,6,2,3135688,3135756,1.36,16.393827438354492,-17.220638275146484,24.00959014892578,-16.89725112915039,7.622625591613669,5.9523631617649135,5.5782362706499935,0.0424373765739311,True,0.01363743871442824,0.3506160040552508,0.364253442769679,forward,-0.0595686024549814,0.3692281412062554,0.10892266604227731
Union_Bayern,0,11,Nicolas Jackson,FC Bayern München,6,2,3135731,3135876,2.9,24.602794647216797,7.26809024810791,42.71582794189453,3.0041000843048096,18.608159158044455,7.534263259687922,6.40703575151446,-0.23120051973297728,True,0.01295726980546169,0.40577508339098745,0.41873235319644914,forward,-0.2650766438947657,0.050329731022501226,0.17330740561268415
Union_Bayern,1,8,Rani Khedira,1. FC Union Berlin,1,2,3135963,3136016,1.06,19.977771759033203,-9.925971031188965,15.034600257873535,-6.840700149536133,5.826992440620802,5.797294480754868,5.4665536118429605,2.583606206907143,False,0.027525965172777722,0.6581441884571827,0.6856701536299604,diagonal,2.577842850103664,0.23334444574491744,0.12201419991165775
Union_Bayern,1,4,Diogo Monteiro Pinto Leite,1. FC Union Berlin,1,2,3136287,3136351,1.28,31.42955207824707,-16.734037399291992,24.985248565673828,-15.277990341186523,6.606748125786348,5.302401028550481,5.153117682570978,2.919380567525106,False,0.020733967263933617,0.5019042335812918,0.5226382008452254,forward,2.91514692958483,0.18792128293117785,0.1932177940829727
Union_Bayern,0,9,Harry Kane,FC Bayern München,11,2,3136782,3136941,3.18,18.635271072387695,3.245485782623291,26.527360916137695,20.446975708007812,18.92554722471525,6.643891441126705,5.996903511464644,1.1406462411392655,True,0.0014831387533594809,0.3583806301746692,0.3598637689280287,sideways,1.4234677990557887,0.32713011701419625,0.046514899147370746
Union_Bayern,1,21,Tim Skarke,1. FC Union Berlin,1,2,3137423,3137510,1.74,26.105470657348633,-2.304352283477783,15.733138084411621,-2.3687047958374023,10.372532200454097,6.757163564919197,6.080490146022601,-3.135388486279696,False,0.022578568734260007,0.39417343329076404,0.41675200202502405,diagonal,-2.70095320260491,0.09585273301434749,0.2572127648528379
Union_Bayern,1,21,Tim Skarke,1. FC Union Berlin,1,2,3138316,3138396,1.6,-15.037613868713379,11.39842414855957,-23.55425262451172,14.170090675354004,8.956297841883051,6.092694128396688,5.626081509877286,2.826961608367934,False,0.020129133815523503,0.34338891810914407,0.3635180519246676,forward,3.107643612136364,0.4186612038119112,0.09371567109984481
Union_Bayern,0,17,Michael Olise,FC Bayern München,9,2,3138722,3138817,1.9,-6.37766695022583,-15.64867115020752,1.4744905233383179,-22.05099105834961,10.131440035643593,5.606837043445878,5.332894593762224,-0.6840357111388642,True,0.025294703271370178,0.5494634930024469,0.5747581962738171,diagonal,-0.7758172590380166,0.07974018945283105,0.3574440563602103
Union_Bayern,0,45,Aleksandar Pavlovi&amp;#263;,FC Bayern München,1,2,3138944,3139020,1.52,-7.331733226776123,5.259099960327148,-1.7680761814117432,-0.5676809549331665,8.056404629415937,5.5492392615490935,5.305023130039631,-0.8084944729732059,True,0.0021356665751035564,0.5185378080192371,0.5206734745943407,diagonal,-0.8337255551809898,0.1257482679627786,0.08228559641270468
Union_Bayern,0,20,Tom Bischof,FC Bayern München,4,2,3139611,3139736,2.5,20.082719802856445,29.638328552246094,34.9073371887207,32.404640197753906,15.080509300330045,6.880766030865703,6.173963065599893,0.18448085424074082,True,0.004204859421687579,0.5728342194602718,0.5770390788819594,forward,0.33738642018593606,0.3391825888552755,0.05332393918775045
Union_Bayern,0,42,Lennart Karl,FC Bayern München,2,2,3140520,3140787,5.34,25.680295944213867,-21.544090270996094,21.702604293823242,0.5291428565979004,22.42876839174858,6.803747108243046,6.15568129633006,1.7490871519144953,True,0.008022794010785872,0.4736158184112938,0.48163861242207967,sideways,-3.1096027829788992,0.5652283542550078,0.051942002420824626
Union_Bayern,0,42,Lennart Karl,FC Bayern München,9,2,3140901,3140955,1.08,29.741151809692383,5.014190196990967,35.33308410644531,6.680928707122803,5.83504276527816,5.709992297129916,5.387312021438672,0.2896772065629028,True,0.013237925605516287,0.46074556007255685,0.47398348567807314,forward,0.2911184557440218,0.3474172014596425,0.1264601044837579
Union_Bayern,0,17,Michael Olise,FC Bayern München,9,2,3140929,3140988,1.18,27.855262756347656,-19.350996017456055,32.70317840576172,-15.162118911743164,6.4069476001134404,5.718130136810265,5.41044664910021,0.7125986757827315,True,0.001592462244216497,0.625202474978257,0.6267949372224735,diagonal,0.6954528435044898,0.06627376448110406,0.1327871567629471
